symbol,published_at,sentiment_score,sentiment_label,title,return_1h,return_1h_ex_btc,return_4h,return_4h_ex_btc,return_24h,return_24h_ex_btc
BTC,2026-08-29T04:30:00+00:00,0.0,NEUTRO,Bitcoin wallets untouched for 10 years moved $40 million. Most avoided exchanges,-0.021094951622635527,,-0.019214693419389306,,0.5934919112193571,
XRP,2026-08-29T02:30:00+00:00,0.0,NEUTRO,Ripple is preparing XRP Ledger for quantum computers before ‘Q-Day’ arrives,-0.23143125768424477,-0.02027185467273762,-0.15187676285528529,0.11123241097210634,0.788312721486939,0.2284783015643832
SOL,2026-08-28T16:12:45+00:00,0.0,NEUTRO,Solana vote to double disinflation passes by a hair in dramatic finish,-0.4659566375047497,-0.6144876664002874,-1.2362114872575103,-0.7462673490138516,-0.2757702548497498,-0.5826409654924314
ENA,2026-08-28T12:30:57+00:00,0.0,NEUTRO,Ethena looks beyond crypto to squeeze yield from booming equity perpetuals,0.798035604665448,0.9117334215540507,1.718845917740941,3.774459637277505,-4.788213627992633,-2.4748344923604564
BTC,2026-08-28T11:43:19+00:00,0.0,NEUTRO,Bitcoin is outperforming stocks and correlating with gold just when it matters most,-0.22998806720204712,,-1.5991632594941962,,-2.5368784257801757,
USDC,2026-08-28T11:09:27+00:00,0.0,NEUTRO,Circle's USDC takes over Chelsea's jersey in Premier League first sponsorship deal,-0.0010000600036086382,0.22898800719843848,-0.0050003000180098844,1.5941629594761864,0.005000300017998782,2.5418787257981745
BTC,2026-08-28T10:37:35+00:00,0.0,NEUTRO,Bitcoin hits highest level in 3 months before pulling back as altcoins consolidate,0.04806079590136125,,-0.029472428448917842,,-2.42656746502804,
BTC,2026-08-28T09:09:07+00:00,-1.0,NEGATIVO,"Live updates: Bitcoin slides below $78,000 as markets digest Warsh's hawkish remarks",0.354038377154664,,0.05746344304655704,,-2.0623776016681084,
BTC,2026-08-28T06:30:10+00:00,0.0,NEUTRO,Here’s why Warsh’s Jackson Hole speech is a major event for bitcoin and gold,-0.3056284518675678,,-0.4234069769290083,,-3.0503899606791673,
SOL,2026-08-28T06:22:10+00:00,0.0,NEUTRO,Solana’s faster disinflation plan leads vote as $800K burn proposal trails,-1.1065649990701254,-0.8009365472025576,-1.2460479821461812,-0.8226410052171729,-3.6730518876697094,-0.622661926990542
BTC,2026-08-28T05:02:22+00:00,0.0,NEUTRO,Bitcoin is trading at a premium on Coinbase after a long time. Here's what it means,0.2738373114474335,,-0.502986722887333,,-2.576952036744218,
BTC,2026-08-28T04:40:52+00:00,0.0,NEUTRO,"Bitcoin under $80,000, solana leads majors higher before Warsh's Jackson Hole debut",0.052973357251495656,,-0.15949764331967264,,-2.5047772074188734,
SOL,2026-08-28T04:40:52+00:00,0.0,NEUTRO,"Bitcoin under $80,000, solana leads majors higher before Warsh's Jackson Hole debut",0.3839310796891038,0.3309577224376081,-0.7023129506508075,-0.5428153073311348,-2.7343384212004884,-0.22956121378161498
XRP,2026-08-28T04:21:22+00:00,0.0,NEUTRO,An XRP treasury company backed by Ripple is a shareholder vote away from Nasdaq,0.042211903756861346,-0.01076145349463431,-0.09145912480653662,0.06803851851313603,-2.4693963697762666,0.0353808376426068
ENA,2026-08-27T17:32:20+00:00,1.0,POSITIVO,"Ethena surges as buyback vote, VC unlock overhaul boost token outlook",-0.3548196333530429,0.007886827886460779,0.3548196333530429,0.676117614543581,-4.376108811354218,-1.2204867679706521
SOL,2026-08-28T19:53:12+00:00,0.0,NEUTRO,Solana validators approve proposal to accelerate SOL disinflation,0.4351610095735481,0.6577569534008454,0.7155981046320647,0.372932601666931,1.8760274634948226,1.1000932443407496
BTC,2026-08-28T15:31:25+00:00,0.0,NEUTRO,Bitcoin dips to $78.4K as Fed’s Warsh downplays softer inflation prints,-0.6927896993187743,,-0.9588780348247283,,-0.5946167251768331,
BTC,2026-08-28T14:53:40+00:00,0.0,NEUTRO,"Crypto Biz: Bitcoin pumps, Wall Street does the paperwork",-1.5228474258521585,,-2.4998478799493684,,-1.9210750889713801,
BTC,2026-08-28T11:36:43+00:00,0.0,NEUTRO,Capital B raises $24.5M for its Bitcoin treasury amid market uncertainty with BlockStream’s Adam Back chipping in,-0.22998806720204712,,-1.5991632594941962,,-2.5368784257801757,
BTC,2026-08-28T11:22:59+00:00,1.0,POSITIVO,Bitcoin bear market ‘over’ as price metric copies 2023 recovery: CryptoQuant CEO,-0.22998806720204712,,-1.5991632594941962,,-2.5368784257801757,
ENA,2026-08-28T09:27:30+00:00,1.0,POSITIVO,ENA token rises 10% as Ethena puts revenue-funded token buybacks to vote,1.7672151127361424,1.4131767355814784,0.06093845216332827,0.0034750091167712327,-4.448507007921998,-2.38612940625389
ETH,2026-08-28T08:21:16+00:00,0.0,NEUTRO,OneKey reproduces transaction replacement attack on outdated Ledger Ethereum app,0.06149394103815986,0.3527406439353342,0.4445248286810921,0.5649145124685839,-2.166355177749646,0.20143436302400008
BTC,2026-08-27T18:51:02+00:00,0.0,NEUTRO,Grayscale says Zcash can challenge Bitcoin’s network effects as privacy demand grows,-0.3000597998594867,,0.19029156205643272,,-3.2397600070567134,
ZEC,2026-08-27T18:51:02+00:00,0.0,NEUTRO,Grayscale says Zcash can challenge Bitcoin’s network effects as privacy demand grows,-0.00857769554083454,0.2914821043186522,-0.3663901381009027,-0.5566817001573354,-3.2056073621135495,0.034152644943163946
BTC,2026-08-27T17:15:43+00:00,0.0,NEUTRO,Bitcoin eyes $81K as Nvidia earnings beat boosts risk assets,-0.3627064612395037,,-0.3212979811905381,,-3.1556220433835658,
AVAX,2026-08-27T16:13:10+00:00,0.0,NEUTRO,"Charles Schwab adda Solana, Avalanche and Chainlink to nascent crypto platform",0.0,-0.08517679846717918,-0.03985122210413694,0.3060317748849406,-3.04197662061636,0.17490943706397477
LINK,2026-08-27T16:13:10+00:00,0.0,NEUTRO,"Charles Schwab adda Solana, Avalanche and Chainlink to nascent crypto platform",0.22740672113199523,0.14222992266481604,0.277941548050209,0.6238245450392865,-3.5205929419691695,-0.30370688428883463
SOL,2026-08-27T16:13:10+00:00,0.0,NEUTRO,"Charles Schwab adda Solana, Avalanche and Chainlink to nascent crypto platform",-0.6976317238846952,-0.7828085223518744,0.08261428309161989,0.42849728008069743,-3.4697998898476246,-0.2529138321672897
BTC,2026-08-27T16:04:15+00:00,1.0,POSITIVO,Bitcoin’s 23% rally sends beaten-down miners soaring past AI stocks,0.08517679846717918,,-0.34588299698907754,,-3.216886057680335,
XRP,2026-08-27T13:54:22+00:00,0.0,NEUTRO,Ripple Prime expands into US equity derivatives with Delta One business,1.5642380422691948,0.7206904146447313,1.3904338153504003,0.24712439028675703,-1.362625139043372,-1.1081400595513657
BTC,2026-08-27T10:34:12+00:00,0.0,NEUTRO,Bitcoin faces true demand test above $83K as liquidity thickens: Glassnode,-0.18628337477708534,,0.725956345917167,,-0.07549041770276155,
BTC,2026-08-27T09:26:17+00:00,0.0,NEUTRO,Bithumb wins 2 suits over mistaken Bitcoin credits: Report,-0.45007876378365674,,-0.5661615782762031,,-0.8761658290200702,
BTC,2026-08-28T21:16:04+00:00,1.0,POSITIVO,"Bitcoin Rally Stalls, But Long-Term Sentiment Remains Bullish",0.5101726901401094,,0.5559562587249989,,1.0310092549506322,
XRP,2026-08-28T19:46:03+00:00,0.0,NEUTRO,XRP Treasury Company Gets One Step Closer to Listing on Nasdaq,0.13783097569821656,0.36042691952551387,0.384475879579238,0.04181037661410425,1.40007254261878,0.6241383234647069
SOL,2026-08-28T17:44:09+00:00,0.0,NEUTRO,Solana Will Now Print Less SOL as Disinflation Vote Passes in Dramatic Fashion,-1.4808445590904773,-1.031573661575591,-1.175121811407287,-0.48196099809859616,0.19107671730200781,-0.06051498530632582
BTC,2026-08-28T16:39:02+00:00,0.0,NEUTRO,Charles Schwab Expands Crypto Trading Beyond Bitcoin and Ethereum,0.1485310288955377,,-0.4899441382436587,,0.30687071064268157,
ETH,2026-08-28T16:39:02+00:00,0.0,NEUTRO,Charles Schwab Expands Crypto Trading Beyond Bitcoin and Ethereum,0.06141776775074881,-0.0871132611447889,-0.6010752203874148,-0.11113108214375611,0.35581360116938576,0.0489428905267042
BTC,2026-08-28T16:08:02+00:00,0.0,NEUTRO,What Is Strategy (MSTR)? The Bitcoin Treasury Company,0.1485310288955377,,-0.4899441382436587,,0.30687071064268157,
BTC,2026-08-28T16:04:37+00:00,-1.0,NEGATIVO,Bitcoin Miner IREN Shares Fall as AI Conversion Costs Mount,0.1485310288955377,,-0.4899441382436587,,0.30687071064268157,
BTC,2026-08-28T15:14:11+00:00,0.0,NEUTRO,Bitcoin Traders Watch Fed Chair Warsh for Clues—And Get Nothing,-0.6927896993187743,,-0.9588780348247283,,-0.5946167251768331,
BTC,2026-08-28T14:17:21+00:00,0.0,NEUTRO,"Ethereum ETFs Take $226M in a Day, Almost Matching Bitcoin's Haul",-1.5228474258521585,,-2.4998478799493684,,-1.9210750889713801,
ETH,2026-08-28T14:17:21+00:00,0.0,NEUTRO,"Ethereum ETFs Take $226M in a Day, Almost Matching Bitcoin's Haul",-1.635893354556317,-0.11304592870415853,-3.3553521687226473,-0.8555042887732789,-2.5634699562276153,-0.6423948672562352
SOL,2026-08-28T12:13:35+00:00,0.0,NEUTRO,Morning Minute: Solana Jumps with Network Inflation Set to Drop,0.2764801220326074,0.3901779389212101,0.2574125274096728,2.313026246946237,-1.2107922585565811,1.1025868770755953
BTC,2026-08-28T11:34:20+00:00,0.0,NEUTRO,UK Police Seize $1.4M in Bitcoin Traced to Shuttered Darknet Markets,-0.22998806720204712,,-1.5991632594941962,,-2.5368784257801757,
BTC,2026-08-27T22:36:04+00:00,0.0,NEUTRO,"Bitcoin Completes First Experimental Quantum-Safe Transaction, Starkware Says",-0.06678437885608846,,-0.46959517558514685,,-3.1686404565894777,
BTC,2026-08-27T21:36:05+00:00,0.0,NEUTRO,Bitcoin Privacy Wallet Sparrow Issues Update After AI Flags Fixes,0.14867055771725646,,0.39456749476205477,,-3.516911104459741,
BTC,2026-08-27T19:47:21+00:00,0.0,NEUTRO,$6.4 Billion in Bitcoin Options Expire Tomorrow—Here's What It Means,0.23252353673541837,,0.42471429488528667,,-2.915973544800732,
ETH,2026-08-27T18:16:03+00:00,-1.0,NEGATIVO,"No, Ledger Wasn’t Hacked: Vulnerable Ethereum App Was Patched Before Exploit, Company Says",-0.3382947233203981,-0.038234923460911396,0.3374968584068938,0.1472052963504611,-3.1120720950735925,0.1276879119831209
BTC,2026-08-27T17:36:04+00:00,0.0,NEUTRO,Bitcoin Eyes Major Resistance as Jackson Hole Kicks Off With Unusual Fed Agenda,-0.3627064612395037,,-0.3212979811905381,,-3.1556220433835658,
BTC,2026-08-27T16:17:28+00:00,0.0,NEUTRO,Bitcoin Could Overtake Gold in the Next Bull Run: Binance Founder CZ,0.08517679846717918,,-0.34588299698907754,,-3.216886057680335,
BTC,2026-08-27T15:45:28+00:00,0.0,NEUTRO,"AI Finds Critical Flaw in Bitcoin Lightning, Devs Issue Emergency Warning",0.0892626763460802,,-0.48831714949207905,,-2.454711146577093,
SOL,2026-08-27T15:12:18+00:00,0.0,NEUTRO,Solana Is Having Its Best Month Since 2024—With a Historic Governance Vote on Deck,1.6231343283582111,1.533871652012131,2.0429104477611926,2.5312275972532716,-1.8283582089552275,0.6263529376218657
BTC,2026-08-27T10:39:10+00:00,0.0,NEUTRO,Bitcoin ETFs Draw $2.8B in Eight-Day Streak as BTC Tests $80K,-0.18628337477708534,,0.725956345917167,,-0.07549041770276155,
BTC,2026-08-26T20:22:17+00:00,0.0,NEUTRO,What Traders Are Watching for Bitcoin's Next Move,0.3466703988831865,,0.30333181903237083,,2.0954968156341236,
BTC,2026-08-26T19:56:03+00:00,0.0,NEUTRO,"Galaxy Opens Retail Crypto-Backed Credit Lines on Bitcoin, Ethereum and Solana",-0.029881941482634566,,0.6986385175804521,,1.8282141341200875,
ETH,2026-08-26T19:56:03+00:00,0.0,NEUTRO,"Galaxy Opens Retail Crypto-Backed Credit Lines on Bitcoin, Ethereum and Solana",0.059899870082036344,0.08978181156467091,1.456619138008497,0.7579806204280448,1.1097665119253364,-0.7184476221947511
SOL,2026-08-26T19:56:03+00:00,0.0,NEUTRO,"Galaxy Opens Retail Crypto-Backed Credit Lines on Bitcoin, Ethereum and Solana",0.13429752066116407,0.16417946214379864,5.44421487603306,4.745576358452608,13.006198347107434,11.177984212987347
SOL,2026-08-29T03:30:06+00:00,1.0,POSITIVO,Kraken and Galaxy flipped late as Solana approved a major supply cut,0.0,-0.18287340384122164,-0.12515644555695093,-0.27848419575089434,1.1552902666794873,0.33277281442314344
BTC,2026-08-28T23:20:40+00:00,0.0,NEUTRO,Capital B’s €21 million Bitcoin raise comes with heavy warrant dilution risk,-0.14418234390596307,,-0.4350905192529786,,0.4934494276960466,
BTC,2026-08-28T21:30:27+00:00,0.0,NEUTRO,Ethena is targeting the $120 trillion Wall Street stock market to hunt yields 5x higher than Bitcoin,0.5101726901401094,,0.5559562587249989,,1.0310092549506322,
ENA,2026-08-28T21:30:27+00:00,0.0,NEUTRO,Ethena is targeting the $120 trillion Wall Street stock market to hunt yields 5x higher than Bitcoin,1.76322418136019,1.2530514912200807,0.8816120906801173,0.3256558319551184,-2.329974811083124,-3.3609840660337564
BTC,2026-08-28T19:05:30+00:00,0.0,NEUTRO,"After selling all its Bitcoin to pay off debt, AI firm tries to rebuild $827 million treasury from scratch",-0.2225959438272973,,0.34266550296513376,,0.775934219154073,
XRP,2026-08-28T17:45:49+00:00,0.0,NEUTRO,Ripple moves to shrink XRP Ledger attack surface as AI audit tests lending push,-1.037165082108904,-0.5878941845940178,-1.1596081820800963,-0.46644736877140547,0.28810141169692827,0.03650970908859463
BTC,2026-08-28T16:55:35+00:00,0.0,NEUTRO,BlackRock’s Bitcoin ETF regains key weekly options expiries after rule overhaul,0.1485310288955377,,-0.4899441382436587,,0.30687071064268157,
USDC,2026-08-28T15:45:12+00:00,0.0,NEUTRO,USDC gets promoted to the Premier League with Chelsea main shirt sponsor deal,0.017001870205723968,0.7097915695244983,0.02400264029043253,0.9828806751151609,0.012001320145227368,0.6066180453220604
BTC,2026-08-28T14:55:10+00:00,0.0,NEUTRO,BlackRock just pulled in 115% of all Bitcoin ETF inflows in a single day as rival funds bleed cash,-1.5228474258521585,,-2.4998478799493684,,-1.9210750889713801,
BTC,2026-08-28T22:06:02+00:00,1.0,POSITIVO,Bitcoin Cools Off After $3 Billion ETF-Driven Surge,0.1121160863178039,,-0.11254047618344254,,0.6039839405730607,
BTC,2026-08-28T20:45:06+00:00,0.0,NEUTRO,Debasement Trade Is Here Thanks to Government Debt — And Bitcoin Will Benefit: Grayscale,-0.05598952244063593,,0.42152333357534655,,0.9334773679085195,
BTC,2026-08-28T20:39:49+00:00,0.0,NEUTRO,"Bitcoin’s Moment Has Come for the Far East, Says Metaplanet CEO",-0.05598952244063593,,0.42152333357534655,,0.9334773679085195,
BTC,2026-08-28T18:10:42+00:00,0.0,NEUTRO,Capital B Raises €21M From Adam Back and TOBAM To Buy More BTC,0.03356371044691553,,0.2639322278670475,,0.778825076720735,
BTC,2026-08-28T15:49:18+00:00,-1.0,NEGATIVO,Bitcoin Drops Before Shrugging Off Fed Chair’s Inflation Comments,-0.6927896993187743,,-0.9588780348247283,,-0.5946167251768331,
BTC,2026-08-28T09:22:08+00:00,0.0,NEUTRO,"Pakistan Built Its Crypto Regulatory Regime Using Just 8% of Its Budget, Minister Bilal Bin Saqib Reveals at Bitcoin Asia",0.354038377154664,,0.05746344304655704,,-2.0623776016681084,
BTC,2026-08-27T20:17:43+00:00,0.0,NEUTRO,Genius Group Sets $2B Dual Treasury Target Months After Liquidating Bitcoin Holdings,0.10986815821014684,,0.5992808629644353,,-3.3567968437874574,
BTC,2026-08-27T19:45:32+00:00,0.0,NEUTRO,Japanese Bitcoin Industry Unveils ‘Aurora’ to Let Global Anime Fans Support $2 Trillion Yen Space,0.23252353673541837,,0.42471429488528667,,-2.915973544800732,
BTC,2026-08-27T19:38:38+00:00,0.0,NEUTRO,"Bitcoin Again Flirts With $81,000 Ahead of Fed’s Jackson Hole Meeting",0.23252353673541837,,0.42471429488528667,,-2.915973544800732,
BTC,2026-08-27T18:48:16+00:00,0.0,NEUTRO,No Fork Required: Bitcoin’s First Quantum-Safe Transaction Just Happened,-0.3000597998594867,,0.19029156205643272,,-3.2397600070567134,
BTC,2026-08-24T22:00:00+00:00,0.0,NEUTRO,Strategy Raises $2B As Bitcoin Holdings Stay Flat For The Week,0.32099314198628104,,2.425234950469912,,0.189878079756145,
BTC,2026-08-24T20:30:00+00:00,1.0,POSITIVO,Bitcoin And Ethereum ETFs Add $492M As Inflow Streak Continues,0.06575252497929007,,1.0232309118456406,,-0.9200285865120117,
ETH,2026-08-24T20:30:00+00:00,1.0,POSITIVO,Bitcoin And Ethereum ETFs Add $492M As Inflow Streak Continues,0.3393720001939382,0.27361947521464813,0.7454063575688119,-0.27782455427682873,-1.564343315179617,-0.6443147286676054
DOGE,2026-08-24T19:45:00+00:00,-1.0,NEGATIVO,CleanCore Dumps Dogecoin Treasury To Fund $100M AI Pivot,0.4266786436110559,0.20532970128137595,1.178980462609469,0.880915504129054,-1.1003817651021763,-1.3136299430650422
TRX,2026-08-24T19:00:00+00:00,0.0,NEUTRO,Tron Inc. Expands TRX Treasury To $245M In Nasdaq Corporate Crypto Bet,-0.02908667830133771,-0.25043562063101765,0.3199534613147259,0.021888502834310763,-1.5415939499709097,-1.7548421279337756
ZEC,2026-08-24T18:15:00+00:00,0.0,NEUTRO,Grayscale Zcash ETF Filing Puts Privacy Coin Back In Regulatory Spotlight,0.36431226765800684,0.5801409274488245,2.1536555142503078,2.392289667884595,-1.2639405204461052,-1.5168914563265523
BTC,2026-08-24T17:30:00+00:00,0.0,NEUTRO,Bitcoin Traders Watch Jackson Hole As Kevin Warsh Prepares First Fed Keynote,0.2123001266868485,,0.2832488204208339,,0.6080028806083826,
XRP,2026-08-29T04:00:13+00:00,0.0,NEUTRO,What Would XRP Be Worth at a $500 Billion Market Cap? The Answer May Surprise You,0.2019764841664884,0.22307143578912392,-0.2308302676188534,-0.21161557419946408,0.4544470893745878,-0.1390448218447693
BTC,2026-08-28T20:06:53+00:00,0.0,NEUTRO,1.4M ETH Gone From Exchanges Since June as BTC Moves in Reverse,-0.05598952244063593,,0.42152333357534655,,0.9334773679085195,
ETH,2026-08-28T20:06:53+00:00,0.0,NEUTRO,1.4M ETH Gone From Exchanges Since June as BTC Moves in Reverse,-0.11163242860261491,-0.05564290616197898,0.6121246823006965,0.19060134872534995,1.0384699354509142,0.10499256754239461
XRP,2026-08-28T18:49:53+00:00,0.0,NEUTRO,"Crazy Ripple Prediction: Is XRP Preparing for a 1,000% Explosion?",0.3275109170305601,0.2939472065836446,0.6550218340611202,0.39108960619407274,1.4701601164483158,0.6913350397275808
BTC,2026-08-28T17:53:59+00:00,0.0,NEUTRO,These Four Signals Could Confirm if Bitcoin’s Low Is Locked In: Analyst,-0.44927089751488625,,-0.6931608133086908,,0.25159170260833363,
BTC,2026-08-28T17:27:51+00:00,-1.0,NEGATIVO,Bitcoin Suddenly Dumped by $3K as Liquidations Hit $200M Hourly: Is the Fed to Blame?,-0.44927089751488625,,-0.6931608133086908,,0.25159170260833363,
ADA,2026-08-28T16:10:27+00:00,0.0,NEUTRO,‘Game On’ for Cardano (ADA) Once It Crosses This Key Level: Analyst,-0.09842519685038242,-0.24695622574592013,-0.7381889763779514,-0.24824483813429277,-1.2795275590551158,-1.5863982696977974
BTC,2026-08-28T15:26:20+00:00,0.0,NEUTRO,Bitcoin Price Analysis: BTC Fails at $81K Again – Is a Bigger Pullback Coming?,-0.6927896993187743,,-0.9588780348247283,,-0.5946167251768331,
BTC,2026-08-28T14:48:12+00:00,0.0,NEUTRO,"BTC Hits 15-Week High, Ripple Expands Wall Street Push, SOL Reclaims $100: Weekly Crypto Recap",-1.5228474258521585,,-2.4998478799493684,,-1.9210750889713801,
SOL,2026-08-28T14:48:12+00:00,0.0,NEUTRO,"BTC Hits 15-Week High, Ripple Expands Wall Street Push, SOL Reclaims $100: Weekly Crypto Recap",-1.0064904524503926,0.5163569734017659,-3.0006584516978574,-0.500810571748489,-0.8748001128774385,1.0462749760939416
XRP,2026-08-28T14:48:12+00:00,0.0,NEUTRO,"BTC Hits 15-Week High, Ripple Expands Wall Street Push, SOL Reclaims $100: Weekly Crypto Recap",-1.956126868799779,-0.43327944294762055,-4.010060081039535,-1.5102122010901669,-2.1447533882911762,-0.2236782993197961
BTC,2026-08-28T14:09:08+00:00,1.0,POSITIVO,Ripple Price Analysis: XRP Looks Bullish Against USD but the BTC Pair Tells a Different Story,-1.5228474258521585,,-2.4998478799493684,,-1.9210750889713801,
XRP,2026-08-28T14:09:08+00:00,1.0,POSITIVO,Ripple Price Analysis: XRP Looks Bullish Against USD but the BTC Pair Tells a Different Story,-1.956126868799779,-0.43327944294762055,-4.010060081039535,-1.5102122010901669,-2.1447533882911762,-0.2236782993197961
USDC,2026-08-28T13:23:02+00:00,1.0,POSITIVO,Circle Puts USDC on the Front of Chelsea’s Shirts in Principal Partnership,-0.010000800064002835,-0.2768456237924988,0.013001040083215898,1.8114839738762267,0.006000480038403921,2.056189089121252
ETH,2026-08-28T11:27:45+00:00,1.0,POSITIVO,"Solana’s (SOL) Strong Rally, The Latest Ethereum (ETH) Forecasts, and More: Bits Recap August 28",-0.2391122110893651,-0.00912414388731797,-1.3256955810147297,0.2734676784794665,-2.7635623328410075,-0.22668390706083175
SOL,2026-08-28T11:27:45+00:00,1.0,POSITIVO,"Solana’s (SOL) Strong Rally, The Latest Ethereum (ETH) Forecasts, and More: Bits Recap August 28",-0.8975812547241113,-0.6675931875220642,-0.5668934240362855,1.0322698354579107,-2.2108843537415046,0.32599407203867115
BTC,2026-08-28T11:05:25+00:00,1.0,POSITIVO,Bitcoin Rally Faces a Massive $6.36B Options Expiry Test Today,-0.22998806720204712,,-1.5991632594941962,,-2.5368784257801757,
ADA,2026-08-28T09:03:40+00:00,0.0,NEUTRO,"Crypto Price Analysis August-28: ETH, XRP, ADA, BNB, and HYPE",0.6253006253006177,0.2712622481459537,-0.09620009620009418,-0.15366353924665122,-3.799903799903792,-1.7375261982356838
BNB,2026-08-28T09:03:40+00:00,0.0,NEUTRO,"Crypto Price Analysis August-28: ETH, XRP, ADA, BNB, and HYPE",0.3449891392308002,-0.009049237923863807,0.053948918892055,-0.003514524154502041,-2.2332013004528917,-0.17082369878478332
ETH,2026-08-28T09:03:40+00:00,0.0,NEUTRO,"Crypto Price Analysis August-28: ETH, XRP, ADA, BNB, and HYPE",0.6820427541994967,0.32800437704483265,0.786879714650679,0.7294162716041219,-2.1746639995501194,-0.112286397882011
XRP,2026-08-28T09:03:40+00:00,0.0,NEUTRO,"Crypto Price Analysis August-28: ETH, XRP, ADA, BNB, and HYPE",0.7941009642654429,0.44006258711077884,0.5955757231990821,0.5381122801525251,-1.8788996029495353,0.18347799871857307
BTC,2026-08-28T08:55:41+00:00,0.0,NEUTRO,"Why $80,000 Could Be Bitcoin’s (BTC) Most Important Level Right Now",-0.29124670289717436,,-0.12038968378749182,,-2.367789540773646,
XRP,2026-08-28T07:16:12+00:00,0.0,NEUTRO,XRP Treasury Giant Evernorth Moves Closer to Nasdaq Debut After SEC Milestone,-0.021120811039154752,0.15866829265153148,-0.06336243311744205,0.0067731430813955384,-2.6471416502393708,-0.09380245867521841
BTC,2026-08-28T03:51:03+00:00,1.0,POSITIVO,Bitcoin Rally Could Lose Steam as Short Covering Fades: QCP,-0.20884472705280377,,-0.1885591731112135,,-2.8859865413681907,
BTC,2026-08-27T22:19:13+00:00,-1.0,NEGATIVO,"Bithumb Wins Lawsuit After Mistakenly Crediting Users With 620,000 BTC: Report",-0.06678437885608846,,-0.46959517558514685,,-3.1686404565894777,
SOL,2026-08-27T19:02:04+00:00,1.0,POSITIVO,Solana (SOL) Reclaims $100: Is It Time for a Parabolic Rally?,-0.32909772374074553,-0.5616212604761639,-0.22854008593107267,-0.6532543808163593,-5.466678855471252,-2.55070531067052
SHIB,2026-08-27T16:02:46+00:00,0.0,NEUTRO,Can Shiba Inu (SHIB) Erase a Zero in Q3: 3 AIs Give Their Take,-0.1828153564899404,-0.2679921549571196,-0.5484460694698434,-0.20256307248076588,-5.484460694698368,-2.2675746370180327
ETH,2026-08-27T14:48:34+00:00,1.0,POSITIVO,"Ethereum Price Analysis: After a 35% Rally, Is ETH Ready for Another Leg Higher?",0.16842506673444557,0.04590008202356444,-0.42702110080081734,-0.36049079466290435,-0.17636964535401312,0.6485388224852007
XRP,2026-08-27T13:41:07+00:00,0.0,NEUTRO,Ripple (XRP) Makes Major Wall Street Push With New Institutional Trading Business,1.5642380422691948,0.7206904146447313,1.3904338153504003,0.24712439028675703,-1.362625139043372,-1.1081400595513657
ETH,2026-08-27T13:26:44+00:00,1.0,POSITIVO,"Top Ethereum Price Predictions as ETH Rises Above $2,500",0.8315042376275672,-0.012043389996896359,0.8567377477290083,-0.28657167733463496,0.5002643510582105,0.7547494305502167
SUI,2026-08-27T13:25:39+00:00,0.0,NEUTRO,The Agentic Economy Takes Center Stage at Sui Basecamp 2026 in Singapore,0.9039256198347223,0.060377992210258746,1.0201446280991844,-0.12316479696445892,-2.1048553719008267,-1.8503702924088206
BTC,2026-08-27T12:50:13+00:00,0.0,NEUTRO,Bitcoin’s RSI Has Done This Only Near Major Bull Runs: Analyst,0.3163883595218131,,1.3769654289840894,,0.17499490113241922,
NEAR,2026-08-27T12:50:13+00:00,0.0,NEUTRO,Bitcoin’s RSI Has Done This Only Near Major Bull Runs: Analyst,1.1591148577450028,0.8427264982231897,1.3171759747102385,-0.05978945427385085,-1.738672286617493,-1.9136671877499123
BTC,2026-08-27T10:35:03+00:00,0.0,NEUTRO,Bitcoin Isn’t Out of Danger Yet: BTC Must Clear These Crucial Levels,-0.18628337477708534,,0.725956345917167,,-0.07549041770276155,
BTC,2026-08-27T09:31:28+00:00,1.0,POSITIVO,"Solana (SOL) Rockets to 7-Month High, Bitcoin (BTC) Taps $80K Again: Market Watch",-0.45007876378365674,,-0.5661615782762031,,-0.8761658290200702,
SOL,2026-08-27T09:31:28+00:00,1.0,POSITIVO,"Solana (SOL) Rockets to 7-Month High, Bitcoin (BTC) Taps $80K Again: Market Watch",-0.287356321839094,0.16272244194456276,1.5900383141762342,2.1561998924524373,1.4655172413793105,2.3416830703993807
BTC,2026-08-27T08:15:09+00:00,0.0,NEUTRO,First Quantum-Resistant Bitcoin Transaction Confirmed on Mainnet Without Protocol Change,0.2883921320517624,,-0.5939115043271492,,-0.2999273158041271,
XRP,2026-08-27T06:26:24+00:00,0.0,NEUTRO,"2 Major Ripple (XRP) Updates: Mastercard Gets Involved, ETF Changes Announced",0.4410300184948035,0.10521622894124061,1.2661829563238136,0.24038271833095592,1.4084507042253502,0.029670436038675696
SOL,2026-08-28T15:48:52+00:00,0.0,NEUTRO,Bitwise fund is first Solana ETF to hit $1 billion AUM,-0.07601672367920642,0.6167729756395679,-1.7388825541619135,-0.7800045193371852,-0.19954389965791686,0.3950728255189162
USDC,2026-08-28T11:00:00+00:00,0.0,NEUTRO,Circle strikes Chelsea front-of-shirt sponsorship deal featuring USDC,-0.0010000600036086382,0.22898800719843848,-0.0050003000180098844,1.5941629594761864,0.005000300017998782,2.5418787257981745
XRP,2026-08-28T02:30:34+00:00,0.0,NEUTRO,"XRP treasury firm Evernorth says SEC registration now effective, clearing way for Nasdaq listing",-0.13957708144323178,0.005081528865713558,-0.5094563472677893,-0.4820560396586848,-3.503384744225002,-0.6821164502970101
ENA,2026-08-27T17:35:33+00:00,0.0,NEUTRO,Ethena Foundation proposes fee switch for ENA token buybacks among other updates,-0.3548196333530429,0.007886827886460779,0.3548196333530429,0.676117614543581,-4.376108811354218,-1.2204867679706521
SOL,2026-08-27T15:32:13+00:00,0.0,NEUTRO,"DeFi Development Corp resumes Solana purchases, acquiring nearly 20,000 SOL",1.6231343283582111,1.533871652012131,2.0429104477611926,2.5312275972532716,-1.8283582089552275,0.6263529376218657
AVAX,2026-08-27T14:20:05+00:00,0.0,NEUTRO,"Charles Schwab to add Solana, Avalanche and Chainlink to crypto trading platform",0.14649087761351431,0.02396589290263318,0.07990411506191286,0.14643442119982586,-0.9588493807431098,-0.13394091290389598
LINK,2026-08-27T14:20:05+00:00,0.0,NEUTRO,"Charles Schwab to add Solana, Avalanche and Chainlink to crypto trading platform",0.7940530495016196,0.6715280647907385,0.29565805034634796,0.36218835648426095,0.008447372867048664,0.8333558407062625
SOL,2026-08-27T14:20:05+00:00,0.0,NEUTRO,"Charles Schwab to add Solana, Avalanche and Chainlink to crypto trading platform",0.3745318352059934,0.2520068504951123,1.4887640449438244,1.5552943510817374,-0.45880149812733695,0.36610696971187684
BTC,2026-08-29T05:37:16+00:00,-1.0,NEGATIVO,Why Bitcoin Crashed After Warsh’s Jackson Hole Speech – and What Happens Next,-0.21345433415604909,,0.022542096721567262,,0.6378511688334809,
BTC,2026-08-29T06:47:12+00:00,1.0,POSITIVO,Bitcoin ETFs end 9-day inflow streak as BTC dips below $78K,0.20549442974422405,,0.21731884695923576,,1.0501528267198745,
BTC,2026-08-29T06:49:34+00:00,0.0,NEUTRO,"BTC Recovers From Sub-$77K Dip, XRP Drops Below $1.40: Weekend Watch",0.20549442974422405,,0.21731884695923576,,1.0501528267198745,
XRP,2026-08-29T06:49:34+00:00,0.0,NEUTRO,"BTC Recovers From Sub-$77K Dip, XRP Drops Below $1.40: Weekend Watch",0.159351006808639,-0.04614342293558504,0.34043169636388537,0.12311284940464962,1.513834564682015,0.4636817379621405
BTC,2026-08-29T08:46:10+00:00,0.0,NEUTRO,Changpeng Zhao Believes Bitcoin at $1M Is Coming ‘Much Quicker’ Than 25 Years,0.020661053231951776,,-0.0647268032983983,,0.5667878206440102,
XLM,2026-01-22T18:29:30+00:00,0.0,NEUTRO,From Stellar to Canton: How Franklin Templeton Adopted Tokenization,0.32987747408106394,-0.1670893002490459,-0.32987747408106394,-0.34448558383195493,1.743638077285592,0.40427030732046454
SOL,2026-01-22T16:14:50+00:00,1.0,POSITIVO,Crypto rebounds after Trump TACO’s on Tariffs! BitGo $2.1B IPO! Solana’s SKR token soars 250% FDV!,0.6254886630179701,0.06857974724254756,0.4612978889757757,0.06192249834227059,0.4378420641125924,-0.7645624079575253
BTC,2026-01-21T16:17:26+00:00,0.0,NEUTRO,Trump’s speech at Davos gives small boost to Crypto! Saylor buys $2.13B BTC! Blondish Interview!,0.37667917773942516,,2.9812082773987836,,1.657100718701776,
BTC,2026-01-15T16:49:34+00:00,0.0,NEUTRO,"Massive Coinbase News! Bitcoin Rips to $96,750! Football.Fun TGE Interview with Founder!",-0.10560427279683315,,-1.5276646291120244,,-1.9288698988644715,
SOL,2026-01-14T16:38:32+00:00,1.0,POSITIVO,Are we back? Crypto is Green! Solana Intern goes rogue! Pump up 13%! Monero hits another ATH!,-0.7478923035083129,-0.40134201902811695,0.29915692140332073,-0.07295526234141203,-2.406853413108523,-1.8366904706471399
ZEC,2026-01-14T16:01:53+00:00,0.0,NEUTRO,Pump & Memes HEATING up! XMR vs ZEC! How important are these rate cuts? - Under Exposed,4.222635038582467,4.569185323062664,5.206249404591801,4.834137220847068,-0.12622654091644092,0.44393640154494207
BTC,2026-01-09T17:17:12+00:00,1.0,POSITIVO,ZEC Rebounds 11%! Trump says he won’t pardon Sam Bankman-Fried! Florida revisits it’s Strategic Bitcoin Reserve!,-0.6583956659118928,,-0.9628511577545185,,-0.9595806184119482,
ZEC,2026-01-09T17:17:12+00:00,1.0,POSITIVO,ZEC Rebounds 11%! Trump says he won’t pardon Sam Bankman-Fried! Florida revisits it’s Strategic Bitcoin Reserve!,0.6207368594963292,1.279132525408222,-1.6143878779296128,-0.6515367201750943,-13.354103235856396,-12.394522617444448
BTC,2026-01-08T17:04:56+00:00,-1.0,NEGATIVO,The ZCash situation explained! Interview with ZEC bull Mert! BTC below $90K! ZEC falls 19%!,-0.272572879370625,,-0.10225860953901877,,0.06111656594947057,
ZEC,2026-01-08T17:04:56+00:00,-1.0,NEGATIVO,The ZCash situation explained! Interview with ZEC bull Mert! BTC below $90K! ZEC falls 19%!,1.7496130212486527,2.0221859006192777,-0.08912237909846077,0.013136230440558005,-0.630892630986446,-0.6920091969359166
BTC,2026-01-07T16:14:54+00:00,0.0,NEUTRO,"First 2026 Dip! BTC at 92K! Morgan Stanley file for BTC, ETH & SOL ETFs! Hyperliquid Airdrop Speculation!",-0.013586876129534353,,-0.2378251180578883,,-0.3700232313667451,
ETH,2026-01-07T16:14:54+00:00,0.0,NEUTRO,"First 2026 Dip! BTC at 92K! Morgan Stanley file for BTC, ETH & SOL ETFs! Hyperliquid Airdrop Speculation!",-0.1662807896595564,-0.15269391353002204,-0.5742229936243182,-0.33639787556642986,-1.1085385977303464,-0.7385153663636013
SOL,2026-01-07T16:14:54+00:00,0.0,NEUTRO,"First 2026 Dip! BTC at 92K! Morgan Stanley file for BTC, ETH & SOL ETFs! Hyperliquid Airdrop Speculation!",-0.07369196757552876,-0.06010509144599441,0.06632277081797255,0.30414788887586086,1.8349299926308182,2.2049532239975633
XRP,2026-01-06T16:13:32+00:00,0.0,NEUTRO,Global Crypto MCap up to $3.22 Trillion! XRP up 12%! Japan Endorse Crypto! Fear & Greed back to Neutral!,-3.18594153994477,-1.9958968846809921,-1.0736666812743656,-0.8719239694725656,-3.505850387834686,-1.965507023896862
PEPE,2026-01-05T16:28:36+00:00,1.0,POSITIVO,Crypto is Green! Up 6-9%! Memes outperform! Pepe up 67%! Infinex Founder Interview!,0.7288629737609353,0.07088924852700629,0.0,-0.5087228769800722,-5.976676384839652,-4.899861130068938
ETH,2025-12-30T16:29:12+00:00,0.0,NEUTRO,2026 Crypto Predictions! Tom Lee still buying ETH! Rekt tease WorldStar collab!,-0.1991444165806211,0.21924525701819686,-0.8019418256916433,0.09444810550603977,-0.2256299534659223,0.9977392435028931
BTC,2025-12-29T16:10:19+00:00,0.0,NEUTRO,The White Whale up 10x in a week! Lighter TGE! Saylor buys $109M BTC!,0.2543505086496589,,-0.47371184556925794,,1.2730306865078589,
SOL,2026-08-29T11:09:22+00:00,0.0,NEUTRO,3 Major Solana (SOL) Developments You Should Know About,0.1159420289855051,0.11714071939689097,1.4782608695652177,1.1164754807764243,1.5652173913043521,0.8159327710307807
BTC,2026-08-29T12:40:28+00:00,1.0,POSITIVO,"Bitcoin’s failed $81,000 breakout just put $75,000 back on the table",0.1554191638608815,,0.571550172755253,,1.5484172327861367,
ETH,2026-08-29T13:16:52+00:00,-1.0,NEGATIVO,Where Will ETH Find Support After the $2.5K Rejection? (Ethereum Price Analysis),0.5316899529074437,0.1326773883550736,0.6203733736240613,0.11116101580406212,1.6406432832573037,0.15336432630872476
BTC,2026-08-29T13:30:22+00:00,0.0,NEUTRO,Bitcoin miners are no longer pure crypto proxies and are morphing into high-performance computing hubs,0.3990125645523701,,0.5092123578199992,,1.487278956948579,
BTC,2026-08-29T14:23:28+00:00,1.0,POSITIVO,US Secures 65 Billion Barrels of Venezuelan Oil: Could This Be Bullish for Bitcoin?,-0.19100327285856977,,0.18411992559832502,,0.9861516538555826,
XRP,2026-08-29T14:30:29+00:00,0.0,NEUTRO,Evernorth’s XRP strategy hinges on one number after Nasdaq vote,-0.5354465624330729,-0.3444432895745031,-0.4640536874419898,-0.6481736130403148,0.21417862497321583,-0.7719730288823667
XRP,2026-08-29T14:58:30+00:00,1.0,POSITIVO,XRP’s 70% Rally Is Fading: Here’s the Level That Could Decide What Happens Next,-0.5354465624330729,-0.3444432895745031,-0.4640536874419898,-0.6481736130403148,0.21417862497321583,-0.7719730288823667
BTC,2026-08-29T15:31:04+00:00,0.0,NEUTRO,Bitcoin's Oldest Coins Are Waking Up in 2026 at a Pace Rarely Seen,0.20780742553556664,,0.40665065954874624,,1.2306756175018085,
BTC,2026-08-29T16:30:58+00:00,0.0,NEUTRO,Bitcoin faces a new macro test as Fed Chair Kevin Warsh highlights sticky inflation metrics,0.09333928168866468,,0.13168489899095803,,1.6798763815219608,
BTC,2026-08-29T17:40:52+00:00,0.0,NEUTRO,"Bitcoin ETF inflows snap after $3 billion streak as ETH, XRP and Solana keep buying",0.07427656850191866,,0.07891165172855263,,1.179282970550588,
ETH,2026-08-29T17:40:52+00:00,0.0,NEUTRO,"Bitcoin ETF inflows snap after $3 billion streak as ETH, XRP and Solana keep buying",0.06977484351664565,-0.004501724985273015,0.029786921501262498,-0.049124730227290136,2.2438120730881472,1.0645291025375592
SOL,2026-08-29T17:40:52+00:00,0.0,NEUTRO,"Bitcoin ETF inflows snap after $3 billion streak as ETH, XRP and Solana keep buying",0.24792600362353312,0.17364943512161446,0.1716410794316614,0.09272942770310877,1.4780204062172286,0.29873743566664057
XRP,2026-08-29T17:40:52+00:00,0.0,NEUTRO,"Bitcoin ETF inflows snap after $3 billion streak as ETH, XRP and Solana keep buying",0.12927319735709375,0.05499662885517509,-0.0071818442976101515,-0.08609349602616279,1.924734271760986,0.745451301210398
BTC,2026-08-29T18:50:53+00:00,0.0,NEUTRO,Bitcoin Knots is trying to fork Bitcoin again after its last chain died in two blocks,0.030694230828043345,,0.08998437908027679,,1.124235379073757,
XLM,2026-08-29T19:12:42+00:00,0.0,NEUTRO,Stellar tokenized RWA market more than quadruples to nearly $4B,-0.05580357142856984,0.010810227143998041,0.33482142857141906,0.2734262225137618,0.725446428571419,-0.13714342587078932
BTC,2026-08-29T19:31:33+00:00,0.0,NEUTRO,Wall Street Giant Charles Schwab Makes Major Crypto Move Beyond Bitcoin and Ethereum,-0.06661379857256788,,0.06139520605765725,,0.8625898544422084,
ETH,2026-08-29T19:31:33+00:00,0.0,NEUTRO,Wall Street Giant Charles Schwab Makes Major Crypto Move Beyond Bitcoin and Ethereum,-0.028122974840127934,0.03849082373243995,0.16955300773178195,0.1081578016741247,2.0509392666017146,1.1883494121595062
ZEC,2026-08-29T21:48:30+00:00,1.0,POSITIVO,Zcash (ZEC) Social Buzz Vanished Before Its ETF Even Launched: Data,0.24817744687453125,0.1628286638463372,-0.7409528582167035,-0.6384345253723112,4.24168665211011,3.6130278076105915
BTC,2026-08-29T22:10:38+00:00,0.0,NEUTRO,Bitcoin miner IREN still gets 82% of revenue from BTC after clearing room for Microsoft AI cloud,0.0021219931293448013,,-0.1563755539232936,,0.2475701261205332,
XRP,2026-08-30T03:55:30+00:00,0.0,NEUTRO,XRP’s Crazy August Is Almost Over – September Could Be Even Bigger,0.007181328545780019,0.05188046865358675,-0.05745062836626236,-0.023308828822143912,-2.7217235188509936,-2.22524698327623
BTC,2026-08-30T05:28:53+00:00,0.0,NEUTRO,"Pi Network’s PI Defends a Critical Support, Bitcoin (BTC) Reclaims $78K: Weekend Watch",0.1953596233653654,,-0.16345033023495992,,-0.14298384017655819,
BTC,2026-08-30T06:05:48+00:00,0.0,NEUTRO,"Borrowers can now use $250k in Bitcoin for a house down payment without margin calls, but one trap remains",-0.20738284989564315,,-0.17252096758905155,,-0.23820795872884215,
BTC,2026-08-30T07:55:11+00:00,0.0,NEUTRO,From Record Short Squeezes to Massive ETF Inflows: Everything Driving Bitcoin Right Now,-0.05631224557720582,,0.061445505517299104,,0.09986174761258404,
BTC,2026-08-30T09:30:10+00:00,0.0,NEUTRO,Popular Bitcoin wallets risk losing support for new hardware devices as critical security bridge stops accepting new devices,0.1862563863773925,,1.102551140698571,,0.655153762159788,
BTC,2026-08-30T10:50:36+00:00,0.0,NEUTRO,How $739B in new US debt could absorb crypto’s liquidity before buybacks even reach Bitcoin,0.026501917134114095,,0.8169654242757396,,0.7226539181056202,
BTC,2026-08-30T11:09:03+00:00,0.0,NEUTRO,Over $900M Pours Into Bitcoin ETFs While Ethereum Funds Extend Impressive Streak,0.7919811682828737,,0.8413248727068057,,0.19117007394517938,
ETH,2026-08-30T11:09:03+00:00,0.0,NEUTRO,Over $900M Pours Into Bitcoin ETFs While Ethereum Funds Extend Impressive Streak,0.36823131104164464,-0.42374985724122904,0.8413231941018173,-1.6786049883421583e-06,-0.5714494738681797,-0.762619547813359
BTC,2026-08-30T12:00:00+00:00,1.0,POSITIVO,Crypto market makers are cashing in on bitcoin's rally - without betting on direction,0.09511955693122243,,0.7017447216515427,,-1.0848122727836973,
BTC,2026-08-30T12:20:25+00:00,0.0,NEUTRO,Bitcoin Whales Just Bought $3B in BTC: Why Analysts Still Warn of More Pain Ahead?,0.09511955693122243,,0.7017447216515427,,-1.0848122727836973,
BTC,2026-08-30T13:38:44+00:00,0.0,NEUTRO,"‘We’re Back,’ Says Saylor: Is Strategy About to Buy Bitcoin Again?",-0.09674106010650885,,0.20418463099163287,,-1.2586989601826026,
BTC,2026-08-30T14:00:58+00:00,0.0,NEUTRO,Veteran Bitcoin developer Luke Dashjr exits OCEAN pool – Will hash power follow him to new pool?,0.050670373355088394,,0.32110699026486333,,-0.2330050209618295,
BTC,2026-08-30T15:05:44+00:00,0.0,NEUTRO,One mid-tier Bitcoin treasury just gambled its entire BTC reserve on a single 30-day reset price,0.6524693166249707,,0.041561140992874,,-0.30854960625387173,
XRP,2026-08-30T15:15:21+00:00,1.0,POSITIVO,Ripple (XRP) ETFs Smash 2026 Inflow Record as Total Flows Hit New ATH,1.7378245011800075,1.0853551845550369,0.9225488092683864,0.8809876682755124,-1.8307945362225575,-1.5222449299686858
BTC,2026-08-30T15:39:55+00:00,0.0,NEUTRO,"Michael Saylor hints at first bitcoin purchase in two months as bitcoin nears $79,000",0.6524693166249707,,0.041561140992874,,-0.30854960625387173,
BTC,2026-08-30T16:27:44+00:00,1.0,POSITIVO,Bitcoin Price Analysis: Is BTC Entering a Consolidation Phase After Its Explosive Rally?,-0.3994432423432115,,-0.9334753251061478,,-0.8802347124508891,
BTC,2026-08-30T17:10:47+00:00,0.0,NEUTRO,Wall Street’s favorite Bitcoin broker just walked away from institutional trading to chase gigawatts of power,0.019830166707546226,,-0.4657241832616288,,-0.15649000734235807,
BTC,2026-08-30T17:59:00+00:00,0.0,NEUTRO,Saylor signals Strategy is ‘Back’ to Bitcoin buying,0.019830166707546226,,-0.4657241832616288,,-0.15649000734235807,
BTC,2026-08-30T19:39:55+00:00,0.0,NEUTRO,Strategy’s Bitcoin Is $2.8 Billion in Profit—Is Saylor Teeing Up a Buy?,-0.32852125236775276,,-1.4892768994370642,,0.0528428958008309,
BTC,2026-08-30T20:00:26+00:00,0.0,NEUTRO,"CEO Jeremy Allaire says Circle built “the platform for the internet financial system”, but cirBTC has only 40 BTC",0.07082937804629985,,-0.8400921507130232,,0.34020239618826054,
BTC,2026-08-30T21:31:04+00:00,1.0,POSITIVO,Bitcoin ETFs Snap Nine-Day Inflow Streak as Ethereum Funds Extend Their Run,-0.29368237702313005,,-1.2867404930517523,,0.39581452710004683,
ETH,2026-08-30T21:31:04+00:00,1.0,POSITIVO,Bitcoin ETFs Snap Nine-Day Inflow Streak as Ethereum Funds Extend Their Run,-0.4404487499798493,-0.14676637295671924,-2.7647931140089343,-1.478052620957182,-0.13257789455020097,-0.5283924216502478
BTC,2026-08-30T23:36:16+00:00,0.0,NEUTRO,"Bitcoin’s new quantum defenses, 18.9M SOL cancelled: Hodler’s Digest",0.3283128652712186,,0.09617414587679285,,1.1576555701449331,
SOL,2026-08-30T23:36:16+00:00,0.0,NEUTRO,"Bitcoin’s new quantum defenses, 18.9M SOL cancelled: Hodler’s Digest",0.38329238329237736,0.054979518021158746,0.18673218673217473,0.09055804085538188,1.2874692874693006,0.12981371732436742
BTC,2026-08-31T04:29:10+00:00,0.0,NEUTRO,"Bitcoin barely blinks as U.S. hits Iran, sending oil higher and stocks lower",0.5072255027809058,,1.1060226522591199,,1.4233413396256944,
BTC,2026-08-31T04:53:14+00:00,-1.0,NEGATIVO,Bitcoin Dumps Below $77K as US-Iran Strikes Resume: Who Else Might Be Behind the Drop?,0.5072255027809058,,1.1060226522591199,,1.4233413396256944,
ZEC,2026-08-31T05:23:57+00:00,0.0,NEUTRO,Zcash private transactions could go from three-second waits to under 200 milliseconds,-0.5872351714075408,-0.6870480303082682,-0.2713098841205297,-0.9058335715692478,4.281872882275639,2.789884059470049
BTC,2026-08-31T05:42:59+00:00,-1.0,NEGATIVO,Will Bitcoin Bounce or Dump? All Eyes Are on This Week’s Major Economic Events,0.09981285890072744,,0.6345236874487181,,1.49198882280559,
XRP,2026-08-31T06:30:46+00:00,1.0,POSITIVO,XRP’s next rally could put this 115 million-token short under pressure,0.6229388054232343,0.4921474897924494,1.2385489190179566,0.44957534145033673,1.4290949065591585,0.5948168767982986
BTC,2026-08-31T08:18:03+00:00,0.0,NEUTRO,"Live updates: Bitcoin holds $78,000 as yen breaks 160 and rate-hike bets lift the dollar",0.0385189753417281,,-0.7013307713478967,,-0.7613581920673629,
BTC,2026-08-31T08:04:54+00:00,0.0,NEUTRO,Luke Dashjr exits mining pool Ocean after split over Bitcoin mining’s future,0.0385189753417281,,-0.7013307713478967,,-0.7613581920673629,
ETH,2026-08-31T08:25:54+00:00,0.0,NEUTRO,"A 36-day staking bottleneck is costing Ethereum depositors over $350,000 in lost rewards daily",0.022893211345209608,-0.015625763996518494,0.22116477388867128,0.922495545236568,0.08298789112644034,0.8443460831938032
XRP,2026-08-31T08:19:41+00:00,0.0,NEUTRO,Ripple’s (XRP) Sharpe Ratio Just Did Something It Hasn’t Done In a Year,-0.06552602839460242,-0.10404500373633052,-0.8227156898434562,-0.12138491849555955,-0.7644703312704726,-0.0031121392031097095
BTC,2026-08-31T09:42:33+00:00,1.0,POSITIVO,"BTC Recovers Swiftly and Eyes $79K Again, XMR Surges Above $500: Market Watch",0.25344209597046863,,-0.8198083759695884,,-0.7591672151034068,
XRP,2026-08-31T10:19:49+00:00,0.0,NEUTRO,XRPL consensus freezes after removing just 12% of central nodes – but a simple tweak triples XRP defense,-0.7311423193861244,-0.22983378188243808,-0.3402345446648303,-0.20064620005657563,-0.28232228174316365,0.5820404594126249
BTC,2026-08-31T10:44:52+00:00,0.0,NEUTRO,"U.S. strikes on Iran fail to stir bitcoin, on track for best month since November 2024",-0.5013085375036863,,-0.13958834460825464,,-0.8643627411557886,
BTC,2026-08-31T10:51:49+00:00,0.0,NEUTRO,Markets pivot to September Fed rate hike: Five things to know in Bitcoin this week,-0.5013085375036863,,-0.13958834460825464,,-0.8643627411557886,
BTC,2026-08-31T10:45:00+00:00,0.0,NEUTRO,Third Point’s Core Scientific Stake Puts Bitcoin Miner-To-AI Trade In Focus,-0.5013085375036863,,-0.13958834460825464,,-0.8643627411557886,
BTC,2026-08-31T11:25:34+00:00,0.0,NEUTRO,Here's 1 metric on U.S. debt that makes bitcoin's bull case look stronger than ever,-0.4916527943471638,,0.33836244019858075,,-0.27639508587259387,
BTC,2026-08-31T11:30:00+00:00,0.0,NEUTRO,Bitcoin Holds $78K As Strait Of Hormuz Strike Lifts Oil Above $90,-0.4916527943471638,,0.33836244019858075,,-0.27639508587259387,
ETH,2026-08-31T11:53:56+00:00,0.0,NEUTRO,Robinhood Chain beats Ethereum in daily revenue as memecoin trading takes over,0.21256157132054643,0.7042143656677102,0.8719112146667429,0.5335487744681622,0.5244548000081783,0.8008498858807722
ETH,2026-08-31T11:26:26+00:00,0.0,NEUTRO,Sberbank plans to add ether and USDT as collateral for crypto-backed loans: Report,0.21256157132054643,0.7042143656677102,0.8719112146667429,0.5335487744681622,0.5244548000081783,0.8008498858807722
BTC,2026-08-31T11:30:03+00:00,0.0,NEUTRO,"Michael Saylor’s $13,400 Bitcoin floor exposes the exact order of losses inside Strategy’s debt stack",-0.4916527943471638,,0.33836244019858075,,-0.27639508587259387,
BTC,2026-08-31T12:11:04+00:00,0.0,NEUTRO,"Strategy returns to bitcoin buys, adding $370 million of BTC last week",-0.08084137651562795,,0.9100172602754864,,0.09445609087803675,
BTC,2026-08-31T12:27:01+00:00,0.0,NEUTRO,Strategy Buys $370M of Bitcoin in First Purchase Since June,-0.08084137651562795,,0.9100172602754864,,0.09445609087803675,
ETH,2026-08-31T12:15:00+00:00,0.0,NEUTRO,Robinhood Chain Revenue Tops Ethereum In 24-Hour App Metrics,-0.4597091635903827,-0.37886778707475477,0.7199526829964498,-0.19006457727903658,-0.20150517019844605,-0.2959612610764828
BTC,2026-08-31T12:05:28+00:00,0.0,NEUTRO,Strategy Is Buying Bitcoin Again After 2-Month Pause: Here’s How Much,-0.08084137651562795,,0.9100172602754864,,0.09445609087803675,
ETH,2026-08-31T12:53:17+00:00,0.0,NEUTRO,Bitmine makes largest ether purchase since June as Tom Lee points to crypto's strong Q3,-0.4597091635903827,-0.37886778707475477,0.7199526829964498,-0.19006457727903658,-0.20150517019844605,-0.2959612610764828
BTC,2026-08-31T12:45:12+00:00,0.0,NEUTRO,Strategy buys $370M Bitcoin in first corporate purchase since June,-0.08084137651562795,,0.9100172602754864,,0.09445609087803675,
ETH,2026-08-31T12:37:44+00:00,0.0,NEUTRO,Morning Minute: Robinhood Chain Flips Ethereum and Base in Fees,-0.4597091635903827,-0.37886778707475477,0.7199526829964498,-0.19006457727903658,-0.20150517019844605,-0.2959612610764828
BTC,2026-08-31T12:45:04+00:00,0.0,NEUTRO,Bitcoin treasury company registers 93% of shares for resale and puts third of its crypto into options,-0.08084137651562795,,0.9100172602754864,,0.09445609087803675,
ETH,2026-08-31T12:46:41+00:00,0.0,NEUTRO,"BitMine Buys Another 53,501 ETH as Ethereum Stash Blows Past 5.9M",-0.4597091635903827,-0.37886778707475477,0.7199526829964498,-0.19006457727903658,-0.20150517019844605,-0.2959612610764828
BTC,2026-08-31T13:00:00+00:00,0.0,NEUTRO,Charles Schwab Expands Crypto Platform Beyond Bitcoin And Ethereum,0.9410229365591993,,1.3227231579227228,,0.2627544084885969,
ETH,2026-08-31T13:00:00+00:00,0.0,NEUTRO,Charles Schwab Expands Crypto Platform Beyond Bitcoin And Ethereum,1.1179045027619683,0.17688156620276896,1.4399986886750593,0.11727553075233654,0.1692428737685603,-0.0935115347200366
BTC,2026-08-31T13:15:37+00:00,0.0,NEUTRO,"Strive Keeps Buying Bitcoin: Another 1,800 BTC Push Holdings Past 23K",0.9410229365591993,,1.3227231579227228,,0.2627544084885969,
BTC,2026-08-31T13:11:07+00:00,0.0,NEUTRO,"‘We’re back’: Strategy buys another 4,603 bitcoin for $369.7 million as holdings hit 845,050 BTC",0.9410229365591993,,1.3227231579227228,,0.2627544084885969,
BTC,2026-08-31T13:30:00+00:00,0.0,NEUTRO,Mystery surrounds why an OG burned $1M in Bitcoin,0.9410229365591993,,1.3227231579227228,,0.2627544084885969,
BTC,2026-08-31T13:15:12+00:00,0.0,NEUTRO,"Mutiny? Metaplanet moves 4,800 BTC worth $377M to Coinbase",0.9410229365591993,,1.3227231579227228,,0.2627544084885969,
SUI,2026-08-31T13:45:00+00:00,0.0,NEUTRO,Switchboard Halts Oracle Operations On SUI And Aptos After Potential Compromise,1.3817166782972734,0.4406937417380741,1.646894626657347,0.3241714687346242,1.9818562456385136,1.7191018371499167
ETH,2026-08-31T14:28:18+00:00,1.0,POSITIVO,Ethereum Price Prediction: What’s Next for ETH After Massive Rally From $1.9K to $2.5K?,0.00486310363272402,0.029952117469089767,0.41498484332702645,-0.11409818375154313,-0.7404075280844191,-0.19059934708118842
XRP,2026-08-31T14:23:39+00:00,0.0,NEUTRO,Ripple Price Analysis: XRP Hits Critical Decision Point as Key Support Comes Under Pressure,-0.29054986562069285,-0.2654608517843271,0.6827921842086138,0.15370915713004418,0.13074743952932177,0.6805556205325525
ETH,2026-08-31T14:17:57+00:00,0.0,NEUTRO,"Tom Lee says ether is ‘best performing macro asset’ as Bitmine adds 53,501 ETH",0.00486310363272402,0.029952117469089767,0.41498484332702645,-0.11409818375154313,-0.7404075280844191,-0.19059934708118842
ETH,2026-08-31T14:54:47+00:00,0.0,NEUTRO,Tom Lee's Bitmine Buys $131M of ETH in Largest Ethereum Purchase Since June,0.00486310363272402,0.029952117469089767,0.41498484332702645,-0.11409818375154313,-0.7404075280844191,-0.19059934708118842
BTC,2026-08-31T15:08:12+00:00,0.0,NEUTRO,"Strive buys 1,800 Bitcoin for $143M, becomes fifth-biggest corporate holder",0.07527320419005168,,0.40422283311796203,,-0.845541421132634,
BTC,2026-08-31T15:18:11+00:00,0.0,NEUTRO,Strategy Resumes Bitcoin Buying After 10-Week Hiatus,0.07527320419005168,,0.40422283311796203,,-0.845541421132634,
SOL,2026-08-31T15:03:25+00:00,0.0,NEUTRO,2 Major Achievements for Solana (SOL): Is the Price Ready to Fly?,-0.04860031104199081,-0.12387351523204249,0.7095645412130702,0.3053417080951082,-0.8067651632970407,0.03877625783559324
ETH,2026-08-31T15:39:00+00:00,0.0,NEUTRO,Bitmine now controls 4.9% of Ethereum supply after adding 53.5K ETH,0.06159631718860581,-0.01367688700144587,0.573818323283426,0.16959549016546394,-0.913408545678529,-0.06786712454589505
BTC,2026-08-31T15:50:44+00:00,0.0,NEUTRO,Bitcoin on course for best August since 2017 despite renewed US-Iran hostilities,0.07527320419005168,,0.40422283311796203,,-0.845541421132634,
BTC,2026-08-31T15:35:11+00:00,0.0,NEUTRO,"Strive becomes fifth-largest public bitcoin treasury after 1,800 BTC buy, TD Cowen lifts ASST price target",0.07527320419005168,,0.40422283311796203,,-0.845541421132634,
BTC,2026-08-31T16:38:51+00:00,0.0,NEUTRO,Bitcoin begins volatile monthly close as US bond yields eye new 20-year high,0.3278120671310836,,0.2863062450621179,,-0.9201220199957838,
BTC,2026-08-31T16:55:46+00:00,0.0,NEUTRO,Bitcoin Holds Steady as US Strikes on Iran Rattle Stocks and Lift Oil,0.3278120671310836,,0.2863062450621179,,-0.9201220199957838,
BTC,2026-08-31T16:45:00+00:00,1.0,POSITIVO,Bitcoin ETF Outflows Hit $201M As Inflow Streak Breaks,0.3278120671310836,,0.2863062450621179,,-0.9201220199957838,
BTC,2026-08-31T17:05:49+00:00,0.0,NEUTRO,Massive Bitcoin derivatives gap between CME and Coinbase threatens violent position shakeout,0.15037258534378317,,0.08486975990071866,,-1.2438565751756392,
BTC,2026-08-31T17:22:58+00:00,1.0,POSITIVO,"Strive Becomes Fifth-Largest Bitcoin Treasury, Stock Jumps on Latest Buy",0.15037258534378317,,0.08486975990071866,,-1.2438565751756392,
BTC,2026-08-31T18:10:27+00:00,0.0,NEUTRO,Why Bitcoin’s $2B corporate treasuries are a ticking time bomb of hidden conditional supply,-0.14926090918295776,,-0.5351447808038978,,-1.3921357699706371,
XRP,2026-08-31T18:05:45+00:00,0.0,NEUTRO,Ripple CTO Emeritus: BIP-110 Vote Loss Doesn’t Justify New Chain,0.10100281364979757,0.25026372283275533,-0.3751533078421576,0.1599914729617402,-0.6420893153452178,0.7500464546254193
SOL,2026-08-31T18:11:53+00:00,0.0,NEUTRO,OpenSea adds Solana NFT trading more than four years after initial beta,-0.8232028333492902,-0.6739419241663325,-1.2060878721164014,-0.6709430913125036,-2.3164544845410195,-0.9243187145703824
ETH,2026-08-31T18:46:04+00:00,0.0,NEUTRO,"Russia's Sberbank Sees $46 Billion in Crypto Trading, Plans Ethereum and USDT-Backed Loans",0.16304786504157676,0.3123087742245345,-0.3369924933408819,0.19815228746301594,-1.3181047703608173,0.07403099960981985
XRP,2026-08-31T19:31:04+00:00,1.0,POSITIVO,"XRP ETFs Extend Inflow Streak to 9 Days, Pulling In $1.6 Billion Since Launch",-0.03603603603603567,0.006221023263008885,-0.554954954954956,-0.15346219328248312,-0.7423423423423392,0.5023904178801497
BTC,2026-08-31T19:50:04+00:00,1.0,POSITIVO,Bitcoin gains 24% as CryptoSlate price prediction model maps a volatile September,-0.04225705929904455,,-0.40149276167247283,,-1.244732760222489,
BTC,2026-08-31T19:49:17+00:00,0.0,NEUTRO,Bitcoin Unfazed by Trump’s Iran Threats,-0.04225705929904455,,-0.40149276167247283,,-1.244732760222489,
ADA,2026-08-31T19:33:28+00:00,0.0,NEUTRO,Cardano (ADA) Enters Its Worst Month: 3 AIs Examine Its September Prospects,-0.2511300853842324,-0.20887302608518787,-0.6529382219989888,-0.25144546032651593,0.35158211953791874,1.5963148797604076
SOL,2026-08-31T20:14:57+00:00,0.0,NEUTRO,Solana fees hit record as validators double pace of inflation cuts,-0.07710843373494036,-0.20340064652668577,-0.5397590361445825,-0.27003133027052595,-1.6385542168674716,-0.43557017026210065
BTC,2026-08-31T20:45:26+00:00,0.0,NEUTRO,AI data centers are learning the power trick Bitcoin miners mastered first,0.1262922127917454,,-0.2697277058740566,,-1.202984046605371,
BTC,2026-08-31T20:44:36+00:00,0.0,NEUTRO,"Strategy Opposes MSCI Proposal, Says Bitcoin Treasury Firms Are Being Targeted a Second Time",0.1262922127917454,,-0.2697277058740566,,-1.202984046605371,
BTC,2026-08-31T21:01:05+00:00,0.0,NEUTRO,Strive Adds $143 Million in Bitcoin as Treasury Firms Pile Back In,-0.470047738016377,,-0.7012027710743385,,-1.3275996044795901,
BTC,2026-08-31T20:59:34+00:00,0.0,NEUTRO,These 2 Bitcoin Derivatives Signals Could Trigger a Long Squeeze: Analyst,0.1262922127917454,,-0.2697277058740566,,-1.202984046605371,
ONT,2026-08-31T22:40:23+00:00,0.0,NEUTRO,Ontology halts mainnet transactions as technical team investigates potential security issue,0.2869714941649226,0.3020618678170828,0.7078630189401247,0.8900162982017235,3.6158408264779007,4.477442632742168
ADA,2026-08-31T22:37:01+00:00,0.0,NEUTRO,"Bitcoin, Ethereum, Tron, and Cardano Tell Four Very Different Stories Through Active Addresses",-0.40281973816717054,-0.3877293645150104,1.007049345417932,1.1892026246795306,0.6042296072507503,1.4658314135150174
BTC,2026-08-31T22:37:01+00:00,0.0,NEUTRO,"Bitcoin, Ethereum, Tron, and Cardano Tell Four Very Different Stories Through Active Addresses",-0.01509037365216015,,-0.18215327926159874,,-0.8616018062642672,
ETH,2026-08-31T22:37:01+00:00,0.0,NEUTRO,"Bitcoin, Ethereum, Tron, and Cardano Tell Four Very Different Stories Through Active Addresses",-0.07289072465527235,-0.057800351003112205,-0.17696248152422323,0.005190797737375519,-0.9844297313166828,-0.12282792505241558
TRX,2026-08-31T22:37:01+00:00,0.0,NEUTRO,"Bitcoin, Ethereum, Tron, and Cardano Tell Four Very Different Stories Through Active Addresses",-0.030057108506154062,-0.014966734853993913,-0.18034265103696878,0.001810628224629962,-2.254283137962132,-1.3926813316978648
BTC,2026-08-31T23:20:42+00:00,0.0,NEUTRO,Strategy splits $603 million share sale between Bitcoin purchases and STRC support,0.08998325173843469,,0.12435530137009376,,-0.8466391936299167,
XRP,2026-09-01T03:49:39+00:00,1.0,POSITIVO,CME’s share of XRP futures jumps as token rallies 40% in a week,-0.41822901644072985,-0.4793634918236922,-0.49754831266225485,-0.43826947832003027,-0.6922411306605203,0.2775473809132678
SOL,2026-09-01T03:46:02+00:00,0.0,NEUTRO,DeFi Development Corp proposes $20 million preferred stock offering to buy more SOL,-0.02894076789504707,-0.09007524327800942,-0.4919930542157003,-0.4327142198734757,-1.5531545437005634,-0.5833660321267753
XRP,2026-09-01T04:00:13+00:00,1.0,POSITIVO,Ripple (XRP) Breakout Confirmed? Analyst Sets the Next Big Target,0.9920347574221555,0.4167818362873499,-1.303403330919628,-0.231561623533183,-0.27516292541637233,0.7551301972449243
BTC,2026-09-01T04:30:28+00:00,0.0,NEUTRO,"Bitcoin steady above $78,000, HYPE leads as majors slip on hawkish Fed bets",0.5752529211348056,,-1.071841707386445,,-1.0302931226612966,
BTC,2026-09-01T04:48:47+00:00,1.0,POSITIVO,BlackRock drives $217M Bitcoin ETF rebound as altcoin funds continue streaks,0.5752529211348056,,-1.071841707386445,,-1.0302931226612966,
XRP,2026-09-01T06:03:40+00:00,0.0,NEUTRO,Largest XRP ETF Crosses $500 Million in Assets Just 9 Months After Launch,-0.29624277456646864,-0.1527169122905847,-0.46965317919074323,0.43925082141170746,-0.49132947976877617,0.5619385274123312
BTC,2026-09-01T06:55:19+00:00,0.0,NEUTRO,How Saylor’s $2 billion capital loop is quietly rewriting the rules of Bitcoin ownership,-0.14352586227588393,,-0.9089040006024507,,-1.0532680071811074,
BTC,2026-09-01T07:51:46+00:00,1.0,POSITIVO,Bitcoin’s Rally Faces Fresh Test as Rate Fears Grow: Bitfinex,-0.95264838132183,,-0.6783465893244633,,-0.9110497368958748,
BTC,2026-09-01T08:35:57+00:00,0.0,NEUTRO,Live updates: Bitcoin ETFs resume buying as ether funds stretch streak to 11 days,0.04072761188280705,,0.1550011761189296,,0.04199874478836296,
ETH,2026-09-01T08:35:57+00:00,0.0,NEUTRO,Live updates: Bitcoin ETFs resume buying as ether funds stretch streak to 11 days,0.1744159923534605,0.13368838047065346,-0.06372106512211317,-0.21872224124104278,-0.1237659149487258,-0.16576465973708876
BTC,2026-09-01T09:24:43+00:00,0.0,NEUTRO,"Uniswap (UNI) Skyrockets 32% Weekly, Bitcoin (BTC) Calms at $78K: Market Watch",0.14717320156580893,,0.20148880189951868,,0.001270615414239451,
UNI,2026-09-01T09:24:43+00:00,0.0,NEUTRO,"Uniswap (UNI) Skyrockets 32% Weekly, Bitcoin (BTC) Calms at $78K: Market Watch",1.0033444816053505,0.8561712800395416,0.24643548671008375,0.044946684810565074,0.809716599190291,0.8084459837760516
XRP,2026-09-01T09:49:20+00:00,1.0,POSITIVO,XRP Enters Its ‘Most Loaded Month’ in History After 30% August Surge,0.7386280532397205,0.5914548516739115,0.6069913704841223,0.40550256858460365,0.7166886061138023,0.7154179906995628
ARB,2026-09-01T10:29:00+00:00,1.0,POSITIVO,"Bitcoin consolidates near $78,000 as Arbitrum surges 30% on Robinhood Chain revenue",0.7111111111111068,0.6222987401245383,-2.400000000000002,-2.5772659041105817,-3.3777777777777795,-3.2320896055735515
BTC,2026-09-01T10:29:00+00:00,1.0,POSITIVO,"Bitcoin consolidates near $78,000 as Arbitrum surges 30% on Robinhood Chain revenue",0.08881237098656847,,0.17726590411057952,,-0.14568817220422803,
NEAR,2026-09-01T10:29:00+00:00,1.0,POSITIVO,"Bitcoin consolidates near $78,000 as Arbitrum surges 30% on Robinhood Chain revenue",2.1144920061887618,2.0256796352021933,4.538421866941733,4.361155962831154,4.228984012377501,4.37467218458173
XRP,2026-09-01T10:05:33+00:00,0.0,NEUTRO,XRP investors poured $320M into ETFs while the funds sat on a $746M paper loss,0.3339382940108937,0.24512592302432523,0.07259528130671988,-0.10467062280385964,-0.021778584392007083,0.12390958781222094
BTC,2026-09-01T10:24:40+00:00,0.0,NEUTRO,"Saylor’s Bitcoin U-Turn: Strategy Sells at $62K, Buys Back at $80K",0.08881237098656847,,0.17726590411057952,,-0.14568817220422803,
BTC,2026-09-01T11:15:00+00:00,0.0,NEUTRO,U.S. looks to influence Japan's monetary policy. It couldn't do that with bitcoin,-0.1216021158793823,,-0.23429246249981883,,-0.23429246249981883,
BTC,2026-09-01T11:51:09+00:00,1.0,POSITIVO,Bitcoin Makes History With First-Ever Green August During a Bear Market,-0.1216021158793823,,-0.23429246249981883,,-0.23429246249981883,
AVAX,2026-09-01T12:00:02+00:00,1.0,POSITIVO,"Ethena launches Ethena Pay app on Avalanche, offering up to 6% yield and 10% cashback",0.3164121612326376,0.2292499644222179,0.6465813729536363,0.7594089202588972,0.6465813729536363,0.7594089202588972
ENA,2026-09-01T12:00:02+00:00,1.0,POSITIVO,"Ethena launches Ethena Pay app on Avalanche, offering up to 6% yield and 10% cashback",-0.866336633663356,-0.9534988304737757,0.12376237623763497,0.23658992354289587,0.12376237623763497,0.23658992354289587
BTC,2026-09-01T11:33:23+00:00,1.0,POSITIVO,Bitcoin defies oil price spike and rising Fed hike bets after best August since 2017,-0.1216021158793823,,-0.23429246249981883,,-0.23429246249981883,
BTC,2026-09-01T12:21:23+00:00,0.0,NEUTRO,Morning Minute: Saylor’s Back Buying Bitcoin,0.0871621968104197,,-0.1128275473052609,,-0.1128275473052609,
XRP,2026-09-01T13:56:44+00:00,0.0,NEUTRO,"Firelight raises $8 million, expands beyond XRP as it aims to make DeFi less scary for fintechs",0.20353274696518486,0.08056931283215718,0.10903540015991808,0.3088509806260964,0.10903540015991808,0.3088509806260964
BTC,2026-09-01T13:55:26+00:00,1.0,POSITIVO,Bitcoin enters ‘Rektember’ as rate-hike risk combines with seasonality to threaten rally,0.12296343413302768,,-0.1998155804661783,,-0.1998155804661783,
ENA,2026-09-01T13:15:35+00:00,0.0,NEUTRO,"Ethena pushes stablecoins into everyday banking with high-yield savings, cards and payments",1.9350811485642883,1.8121177144312606,0.9987515605493158,1.198567141015494,0.9987515605493158,1.198567141015494
BTC,2026-09-01T13:30:00+00:00,1.0,POSITIVO,Does the Bitcoin rally mean we haven’t wasted our lives in crypto?,0.12296343413302768,,-0.1998155804661783,,-0.1998155804661783,
XRP,2026-09-01T13:13:05+00:00,0.0,NEUTRO,"Asia sees digital asset custody infrastructure deals from Ripple, Coincheck",0.20353274696518486,0.08056931283215718,0.10903540015991808,0.3088509806260964,0.10903540015991808,0.3088509806260964
BTC,2026-09-01T14:39:55+00:00,0.0,NEUTRO,Gal Gadot Defends AI Use in Bitcoin Film: 'Work With It or Be Out of the Game',-0.3223826018808995,,-0.3223826018808995,,-0.3223826018808995,
BTC,2026-09-01T15:23:33+00:00,0.0,NEUTRO,South Korea’s Bitcoin ‘Kimchi Premium’ Returns,0.0,,0.0,,0.0,
BTC,2026-09-01T13:01:29+00:00,0.0,NEUTRO,"BlackRock Re-Underwrites Bitcoin, and the Portfolio Math Still Holds",0.12296343413302768,,-0.1998155804661783,,-0.1998155804661783,
ETH,2026-09-01T15:30:00+00:00,0.0,NEUTRO,Ethereum ETFs See Positive Inflows As September Trading Opens,0.0,0.0,0.0,0.0,0.0,0.0
ETH,2026-09-01T14:45:00+00:00,0.0,NEUTRO,"BitMine Adds 53,501 ETH In $131M Corporate Treasury Move",-0.16943685721168,0.1529457446692195,-0.16943685721168,0.1529457446692195,-0.16943685721168,0.1529457446692195
XRP,2026-09-01T15:23:28+00:00,1.0,POSITIVO,New Important Ripple (XRP) Partnership Targets Banks and Institutional Clients,0.0,0.0,0.0,0.0,0.0,0.0
ASTER,2026-09-01T15:19:06+00:00,0.0,NEUTRO,"Aster and World Liberty Financial Launch USD1 RWA Boost: Phase 1, Offering 125M $WLFI + 6.25M USD1 in Rewards",0.0,0.0,0.0,0.0,0.0,0.0
USD1,2026-09-01T15:19:06+00:00,0.0,NEUTRO,"Aster and World Liberty Financial Launch USD1 RWA Boost: Phase 1, Offering 125M $WLFI + 6.25M USD1 in Rewards",0.0,0.0,0.0,0.0,0.0,0.0
WLFI,2026-09-01T15:19:06+00:00,0.0,NEUTRO,"Aster and World Liberty Financial Launch USD1 RWA Boost: Phase 1, Offering 125M $WLFI + 6.25M USD1 in Rewards",0.0,0.0,0.0,0.0,0.0,0.0
ETH,2026-09-01T13:16:52+00:00,0.0,NEUTRO,Analyst Declares Bull Market After ETH Breaks Key Monthly Resistance,0.19963917673386788,0.0766757426008402,0.029864057175355008,0.22967963764153332,0.029864057175355008,0.22967963764153332
BTC,2026-09-01T14:26:02+00:00,1.0,POSITIVO,Bitcoin and gold move in lockstep as debasement trade gains more steam,-0.3223826018808995,,-0.3223826018808995,,-0.3223826018808995,
