time,equity,open_positions
2026-07-18T13:00:00+00:00,1000.00000000,10
2026-07-18T14:00:00+00:00,1000.00000000,10
2026-07-18T16:00:00+00:00,1000.00000000,10
2026-07-18T20:00:00+00:00,1000.00000000,10
2026-07-19T01:00:00+00:00,1000.00000000,10
2026-07-19T02:00:00+00:00,1000.00000000,10
2026-07-19T03:00:00+00:00,1000.00000000,10
2026-07-19T05:00:00+00:00,983.20000000,6
2026-07-19T06:00:00+00:00,978.00000000,10
2026-07-19T07:00:00+00:00,978.00000000,10
2026-07-19T08:00:00+00:00,978.00000000,10
2026-07-19T10:00:00+00:00,978.00000000,10
2026-07-19T11:00:00+00:00,978.00000000,10
2026-07-19T12:00:00+00:00,978.00000000,10
2026-07-19T13:00:00+00:00,959.58942703,10
2026-07-19T14:00:00+00:00,959.58942703,10
2026-07-19T15:00:00+00:00,959.58942703,10
2026-07-19T16:00:00+00:00,959.58942703,10
2026-07-19T17:00:00+00:00,959.58942703,10
2026-07-19T20:00:00+00:00,959.58942703,10
2026-07-19T21:00:00+00:00,959.58942703,10
2026-07-19T22:00:00+00:00,959.58942703,10
2026-07-19T23:00:00+00:00,959.58942703,10
2026-07-20T00:00:00+00:00,959.58942703,10
2026-07-20T01:00:00+00:00,959.58942703,10
2026-07-20T02:00:00+00:00,959.58942703,10
2026-07-20T05:00:00+00:00,959.58942703,10
2026-07-20T06:00:00+00:00,956.30349706,5
2026-07-20T07:00:00+00:00,956.30349706,5
2026-07-20T08:00:00+00:00,956.30349706,5
2026-07-20T10:00:00+00:00,956.30349706,10
2026-07-20T11:00:00+00:00,956.30349706,10
2026-07-20T12:00:00+00:00,956.30349706,10
2026-07-20T13:00:00+00:00,948.23001733,10
2026-07-20T14:00:00+00:00,948.23001733,10
2026-07-20T15:00:00+00:00,948.23001733,10
2026-07-20T16:00:00+00:00,948.23001733,10
2026-07-20T17:00:00+00:00,948.23001733,10
2026-07-20T19:00:00+00:00,935.63001733,7
2026-07-20T20:00:00+00:00,935.63001733,10
2026-07-20T22:00:00+00:00,935.63001733,10
2026-07-21T00:00:00+00:00,935.63001733,10
2026-07-21T01:00:00+00:00,935.63001733,10
2026-07-21T02:00:00+00:00,935.63001733,10
2026-07-21T03:00:00+00:00,935.63001733,10
2026-07-21T05:00:00+00:00,935.63001733,10
2026-07-21T06:00:00+00:00,935.63001733,10
2026-07-21T07:00:00+00:00,935.63001733,10
2026-07-21T08:00:00+00:00,935.63001733,10
2026-07-21T10:00:00+00:00,966.31553809,10
2026-07-21T11:00:00+00:00,966.31553809,10
2026-07-21T12:00:00+00:00,966.31553809,10
2026-07-21T13:00:00+00:00,968.25650502,10
2026-07-21T14:00:00+00:00,968.25650502,10
2026-07-21T15:00:00+00:00,968.25650502,10
2026-07-21T16:00:00+00:00,968.25650502,10
2026-07-21T17:00:00+00:00,968.25650502,10
2026-07-21T20:00:00+00:00,965.31275502,7
2026-07-21T21:00:00+00:00,965.31275502,9
2026-07-21T22:00:00+00:00,965.31275502,10
2026-07-21T23:00:00+00:00,965.31275502,10
2026-07-22T01:00:00+00:00,965.31275502,10
2026-07-22T02:00:00+00:00,965.31275502,10
2026-07-22T03:00:00+00:00,965.31275502,10
2026-07-22T05:00:00+00:00,965.31275502,10
2026-07-22T07:00:00+00:00,965.31275502,10
2026-07-22T08:00:00+00:00,965.31275502,10
2026-07-22T09:00:00+00:00,965.31275502,10
2026-07-22T10:00:00+00:00,954.81554831,10
2026-07-22T11:00:00+00:00,954.81554831,10
2026-07-22T12:00:00+00:00,954.81554831,10
2026-07-22T13:00:00+00:00,960.16295527,10
2026-07-22T14:00:00+00:00,960.16295527,10
2026-07-22T15:00:00+00:00,960.16295527,10
2026-07-22T16:00:00+00:00,960.16295527,10
2026-07-22T21:00:00+00:00,955.99344511,8
2026-07-22T22:00:00+00:00,954.16595867,7
2026-07-23T01:00:00+00:00,954.16595867,10
2026-07-23T03:00:00+00:00,954.16595867,10
2026-07-23T06:00:00+00:00,954.16595867,10
2026-07-23T07:00:00+00:00,954.16595867,10
2026-07-23T08:00:00+00:00,954.16595867,10
2026-07-23T09:00:00+00:00,954.16595867,10
2026-07-23T10:00:00+00:00,950.63420141,10
2026-07-23T11:00:00+00:00,950.63420141,10
2026-07-23T12:00:00+00:00,942.23420141,10
2026-07-23T13:00:00+00:00,929.63420141,10
2026-07-23T14:00:00+00:00,929.63420141,10
2026-07-23T15:00:00+00:00,929.63420141,10
2026-07-23T16:00:00+00:00,929.63420141,10
2026-07-23T17:00:00+00:00,929.63420141,10
2026-07-23T20:00:00+00:00,929.63420141,10
2026-07-23T22:00:00+00:00,929.63420141,10
2026-07-24T00:00:00+00:00,929.63420141,10
2026-07-24T01:00:00+00:00,929.63420141,10
2026-07-24T02:00:00+00:00,929.63420141,10
2026-07-24T03:00:00+00:00,929.63420141,10
2026-07-24T04:00:00+00:00,929.63420141,10
2026-07-24T05:00:00+00:00,929.63420141,10
2026-07-24T06:00:00+00:00,929.63420141,10
2026-07-24T08:00:00+00:00,929.63420141,10
2026-07-24T09:00:00+00:00,929.63420141,10
2026-07-24T10:00:00+00:00,932.31637195,10
2026-07-24T12:00:00+00:00,904.19713451,3
2026-07-24T13:00:00+00:00,892.80481340,0
2026-07-24T14:00:00+00:00,892.80481340,10
2026-07-24T15:00:00+00:00,892.80481340,10
2026-07-24T17:00:00+00:00,892.80481340,10
2026-07-24T18:00:00+00:00,855.20481340,2
2026-07-24T19:00:00+00:00,842.80481340,10
2026-07-24T20:00:00+00:00,842.80481340,10
2026-07-24T21:00:00+00:00,842.80481340,10
2026-07-24T22:00:00+00:00,842.80481340,10
2026-07-25T00:00:00+00:00,842.80481340,10
2026-07-25T01:00:00+00:00,842.80481340,10
2026-07-25T03:00:00+00:00,842.80481340,10
2026-07-25T05:00:00+00:00,842.80481340,10
2026-07-25T06:00:00+00:00,805.20481340,2
2026-07-25T07:00:00+00:00,805.20481340,10
2026-07-25T08:00:00+00:00,805.20481340,10
2026-07-25T09:00:00+00:00,755.20481340,0
2026-07-25T13:00:00+00:00,755.20481340,10
2026-07-25T15:00:00+00:00,755.20481340,10
2026-07-25T17:00:00+00:00,755.20481340,10
2026-07-25T21:00:00+00:00,755.20481340,10
2026-07-25T23:00:00+00:00,755.20481340,10
2026-07-26T00:00:00+00:00,755.20481340,10
2026-07-26T01:00:00+00:00,755.20481340,10
2026-07-26T02:00:00+00:00,755.20481340,10
2026-07-26T05:00:00+00:00,755.20481340,10
2026-07-26T11:00:00+00:00,755.20481340,10
2026-07-26T13:00:00+00:00,769.66547935,0
2026-07-26T16:00:00+00:00,769.66547935,10
2026-07-26T17:00:00+00:00,769.66547935,10
2026-07-26T19:00:00+00:00,769.66547935,10
2026-07-26T20:00:00+00:00,769.66547935,10
2026-07-26T22:00:00+00:00,769.66547935,10
2026-07-27T02:00:00+00:00,769.66547935,10
2026-07-27T05:00:00+00:00,769.66547935,10
2026-07-27T10:00:00+00:00,769.66547935,10
2026-07-27T11:00:00+00:00,769.66547935,10
2026-07-27T13:00:00+00:00,769.66547935,10
2026-07-27T14:00:00+00:00,769.66547935,10
2026-07-27T15:00:00+00:00,769.66547935,10
2026-07-27T16:00:00+00:00,768.62026861,10
2026-07-27T17:00:00+00:00,768.62026861,10
2026-07-27T18:00:00+00:00,768.62026861,10
2026-07-27T19:00:00+00:00,768.62026861,10
2026-07-27T20:00:00+00:00,768.62026861,10
2026-07-27T21:00:00+00:00,768.62026861,10
2026-07-27T22:00:00+00:00,776.42026861,10
2026-07-27T23:00:00+00:00,776.42026861,10
2026-07-28T00:00:00+00:00,768.02026861,10
2026-07-28T01:00:00+00:00,768.02026861,10
2026-07-28T04:00:00+00:00,768.02026861,10
2026-07-28T05:00:00+00:00,768.02026861,10
2026-07-28T06:00:00+00:00,768.02026861,10
2026-07-28T07:00:00+00:00,768.02026861,10
2026-07-28T08:00:00+00:00,768.02026861,10
2026-07-28T09:00:00+00:00,763.82026861,10
2026-07-28T10:00:00+00:00,763.82026861,10
2026-07-28T11:00:00+00:00,763.82026861,10
2026-07-28T12:00:00+00:00,763.82026861,10
2026-07-28T13:00:00+00:00,763.82026861,10
2026-07-28T14:00:00+00:00,763.82026861,10
2026-07-28T15:00:00+00:00,763.82026861,10
2026-07-28T16:00:00+00:00,761.74716095,10
2026-07-28T17:00:00+00:00,761.74716095,10
2026-07-28T18:00:00+00:00,761.74716095,10
2026-07-28T19:00:00+00:00,761.74716095,10
2026-07-28T21:00:00+00:00,761.74716095,10
2026-07-28T22:00:00+00:00,761.53015840,10
2026-07-28T23:00:00+00:00,761.53015840,10
2026-07-29T00:00:00+00:00,761.17013042,10
2026-07-29T01:00:00+00:00,761.17013042,10
2026-07-29T02:00:00+00:00,761.17013042,10
2026-07-29T03:00:00+00:00,752.77013042,10
2026-07-29T04:00:00+00:00,752.77013042,10
2026-07-29T05:00:00+00:00,752.77013042,10
2026-07-29T06:00:00+00:00,752.77013042,10
2026-07-29T07:00:00+00:00,752.77013042,10
2026-07-29T08:00:00+00:00,752.77013042,10
2026-07-29T09:00:00+00:00,754.04536751,10
2026-07-29T10:00:00+00:00,749.84536751,10
2026-07-29T11:00:00+00:00,749.84536751,10
2026-07-29T12:00:00+00:00,749.84536751,10
2026-07-29T13:00:00+00:00,749.84536751,10
2026-07-29T14:00:00+00:00,745.64536751,10
2026-07-29T15:00:00+00:00,745.64536751,10
2026-07-29T16:00:00+00:00,756.48394682,10
2026-07-29T17:00:00+00:00,756.48394682,10
2026-07-29T18:00:00+00:00,774.08394682,10
2026-07-29T19:00:00+00:00,769.88394682,10
2026-07-29T20:00:00+00:00,769.88394682,10
2026-07-29T21:00:00+00:00,769.88394682,10
2026-07-29T22:00:00+00:00,769.68094987,10
2026-07-29T23:00:00+00:00,769.68094987,10
2026-07-30T00:00:00+00:00,769.68094987,10
2026-07-30T01:00:00+00:00,769.68094987,10
2026-07-30T02:00:00+00:00,769.68094987,10
2026-07-30T03:00:00+00:00,767.93538413,10
2026-07-30T04:00:00+00:00,767.93538413,10
2026-07-30T05:00:00+00:00,767.93538413,10
2026-07-30T06:00:00+00:00,767.93538413,10
2026-07-30T07:00:00+00:00,767.93538413,10
2026-07-30T08:00:00+00:00,767.93538413,10
2026-07-30T09:00:00+00:00,767.93538413,10
2026-07-30T10:00:00+00:00,760.48023231,10
2026-07-30T11:00:00+00:00,760.48023231,10
2026-07-30T12:00:00+00:00,760.48023231,10
2026-07-30T14:00:00+00:00,760.25426036,10
2026-07-30T15:00:00+00:00,760.25426036,10
2026-07-30T16:00:00+00:00,769.61828090,10
2026-07-30T17:00:00+00:00,769.61828090,10
2026-07-30T18:00:00+00:00,767.06388234,10
2026-07-30T19:00:00+00:00,767.57068862,10
2026-07-30T20:00:00+00:00,767.57068862,10
2026-07-30T21:00:00+00:00,767.57068862,10
2026-07-30T22:00:00+00:00,767.26738284,10
2026-07-30T23:00:00+00:00,767.26738284,10
2026-07-31T00:00:00+00:00,767.26738284,10
2026-07-31T01:00:00+00:00,767.26738284,10
2026-07-31T02:00:00+00:00,767.26738284,10
2026-07-31T03:00:00+00:00,767.26738284,10
2026-07-31T04:00:00+00:00,767.26738284,10
2026-07-31T05:00:00+00:00,767.26738284,10
2026-07-31T06:00:00+00:00,767.26738284,10
2026-07-31T07:00:00+00:00,767.26738284,10
2026-07-31T08:00:00+00:00,767.26738284,10
2026-07-31T09:00:00+00:00,763.06738284,10
2026-07-31T10:00:00+00:00,759.56450150,10
2026-07-31T11:00:00+00:00,759.56450150,10
2026-07-31T12:00:00+00:00,759.56450150,10
2026-07-31T13:00:00+00:00,751.16450150,10
2026-07-31T14:00:00+00:00,751.16450150,10
2026-07-31T15:00:00+00:00,751.16450150,10
2026-07-31T16:00:00+00:00,744.62594932,10
2026-07-31T17:00:00+00:00,752.42594932,10
2026-07-31T18:00:00+00:00,753.59172591,10
2026-07-31T19:00:00+00:00,749.39172591,10
2026-07-31T20:00:00+00:00,749.39172591,10
2026-07-31T21:00:00+00:00,749.39172591,10
2026-07-31T22:00:00+00:00,750.79252631,10
2026-07-31T23:00:00+00:00,750.79252631,10
2026-08-01T00:00:00+00:00,750.79252631,10
2026-08-01T01:00:00+00:00,750.79252631,10
2026-08-01T02:00:00+00:00,750.79252631,10
2026-08-01T03:00:00+00:00,750.79252631,10
2026-08-01T04:00:00+00:00,750.79252631,10
2026-08-01T05:00:00+00:00,750.79252631,10
2026-08-01T06:00:00+00:00,750.79252631,10
2026-08-01T07:00:00+00:00,750.79252631,10
2026-08-01T08:00:00+00:00,750.79252631,10
2026-08-01T09:00:00+00:00,751.53592254,10
2026-08-01T10:00:00+00:00,747.72659612,10
2026-08-01T11:00:00+00:00,755.52659612,10
2026-08-01T12:00:00+00:00,755.52659612,10
2026-08-01T13:00:00+00:00,758.15772365,10
2026-08-01T14:00:00+00:00,758.15772365,10
2026-08-01T15:00:00+00:00,758.15772365,10
2026-08-01T16:00:00+00:00,757.24892270,10
2026-08-01T17:00:00+00:00,754.80745556,10
2026-08-01T18:00:00+00:00,748.97924417,10
2026-08-01T19:00:00+00:00,748.97924417,10
2026-08-01T20:00:00+00:00,748.97924417,10
2026-08-01T21:00:00+00:00,748.97924417,10
2026-08-01T22:00:00+00:00,748.97924417,10
2026-08-01T23:00:00+00:00,748.97924417,10
2026-08-02T00:00:00+00:00,748.97924417,10
2026-08-02T01:00:00+00:00,748.97924417,10
2026-08-02T02:00:00+00:00,748.97924417,10
2026-08-02T03:00:00+00:00,748.97924417,10
2026-08-02T04:00:00+00:00,748.97924417,10
2026-08-02T05:00:00+00:00,748.97924417,10
2026-08-02T06:00:00+00:00,756.77924417,10
2026-08-02T07:00:00+00:00,756.77924417,10
2026-08-02T08:00:00+00:00,756.77924417,10
2026-08-02T09:00:00+00:00,756.77924417,10
2026-08-02T10:00:00+00:00,758.62737549,10
2026-08-02T11:00:00+00:00,758.37224870,10
2026-08-02T12:00:00+00:00,754.17224870,10
2026-08-02T13:00:00+00:00,749.21515993,10
2026-08-02T14:00:00+00:00,757.01515993,10
2026-08-02T15:00:00+00:00,752.81515993,10
2026-08-02T16:00:00+00:00,762.61515993,10
2026-08-02T17:00:00+00:00,765.38290187,10
2026-08-02T18:00:00+00:00,769.40825398,10
2026-08-02T19:00:00+00:00,769.40825398,10
2026-08-02T20:00:00+00:00,787.00825398,10
2026-08-02T21:00:00+00:00,787.00825398,10
2026-08-02T22:00:00+00:00,787.00825398,10
2026-08-02T23:00:00+00:00,787.00825398,10
2026-08-03T00:00:00+00:00,787.00825398,10
2026-08-03T01:00:00+00:00,787.00825398,10
2026-08-03T02:00:00+00:00,787.00825398,10
2026-08-03T03:00:00+00:00,782.80825398,10
2026-08-03T04:00:00+00:00,782.80825398,10
2026-08-03T05:00:00+00:00,782.80825398,10
2026-08-03T06:00:00+00:00,782.57819989,10
2026-08-03T07:00:00+00:00,792.37819989,10
2026-08-03T08:00:00+00:00,792.37819989,10
2026-08-03T09:00:00+00:00,788.17819989,10
2026-08-03T10:00:00+00:00,783.97819989,10
2026-08-03T11:00:00+00:00,783.97819989,10
2026-08-03T12:00:00+00:00,783.97819989,10
2026-08-03T13:00:00+00:00,800.05875544,10
2026-08-03T14:00:00+00:00,799.29918399,10
2026-08-03T15:00:00+00:00,799.10618364,10
2026-08-03T16:00:00+00:00,798.35630147,10
2026-08-03T17:00:00+00:00,798.35630147,10
2026-08-03T18:00:00+00:00,800.32004416,10
2026-08-03T19:00:00+00:00,808.12004416,10
2026-08-03T20:00:00+00:00,807.89306898,10
2026-08-03T21:00:00+00:00,807.89306898,10
2026-08-03T22:00:00+00:00,803.69306898,10
2026-08-03T23:00:00+00:00,803.69306898,10
2026-08-04T00:00:00+00:00,803.69306898,10
2026-08-04T01:00:00+00:00,803.69306898,10
2026-08-04T02:00:00+00:00,803.69306898,10
2026-08-04T03:00:00+00:00,803.69306898,10
2026-08-04T04:00:00+00:00,803.69306898,10
2026-08-04T05:00:00+00:00,811.49306898,10
2026-08-04T06:00:00+00:00,811.49306898,10
2026-08-04T07:00:00+00:00,810.53676645,10
2026-08-04T08:00:00+00:00,810.53676645,10
2026-08-04T09:00:00+00:00,811.33565658,10
2026-08-04T10:00:00+00:00,811.33565658,10
2026-08-04T11:00:00+00:00,811.33565658,10
2026-08-04T12:00:00+00:00,811.33565658,10
2026-08-04T13:00:00+00:00,806.34494596,10
2026-08-04T14:00:00+00:00,814.93997084,10
2026-08-04T15:00:00+00:00,822.73997084,10
2026-08-04T16:00:00+00:00,822.73997084,10
2026-08-04T17:00:00+00:00,830.53997084,10
2026-08-04T18:00:00+00:00,830.53997084,10
2026-08-04T19:00:00+00:00,830.53997084,10
2026-08-04T20:00:00+00:00,830.53997084,10
2026-08-04T21:00:00+00:00,830.53997084,10
2026-08-04T22:00:00+00:00,834.86110020,10
2026-08-04T23:00:00+00:00,834.86110020,10
2026-08-05T00:00:00+00:00,834.86110020,10
2026-08-05T01:00:00+00:00,834.86110020,10
2026-08-05T02:00:00+00:00,834.86110020,10
2026-08-05T03:00:00+00:00,842.66110020,10
2026-08-05T04:00:00+00:00,842.66110020,10
2026-08-05T05:00:00+00:00,842.66110020,10
2026-08-05T06:00:00+00:00,842.66110020,10
2026-08-05T07:00:00+00:00,843.74021694,10
2026-08-05T08:00:00+00:00,843.74021694,10
2026-08-05T09:00:00+00:00,839.33022493,10
2026-08-05T10:00:00+00:00,839.33022493,10
2026-08-05T11:00:00+00:00,839.33022493,10
2026-08-05T12:00:00+00:00,839.33022493,10
2026-08-05T13:00:00+00:00,849.44820391,10
2026-08-05T14:00:00+00:00,847.36981570,10
2026-08-05T15:00:00+00:00,850.96981570,10
2026-08-05T16:00:00+00:00,850.96981570,10
2026-08-05T17:00:00+00:00,852.75454853,10
2026-08-05T18:00:00+00:00,852.75454853,10
2026-08-05T19:00:00+00:00,848.55454853,10
2026-08-05T20:00:00+00:00,848.55454853,10
2026-08-05T21:00:00+00:00,848.55454853,10
2026-08-05T22:00:00+00:00,845.69865938,10
2026-08-05T23:00:00+00:00,845.69865938,10
2026-08-06T00:00:00+00:00,841.49865938,10
2026-08-06T01:00:00+00:00,841.49865938,10
2026-08-06T02:00:00+00:00,841.49865938,10
2026-08-06T03:00:00+00:00,833.09865938,10
2026-08-06T04:00:00+00:00,833.09865938,10
2026-08-06T05:00:00+00:00,833.09865938,10
2026-08-06T06:00:00+00:00,833.09865938,10
2026-08-06T07:00:00+00:00,833.09865938,10
2026-08-06T08:00:00+00:00,833.09865938,10
2026-08-06T09:00:00+00:00,833.09865938,10
2026-08-06T10:00:00+00:00,833.09865938,10
2026-08-06T11:00:00+00:00,833.09865938,10
2026-08-06T12:00:00+00:00,833.09865938,10
2026-08-06T13:00:00+00:00,842.89865938,10
2026-08-06T14:00:00+00:00,842.81077407,10
2026-08-06T15:00:00+00:00,844.21473766,10
2026-08-06T16:00:00+00:00,859.81473766,10
2026-08-06T17:00:00+00:00,863.47652628,10
2026-08-06T18:00:00+00:00,859.27652628,10
2026-08-06T19:00:00+00:00,855.07652628,10
2026-08-06T20:00:00+00:00,862.87652628,10
2026-08-06T21:00:00+00:00,858.67652628,10
2026-08-06T22:00:00+00:00,855.84627843,10
2026-08-06T23:00:00+00:00,863.64627843,10
2026-08-07T00:00:00+00:00,863.43626140,10
2026-08-07T01:00:00+00:00,863.43626140,10
2026-08-07T02:00:00+00:00,863.43626140,10
2026-08-07T03:00:00+00:00,865.08216830,10
2026-08-07T04:00:00+00:00,865.08216830,10
2026-08-07T05:00:00+00:00,865.08216830,10
2026-08-07T06:00:00+00:00,872.88216830,10
2026-08-07T07:00:00+00:00,872.88216830,10
2026-08-07T08:00:00+00:00,872.88216830,10
2026-08-07T09:00:00+00:00,872.88216830,10
2026-08-07T10:00:00+00:00,872.88216830,10
2026-08-07T11:00:00+00:00,872.88216830,10
2026-08-07T12:00:00+00:00,872.88216830,10
2026-08-07T13:00:00+00:00,872.88216830,10
2026-08-07T14:00:00+00:00,868.20071196,10
2026-08-07T15:00:00+00:00,868.20071196,10
2026-08-07T16:00:00+00:00,868.20071196,10
2026-08-07T17:00:00+00:00,868.20071196,10
2026-08-07T18:00:00+00:00,864.91182307,10
2026-08-07T19:00:00+00:00,864.91182307,10
2026-08-07T20:00:00+00:00,863.37112906,10
2026-08-07T21:00:00+00:00,859.65657662,10
2026-08-07T22:00:00+00:00,859.65657662,10
2026-08-07T23:00:00+00:00,859.43255548,10
2026-08-08T00:00:00+00:00,859.48555991,10
2026-08-08T01:00:00+00:00,859.48555991,10
2026-08-08T02:00:00+00:00,859.48555991,10
2026-08-08T03:00:00+00:00,859.48555991,10
2026-08-08T04:00:00+00:00,859.48555991,10
2026-08-08T05:00:00+00:00,855.28555991,10
2026-08-08T06:00:00+00:00,853.49573479,10
2026-08-08T07:00:00+00:00,853.49573479,10
2026-08-08T08:00:00+00:00,853.49573479,10
2026-08-08T09:00:00+00:00,853.49573479,10
2026-08-08T10:00:00+00:00,861.29573479,10
2026-08-08T11:00:00+00:00,857.09573479,10
2026-08-08T12:00:00+00:00,857.09573479,10
2026-08-08T13:00:00+00:00,857.09573479,10
2026-08-08T14:00:00+00:00,868.53533789,10
2026-08-08T15:00:00+00:00,876.33533789,10
2026-08-08T16:00:00+00:00,876.33533789,10
2026-08-08T17:00:00+00:00,876.33533789,10
2026-08-08T18:00:00+00:00,876.27226511,10
2026-08-08T19:00:00+00:00,876.27226511,10
2026-08-08T20:00:00+00:00,878.91779356,10
2026-08-08T21:00:00+00:00,878.99582878,10
2026-08-08T22:00:00+00:00,878.99582878,10
2026-08-08T23:00:00+00:00,878.80448155,10
2026-08-09T00:00:00+00:00,878.80448155,10
2026-08-09T01:00:00+00:00,878.80448155,10
2026-08-09T02:00:00+00:00,874.60448155,10
2026-08-09T03:00:00+00:00,874.60448155,10
2026-08-09T04:00:00+00:00,882.40448155,10
2026-08-09T05:00:00+00:00,882.40448155,10
2026-08-09T06:00:00+00:00,886.25716645,10
2026-08-09T07:00:00+00:00,886.25716645,10
2026-08-09T08:00:00+00:00,886.25716645,10
2026-08-09T09:00:00+00:00,886.25716645,10
2026-08-09T10:00:00+00:00,886.25716645,10
2026-08-09T11:00:00+00:00,889.22880824,10
2026-08-09T12:00:00+00:00,885.02880824,10
2026-08-09T13:00:00+00:00,892.82880824,10
2026-08-09T14:00:00+00:00,889.77363900,10
2026-08-09T15:00:00+00:00,889.77363900,10
2026-08-09T16:00:00+00:00,885.57363900,10
2026-08-09T17:00:00+00:00,885.57363900,10
2026-08-09T18:00:00+00:00,885.54877035,10
2026-08-09T19:00:00+00:00,885.54877035,10
2026-08-09T20:00:00+00:00,886.42849229,10
2026-08-09T21:00:00+00:00,886.48047213,10
2026-08-09T22:00:00+00:00,886.48047213,10
2026-08-09T23:00:00+00:00,888.40168425,10
2026-08-10T00:00:00+00:00,888.40168425,10
2026-08-10T01:00:00+00:00,888.40168425,10
2026-08-10T02:00:00+00:00,896.20168425,10
2026-08-10T03:00:00+00:00,896.20168425,10
2026-08-10T04:00:00+00:00,891.80168425,10
2026-08-10T05:00:00+00:00,891.80168425,10
2026-08-10T06:00:00+00:00,892.64335092,10
2026-08-10T07:00:00+00:00,892.64335092,10
2026-08-10T08:00:00+00:00,892.64335092,10
2026-08-10T09:00:00+00:00,888.44335092,10
2026-08-10T10:00:00+00:00,888.44335092,10
2026-08-10T11:00:00+00:00,888.44335092,10
2026-08-10T12:00:00+00:00,887.67185648,10
2026-08-10T13:00:00+00:00,887.67185648,10
2026-08-10T14:00:00+00:00,887.67185648,10
2026-08-10T15:00:00+00:00,895.47185648,10
2026-08-10T16:00:00+00:00,892.97073879,10
2026-08-10T17:00:00+00:00,892.97073879,10
2026-08-10T18:00:00+00:00,887.40114815,10
2026-08-10T19:00:00+00:00,883.20114815,10
2026-08-10T20:00:00+00:00,882.89738680,10
2026-08-10T21:00:00+00:00,882.89738680,10
2026-08-10T22:00:00+00:00,882.89738680,10
2026-08-10T23:00:00+00:00,878.51637427,10
2026-08-11T00:00:00+00:00,878.51637427,10
2026-08-11T01:00:00+00:00,874.31637427,10
2026-08-11T02:00:00+00:00,874.31637427,10
2026-08-11T03:00:00+00:00,874.31637427,10
2026-08-11T04:00:00+00:00,869.27862887,10
2026-08-11T05:00:00+00:00,869.27862887,10
2026-08-11T06:00:00+00:00,869.27862887,10
2026-08-11T07:00:00+00:00,869.27862887,10
2026-08-11T08:00:00+00:00,869.27862887,10
2026-08-11T09:00:00+00:00,869.56306810,10
2026-08-11T10:00:00+00:00,869.56306810,10
2026-08-11T11:00:00+00:00,869.56306810,10
2026-08-11T12:00:00+00:00,869.56306810,10
2026-08-11T13:00:00+00:00,869.56306810,10
2026-08-11T14:00:00+00:00,861.16306810,10
2026-08-11T15:00:00+00:00,861.16306810,10
2026-08-11T16:00:00+00:00,861.16306810,10
2026-08-11T17:00:00+00:00,861.16306810,10
2026-08-11T18:00:00+00:00,858.74022941,10
2026-08-11T19:00:00+00:00,858.74022941,10
2026-08-11T20:00:00+00:00,858.04304244,10
2026-08-11T21:00:00+00:00,858.04304244,10
2026-08-11T22:00:00+00:00,858.04304244,10
2026-08-11T23:00:00+00:00,857.58913867,10
2026-08-12T00:00:00+00:00,857.58913867,10
2026-08-12T01:00:00+00:00,857.44874949,10
2026-08-12T02:00:00+00:00,857.44874949,10
2026-08-12T03:00:00+00:00,857.44874949,10
2026-08-12T04:00:00+00:00,853.68458212,10
2026-08-12T05:00:00+00:00,853.68458212,10
2026-08-12T06:00:00+00:00,853.68458212,10
2026-08-12T07:00:00+00:00,853.68458212,10
2026-08-12T08:00:00+00:00,861.48458212,10
2026-08-12T09:00:00+00:00,862.35673416,10
2026-08-12T10:00:00+00:00,862.35673416,10
2026-08-12T11:00:00+00:00,862.35673416,10
2026-08-12T12:00:00+00:00,870.15673416,10
2026-08-12T13:00:00+00:00,865.95673416,10
2026-08-12T14:00:00+00:00,869.32328808,10
2026-08-12T15:00:00+00:00,869.32328808,10
2026-08-12T16:00:00+00:00,869.32328808,10
2026-08-12T17:00:00+00:00,869.32328808,10
2026-08-12T18:00:00+00:00,868.95382049,10
2026-08-12T19:00:00+00:00,860.55382049,10
2026-08-12T20:00:00+00:00,860.55382049,10
2026-08-12T21:00:00+00:00,860.55382049,10
2026-08-12T22:00:00+00:00,860.55382049,10
2026-08-12T23:00:00+00:00,860.36381050,10
2026-08-13T00:00:00+00:00,860.36381050,10
2026-08-13T01:00:00+00:00,861.76531780,10
2026-08-13T02:00:00+00:00,861.76531780,10
2026-08-13T03:00:00+00:00,861.76531780,10
2026-08-13T04:00:00+00:00,857.84539573,10
2026-08-13T05:00:00+00:00,857.84539573,10
2026-08-13T06:00:00+00:00,865.64539573,10
2026-08-13T07:00:00+00:00,865.64539573,10
2026-08-13T08:00:00+00:00,869.50493565,10
2026-08-13T09:00:00+00:00,869.50493565,10
2026-08-13T10:00:00+00:00,869.50493565,10
2026-08-13T11:00:00+00:00,869.50493565,10
2026-08-13T12:00:00+00:00,869.50493565,10
2026-08-13T13:00:00+00:00,868.19445530,10
2026-08-13T14:00:00+00:00,869.67172539,10
2026-08-13T15:00:00+00:00,877.47172539,10
2026-08-13T16:00:00+00:00,877.47172539,10
2026-08-13T17:00:00+00:00,877.47172539,10
2026-08-13T18:00:00+00:00,881.00833002,10
2026-08-13T19:00:00+00:00,884.85835854,10
2026-08-13T20:00:00+00:00,884.85835854,10
2026-08-13T21:00:00+00:00,884.85835854,10
2026-08-13T22:00:00+00:00,884.85835854,10
2026-08-13T23:00:00+00:00,884.85835854,10
2026-08-14T00:00:00+00:00,884.85835854,10
2026-08-14T01:00:00+00:00,892.65835854,10
2026-08-14T02:00:00+00:00,888.45835854,10
2026-08-14T03:00:00+00:00,888.45835854,10
2026-08-14T04:00:00+00:00,887.39692651,10
2026-08-14T05:00:00+00:00,895.19692651,10
2026-08-14T06:00:00+00:00,893.90063022,10
2026-08-14T07:00:00+00:00,893.90063022,10
2026-08-14T08:00:00+00:00,892.80181236,10
2026-08-14T09:00:00+00:00,888.60181236,10
2026-08-14T10:00:00+00:00,888.60181236,10
2026-08-14T11:00:00+00:00,896.40181236,10
2026-08-14T12:00:00+00:00,892.20181236,10
2026-08-14T13:00:00+00:00,888.00181236,10
2026-08-14T14:00:00+00:00,879.60181236,10
2026-08-14T15:00:00+00:00,875.95228140,10
2026-08-14T16:00:00+00:00,875.95228140,10
2026-08-14T17:00:00+00:00,875.95228140,10
2026-08-14T18:00:00+00:00,875.76227041,10
2026-08-14T19:00:00+00:00,875.76227041,10
2026-08-14T20:00:00+00:00,875.76227041,10
2026-08-14T21:00:00+00:00,875.76227041,10
2026-08-14T22:00:00+00:00,875.76227041,10
2026-08-14T23:00:00+00:00,875.76227041,10
2026-08-15T00:00:00+00:00,875.76227041,10
2026-08-15T01:00:00+00:00,875.76227041,10
2026-08-15T02:00:00+00:00,883.56227041,10
2026-08-15T03:00:00+00:00,883.56227041,10
2026-08-15T04:00:00+00:00,886.16819403,10
2026-08-15T05:00:00+00:00,885.98817006,10
2026-08-15T06:00:00+00:00,893.78817006,10
2026-08-15T07:00:00+00:00,893.78817006,10
2026-08-15T08:00:00+00:00,894.65768877,10
2026-08-15T09:00:00+00:00,890.27767279,10
2026-08-15T10:00:00+00:00,890.27767279,10
2026-08-15T11:00:00+00:00,890.27767279,10
2026-08-15T12:00:00+00:00,884.15513765,10
2026-08-15T13:00:00+00:00,884.04267777,10
2026-08-15T14:00:00+00:00,892.33901350,10
2026-08-15T15:00:00+00:00,894.03834873,10
2026-08-15T16:00:00+00:00,894.03834873,10
2026-08-15T17:00:00+00:00,894.03834873,10
2026-08-15T18:00:00+00:00,894.03834873,10
2026-08-15T19:00:00+00:00,901.83834873,10
2026-08-15T20:00:00+00:00,901.83834873,10
2026-08-15T21:00:00+00:00,909.63834873,10
2026-08-15T22:00:00+00:00,905.43834873,10
2026-08-15T23:00:00+00:00,905.43834873,10
2026-08-16T00:00:00+00:00,905.43834873,10
2026-08-16T01:00:00+00:00,905.43834873,10
2026-08-16T02:00:00+00:00,904.42386910,10
2026-08-16T03:00:00+00:00,904.42386910,10
2026-08-16T04:00:00+00:00,904.42386910,10
2026-08-16T05:00:00+00:00,904.42386910,10
2026-08-16T06:00:00+00:00,904.42386910,10
2026-08-16T07:00:00+00:00,904.42386910,10
2026-08-16T08:00:00+00:00,904.42386910,10
2026-08-16T09:00:00+00:00,904.21387409,10
2026-08-16T10:00:00+00:00,912.01387409,10
2026-08-16T11:00:00+00:00,907.81387409,10
2026-08-16T12:00:00+00:00,915.22272800,10
2026-08-16T13:00:00+00:00,915.02572521,10
2026-08-16T14:00:00+00:00,914.86677614,10
2026-08-16T15:00:00+00:00,914.86677614,10
2026-08-16T16:00:00+00:00,914.86677614,10
2026-08-16T17:00:00+00:00,914.86677614,10
2026-08-16T18:00:00+00:00,922.66677614,10
2026-08-16T19:00:00+00:00,922.66677614,10
2026-08-16T20:00:00+00:00,930.46677614,10
2026-08-16T21:00:00+00:00,930.46677614,10
2026-08-16T22:00:00+00:00,930.72486135,10
2026-08-16T23:00:00+00:00,930.72486135,10
2026-08-17T00:00:00+00:00,930.72486135,10
2026-08-17T01:00:00+00:00,938.52486135,10
2026-08-17T02:00:00+00:00,940.89335450,10
2026-08-17T03:00:00+00:00,940.89335450,10
2026-08-17T04:00:00+00:00,940.89335450,10
2026-08-17T05:00:00+00:00,948.69335450,10
2026-08-17T06:00:00+00:00,952.29335450,10
2026-08-17T07:00:00+00:00,952.29335450,10
2026-08-17T08:00:00+00:00,952.29335450,10
2026-08-17T09:00:00+00:00,952.29335450,10
2026-08-17T10:00:00+00:00,948.09335450,10
2026-08-17T11:00:00+00:00,948.09335450,10
2026-08-17T12:00:00+00:00,945.20888245,10
2026-08-17T13:00:00+00:00,945.20888245,10
2026-08-17T14:00:00+00:00,943.83704037,10
2026-08-17T15:00:00+00:00,943.83704037,10
2026-08-17T15:41:47.352932+00:00,943.83704037,10
2026-08-17T15:41:47.979890+00:00,943.83704037,10
2026-08-17T15:41:52.331422+00:00,943.83704037,10
2026-08-17T15:41:55.838585+00:00,943.83704037,10
2026-08-17T16:00:00+00:00,943.83704037,10
2026-08-17T17:00:00+00:00,943.83704037,10
2026-08-17T18:00:00+00:00,951.63704037,10
2026-08-17T19:00:00+00:00,959.43704037,10
2026-08-17T20:00:00+00:00,959.94648552,10
2026-08-17T21:00:00+00:00,959.94648552,10
2026-08-17T22:00:00+00:00,963.54648552,10
2026-08-17T23:00:00+00:00,963.54648552,10
2026-08-18T00:00:00+00:00,971.34648552,10
2026-08-18T01:00:00+00:00,967.14648552,10
2026-08-18T01:45:33.562886+00:00,967.14648552,10
2026-08-18T01:45:34.193545+00:00,967.14648552,10
2026-08-18T01:45:45.256655+00:00,967.14648552,10
2026-08-18T01:45:45.880284+00:00,967.14648552,10
2026-08-18T01:45:52.611677+00:00,967.14648552,10
2026-08-18T01:46:03.886023+00:00,967.14648552,10
2026-08-18T01:46:04.518571+00:00,967.14648552,10
2026-08-18T01:46:05.136489+00:00,967.14648552,10
2026-08-18T02:00:00+00:00,966.08589018,10
2026-08-18T02:13:39.827160+00:00,966.08589018,10
2026-08-18T02:13:54.730829+00:00,966.08589018,10
2026-08-18T02:14:05.232587+00:00,966.08589018,10
2026-08-18T02:14:08.377588+00:00,966.08589018,10
2026-08-18T03:00:00+00:00,966.08589018,10
2026-08-18T04:00:00+00:00,966.08589018,10
2026-08-18T04:30:09.388964+00:00,966.08589018,10
2026-08-18T05:00:00+00:00,966.08589018,10
2026-08-18T05:30:33.479124+00:00,966.08589018,10
2026-08-18T05:30:35.946061+00:00,966.08589018,10
2026-08-18T06:00:00+00:00,981.68589018,10
2026-08-18T06:30:14.281027+00:00,977.48589018,9
2026-08-18T06:30:14.903506+00:00,977.48589018,10
2026-08-18T06:30:21.671495+00:00,977.48589018,10
2026-08-18T07:00:00+00:00,981.08589018,10
2026-08-18T07:30:07.382135+00:00,981.08589018,10
2026-08-18T07:30:12.986592+00:00,981.08589018,10
2026-08-18T07:30:19.255776+00:00,981.08589018,10
2026-08-18T07:30:30.564196+00:00,981.08589018,10
2026-08-18T08:00:00+00:00,981.08589018,10
2026-08-18T08:30:08.407574+00:00,981.08589018,10
2026-08-18T08:30:38.651420+00:00,981.08589018,10
2026-08-18T09:00:00+00:00,981.08589018,10
2026-08-18T10:00:00+00:00,976.67689890,10
2026-08-18T10:30:34.799339+00:00,976.67689890,10
2026-08-18T11:00:00+00:00,976.67689890,10
2026-08-18T11:30:19.058084+00:00,976.67689890,10
2026-08-18T12:00:00+00:00,968.19745345,10
2026-08-18T12:30:08.854439+00:00,968.19745345,10
2026-08-18T12:30:10.128813+00:00,968.19745345,10
2026-08-18T12:30:12.661268+00:00,968.19745345,10
2026-08-18T13:00:00+00:00,968.19745345,10
2026-08-18T14:00:00+00:00,968.19745345,10
2026-08-18T15:00:00+00:00,968.19745345,10
2026-08-18T16:00:00+00:00,968.19745345,10
2026-08-18T17:00:00+00:00,968.19745345,10
2026-08-18T17:30:18.762319+00:00,968.19745345,10
2026-08-18T18:00:00+00:00,968.19745345,10
2026-08-18T18:30:15.584476+00:00,968.19745345,10
2026-08-18T18:30:17.550261+00:00,968.19745345,10
2026-08-18T18:30:33.900579+00:00,968.19745345,10
2026-08-18T19:00:00+00:00,967.98743341,10
2026-08-18T19:30:22.482205+00:00,967.98743341,10
2026-08-18T19:30:25.050733+00:00,967.98743341,10
2026-08-18T20:00:00+00:00,967.98743341,10
2026-08-18T20:30:19.884553+00:00,967.98743341,10
2026-08-18T20:30:32.414816+00:00,967.98743341,10
2026-08-18T21:00:00+00:00,967.98743341,10
2026-08-18T22:00:00+00:00,965.69331047,10
2026-08-18T22:30:38.347713+00:00,965.69331047,10
2026-08-18T23:00:00+00:00,973.49331047,10
2026-08-18T23:30:08.361584+00:00,973.49331047,10
2026-08-19T00:00:00+00:00,969.29331047,10
2026-08-19T00:30:06.018665+00:00,969.29331047,10
2026-08-19T00:30:06.664011+00:00,969.29331047,10
2026-08-19T00:30:13.434341+00:00,969.29331047,10
2026-08-19T00:30:19.031441+00:00,969.29331047,10
2026-08-19T00:30:19.643093+00:00,969.29331047,10
2026-08-19T00:30:24.859566+00:00,969.29331047,10
2026-08-19T00:30:34.244670+00:00,969.29331047,10
2026-08-19T01:00:00+00:00,960.89331047,10
2026-08-19T02:00:00+00:00,960.89331047,10
2026-08-19T03:00:00+00:00,960.89331047,10
2026-08-19T04:00:00+00:00,960.89331047,10
2026-08-19T05:00:00+00:00,960.89331047,10
2026-08-19T06:00:00+00:00,960.89331047,10
2026-08-19T07:00:00+00:00,961.82340245,10
2026-08-19T08:00:00+00:00,961.82340245,10
2026-08-19T09:00:00+00:00,987.22340245,10
2026-08-19T10:00:00+00:00,987.79744511,10
2026-08-19T11:00:00+00:00,987.79744511,10
2026-08-19T12:00:00+00:00,987.42629162,10
2026-08-19T13:00:00+00:00,987.42629162,10
2026-08-19T14:00:00+00:00,1054.22629162,10
2026-08-19T15:00:00+00:00,1064.02629162,10
2026-08-19T16:00:00+00:00,1064.02629162,10
2026-08-19T17:00:00+00:00,1064.02629162,10
2026-08-19T18:00:00+00:00,1064.02629162,10
2026-08-19T19:00:00+00:00,1071.82629162,9
2026-08-19T20:00:00+00:00,1097.22629162,10
2026-08-19T21:00:00+00:00,1126.62629162,10
2026-08-19T22:00:00+00:00,1126.62629162,10
2026-08-19T23:00:00+00:00,1126.62629162,10
2026-08-20T00:00:00+00:00,1126.62629162,10
2026-08-20T01:00:00+00:00,1126.62629162,10
2026-08-20T04:00:00+00:00,1126.62629162,10
2026-08-20T06:00:00+00:00,1126.62629162,10
2026-08-20T08:00:00+00:00,1126.62629162,10
2026-08-20T09:00:00+00:00,1126.62629162,10
2026-08-20T10:00:00+00:00,1141.42629162,10
2026-08-20T12:00:00+00:00,1141.42629162,10
2026-08-20T13:00:00+00:00,1141.42629162,10
2026-08-20T14:00:00+00:00,1151.56514247,8
2026-08-20T15:00:00+00:00,1151.56514247,8
2026-08-20T16:00:00+00:00,1151.56514247,8
2026-08-20T17:00:00+00:00,1151.56514247,10
2026-08-20T19:00:00+00:00,1151.56514247,10
2026-08-20T20:00:00+00:00,1198.07470563,4
2026-08-20T21:00:00+00:00,1198.88480665,3
2026-08-20T22:00:00+00:00,1198.88480665,3
2026-08-20T23:00:00+00:00,1198.88480665,10
2026-08-21T01:00:00+00:00,1198.88480665,10
2026-08-21T02:00:00+00:00,1198.88480665,10
2026-08-21T05:00:00+00:00,1198.88480665,10
2026-08-21T06:00:00+00:00,1190.48480665,8
2026-08-21T07:00:00+00:00,1190.48480665,8
2026-08-21T08:00:00+00:00,1190.48480665,8
2026-08-21T09:00:00+00:00,1190.48480665,10
2026-08-21T18:00:00+00:00,1204.05978036,9
2026-08-21T19:00:00+00:00,1204.05978036,9
2026-08-21T20:00:00+00:00,1204.05978036,9
2026-08-21T21:00:00+00:00,1204.05978036,9
2026-08-21T22:00:00+00:00,1211.85978036,8
2026-08-21T23:00:00+00:00,1252.53972452,2
2026-08-22T00:00:00+00:00,1260.33972452,1
2026-08-22T01:00:00+00:00,1268.13972452,0
