scenario,check,status,value
S72_SL4_TP8,trade_math,OK,0
S72_SL4_TP10,trade_math,OK,0
S72_SL4_TP12,trade_math,OK,0
S72_SL4_TP15,trade_math,OK,0
S72_SL5_TP8,trade_math,OK,0
S72_SL5_TP10,trade_math,OK,0
S72_SL5_TP12,trade_math,OK,0
S72_SL5_TP15,trade_math,OK,0
S72_SL6_TP8,trade_math,OK,0
S72_SL6_TP10,trade_math,OK,0
S72_SL6_TP12,trade_math,OK,0
S72_SL6_TP15,trade_math,OK,0
S75_SL4_TP8,trade_math,OK,0
S75_SL4_TP10,trade_math,OK,0
S75_SL4_TP12,trade_math,OK,0
S75_SL4_TP15,trade_math,OK,0
S75_SL5_TP8,trade_math,OK,0
S75_SL5_TP10,trade_math,OK,0
S75_SL5_TP12,trade_math,OK,0
S75_SL5_TP15,trade_math,OK,0
S75_SL6_TP8,trade_math,OK,0
S75_SL6_TP10,trade_math,OK,0
S75_SL6_TP12,trade_math,OK,0
S75_SL6_TP15,trade_math,OK,0
S78_SL4_TP8,trade_math,OK,0
S78_SL4_TP10,trade_math,OK,0
S78_SL4_TP12,trade_math,OK,0
S78_SL4_TP15,trade_math,OK,0
S78_SL5_TP8,trade_math,OK,0
S78_SL5_TP10,trade_math,OK,0
S78_SL5_TP12,trade_math,OK,0
S78_SL5_TP15,trade_math,OK,0
S78_SL6_TP8,trade_math,OK,0
S78_SL6_TP10,trade_math,OK,0
S78_SL6_TP12,trade_math,OK,0
S78_SL6_TP15,trade_math,OK,0
S80_SL4_TP8,trade_math,OK,0
S80_SL4_TP10,trade_math,OK,0
S80_SL4_TP12,trade_math,OK,0
S80_SL4_TP15,trade_math,OK,0
S80_SL5_TP8,trade_math,OK,0
S80_SL5_TP10,trade_math,OK,0
S80_SL5_TP12,trade_math,OK,0
S80_SL5_TP15,trade_math,OK,0
S80_SL6_TP8,trade_math,OK,0
S80_SL6_TP10,trade_math,OK,0
S80_SL6_TP12,trade_math,OK,0
S80_SL6_TP15,trade_math,OK,0
S82_SL4_TP8,trade_math,OK,0
S82_SL4_TP10,trade_math,OK,0
S82_SL4_TP12,trade_math,OK,0
S82_SL4_TP15,trade_math,OK,0
S82_SL5_TP8,trade_math,OK,0
S82_SL5_TP10,trade_math,OK,0
S82_SL5_TP12,trade_math,OK,0
S82_SL5_TP15,trade_math,OK,0
S82_SL6_TP8,trade_math,OK,0
S82_SL6_TP10,trade_math,OK,0
S82_SL6_TP12,trade_math,OK,0
S82_SL6_TP15,trade_math,OK,0
S85_SL4_TP8,trade_math,OK,0
S85_SL4_TP10,trade_math,OK,0
S85_SL4_TP12,trade_math,OK,0
S85_SL4_TP15,trade_math,OK,0
S85_SL5_TP8,trade_math,OK,0
S85_SL5_TP10,trade_math,OK,0
S85_SL5_TP12,trade_math,OK,0
S85_SL5_TP15,trade_math,OK,0
S85_SL6_TP8,trade_math,OK,0
S85_SL6_TP10,trade_math,OK,0
S85_SL6_TP12,trade_math,OK,0
S85_SL6_TP15,trade_math,OK,0
CD6_E1_P5,trade_math,OK,0
CD6_E1_P7,trade_math,OK,0
CD6_E1_P10,trade_math,OK,0
CD6_E1_P15,trade_math,OK,0
CD6_E2_P5,trade_math,OK,0
CD6_E2_P7,trade_math,OK,0
CD6_E2_P10,trade_math,OK,0
CD6_E2_P15,trade_math,OK,0
CD12_E1_P5,trade_math,OK,0
CD12_E1_P7,trade_math,OK,0
CD12_E1_P15,trade_math,OK,0
CD12_E2_P5,trade_math,OK,0
CD12_E2_P7,trade_math,OK,0
CD12_E2_P10,trade_math,OK,0
CD12_E2_P15,trade_math,OK,0
CD24_E1_P5,trade_math,OK,0
CD24_E1_P7,trade_math,OK,0
CD24_E1_P10,trade_math,OK,0
CD24_E1_P15,trade_math,OK,0
CD24_E2_P5,trade_math,OK,0
CD24_E2_P7,trade_math,OK,0
CD24_E2_P10,trade_math,OK,0
CD24_E2_P15,trade_math,OK,0
COST_0.15,trade_math,OK,0
COST_0.20,trade_math,OK,0
COST_0.30,trade_math,OK,0
ROBUST_72_SL5_TP10_CD6_P7,trade_math,OK,0
ROBUST_78_SL5_TP10_CD6_P7,trade_math,OK,0
ROBUST_78_SL5_TP12_CD6_P7,trade_math,OK,0
ROBUST_78_SL4_TP12_CD6_P7,trade_math,OK,0
ROBUST_78_SL5_TP10_CD24_P5,trade_math,OK,0
ROBUST_78_SL5_TP12_CD24_P5,trade_math,OK,0
S72_SL4_TP8,allocation,FALHA,778
S72_SL4_TP10,allocation,FALHA,744
S72_SL4_TP12,allocation,FALHA,742
S72_SL4_TP15,allocation,FALHA,727
S72_SL5_TP8,allocation,FALHA,735
S72_SL5_TP10,allocation,FALHA,718
S72_SL5_TP12,allocation,FALHA,703
S72_SL5_TP15,allocation,FALHA,687
S72_SL6_TP8,allocation,FALHA,718
S72_SL6_TP10,allocation,FALHA,700
S72_SL6_TP12,allocation,FALHA,699
S72_SL6_TP15,allocation,FALHA,691
S75_SL4_TP8,allocation,FALHA,701
S75_SL4_TP10,allocation,FALHA,682
S75_SL4_TP12,allocation,FALHA,688
S75_SL4_TP15,allocation,FALHA,666
S75_SL5_TP8,allocation,FALHA,683
S75_SL5_TP10,allocation,FALHA,679
S75_SL5_TP12,allocation,FALHA,671
S75_SL5_TP15,allocation,FALHA,660
S75_SL6_TP8,allocation,FALHA,672
S75_SL6_TP10,allocation,FALHA,659
S75_SL6_TP12,allocation,FALHA,647
S75_SL6_TP15,allocation,FALHA,659
S78_SL4_TP8,allocation,FALHA,619
S78_SL4_TP10,allocation,FALHA,594
S78_SL4_TP12,allocation,FALHA,592
S78_SL4_TP15,allocation,FALHA,574
S78_SL5_TP8,allocation,FALHA,591
S78_SL5_TP10,allocation,FALHA,581
S78_SL5_TP12,allocation,FALHA,571
S78_SL5_TP15,allocation,FALHA,562
S78_SL6_TP8,allocation,FALHA,579
S78_SL6_TP10,allocation,FALHA,560
S78_SL6_TP12,allocation,FALHA,556
S78_SL6_TP15,allocation,FALHA,542
S80_SL4_TP8,allocation,FALHA,620
S80_SL4_TP10,allocation,FALHA,607
S80_SL4_TP12,allocation,FALHA,586
S80_SL4_TP15,allocation,FALHA,589
S80_SL5_TP8,allocation,FALHA,601
S80_SL5_TP10,allocation,FALHA,573
S80_SL5_TP12,allocation,FALHA,571
S80_SL5_TP15,allocation,FALHA,552
S80_SL6_TP8,allocation,FALHA,584
S80_SL6_TP10,allocation,FALHA,554
S80_SL6_TP12,allocation,FALHA,558
S80_SL6_TP15,allocation,FALHA,543
S82_SL4_TP8,allocation,FALHA,616
S82_SL4_TP10,allocation,FALHA,603
S82_SL4_TP12,allocation,FALHA,581
S82_SL4_TP15,allocation,FALHA,581
S82_SL5_TP8,allocation,FALHA,596
S82_SL5_TP10,allocation,FALHA,570
S82_SL5_TP12,allocation,FALHA,569
S82_SL5_TP15,allocation,FALHA,553
S82_SL6_TP8,allocation,FALHA,575
S82_SL6_TP10,allocation,FALHA,564
S82_SL6_TP12,allocation,FALHA,568
S82_SL6_TP15,allocation,FALHA,542
S85_SL4_TP8,allocation,FALHA,568
S85_SL4_TP10,allocation,FALHA,543
S85_SL4_TP12,allocation,FALHA,545
S85_SL4_TP15,allocation,FALHA,531
S85_SL5_TP8,allocation,FALHA,557
S85_SL5_TP10,allocation,FALHA,541
S85_SL5_TP12,allocation,FALHA,535
S85_SL5_TP15,allocation,FALHA,516
S85_SL6_TP8,allocation,FALHA,544
S85_SL6_TP10,allocation,FALHA,533
S85_SL6_TP12,allocation,FALHA,526
S85_SL6_TP15,allocation,FALHA,512
CD6_E1_P5,allocation,FALHA,382
CD6_E1_P7,allocation,FALHA,508
CD6_E1_P10,allocation,FALHA,688
CD6_E1_P15,allocation,FALHA,960
CD6_E2_P5,allocation,FALHA,382
CD6_E2_P7,allocation,FALHA,509
CD6_E2_P10,allocation,FALHA,694
CD6_E2_P15,allocation,FALHA,979
CD12_E1_P5,allocation,FALHA,365
CD12_E1_P7,allocation,FALHA,502
CD12_E1_P15,allocation,FALHA,951
CD12_E2_P5,allocation,FALHA,367
CD12_E2_P7,allocation,FALHA,504
CD12_E2_P10,allocation,FALHA,687
CD12_E2_P15,allocation,FALHA,966
CD24_E1_P5,allocation,FALHA,369
CD24_E1_P7,allocation,FALHA,484
CD24_E1_P10,allocation,FALHA,678
CD24_E1_P15,allocation,FALHA,945
CD24_E2_P5,allocation,FALHA,369
CD24_E2_P7,allocation,FALHA,484
CD24_E2_P10,allocation,FALHA,678
CD24_E2_P15,allocation,FALHA,945
COST_0.15,allocation,FALHA,679
COST_0.20,allocation,FALHA,679
COST_0.30,allocation,FALHA,681
ROBUST_72_SL5_TP10_CD6_P7,allocation,FALHA,528
ROBUST_78_SL5_TP10_CD6_P7,allocation,FALHA,416
ROBUST_78_SL5_TP12_CD6_P7,allocation,FALHA,397
ROBUST_78_SL4_TP12_CD6_P7,allocation,FALHA,413
ROBUST_78_SL5_TP10_CD24_P5,allocation,FALHA,286
ROBUST_78_SL5_TP12_CD24_P5,allocation,FALHA,279
S72_SL4_TP8,overlap,OK,0
S72_SL4_TP10,overlap,OK,0
S72_SL4_TP12,overlap,OK,0
S72_SL4_TP15,overlap,OK,0
S72_SL5_TP8,overlap,OK,0
S72_SL5_TP10,overlap,OK,0
S72_SL5_TP12,overlap,OK,0
S72_SL5_TP15,overlap,OK,0
S72_SL6_TP8,overlap,OK,0
S72_SL6_TP10,overlap,OK,0
S72_SL6_TP12,overlap,OK,0
S72_SL6_TP15,overlap,OK,0
S75_SL4_TP8,overlap,OK,0
S75_SL4_TP10,overlap,OK,0
S75_SL4_TP12,overlap,OK,0
S75_SL4_TP15,overlap,OK,0
S75_SL5_TP8,overlap,OK,0
S75_SL5_TP10,overlap,OK,0
S75_SL5_TP12,overlap,OK,0
S75_SL5_TP15,overlap,OK,0
S75_SL6_TP8,overlap,OK,0
S75_SL6_TP10,overlap,OK,0
S75_SL6_TP12,overlap,OK,0
S75_SL6_TP15,overlap,OK,0
S78_SL4_TP8,overlap,OK,0
S78_SL4_TP10,overlap,OK,0
S78_SL4_TP12,overlap,OK,0
S78_SL4_TP15,overlap,OK,0
S78_SL5_TP8,overlap,OK,0
S78_SL5_TP10,overlap,OK,0
S78_SL5_TP12,overlap,OK,0
S78_SL5_TP15,overlap,OK,0
S78_SL6_TP8,overlap,OK,0
S78_SL6_TP10,overlap,OK,0
S78_SL6_TP12,overlap,OK,0
S78_SL6_TP15,overlap,OK,0
S80_SL4_TP8,overlap,OK,0
S80_SL4_TP10,overlap,OK,0
S80_SL4_TP12,overlap,OK,0
S80_SL4_TP15,overlap,OK,0
S80_SL5_TP8,overlap,OK,0
S80_SL5_TP10,overlap,OK,0
S80_SL5_TP12,overlap,OK,0
S80_SL5_TP15,overlap,OK,0
S80_SL6_TP8,overlap,OK,0
S80_SL6_TP10,overlap,OK,0
S80_SL6_TP12,overlap,OK,0
S80_SL6_TP15,overlap,OK,0
S82_SL4_TP8,overlap,OK,0
S82_SL4_TP10,overlap,OK,0
S82_SL4_TP12,overlap,OK,0
S82_SL4_TP15,overlap,OK,0
S82_SL5_TP8,overlap,OK,0
S82_SL5_TP10,overlap,OK,0
S82_SL5_TP12,overlap,OK,0
S82_SL5_TP15,overlap,OK,0
S82_SL6_TP8,overlap,OK,0
S82_SL6_TP10,overlap,OK,0
S82_SL6_TP12,overlap,OK,0
S82_SL6_TP15,overlap,OK,0
S85_SL4_TP8,overlap,OK,0
S85_SL4_TP10,overlap,OK,0
S85_SL4_TP12,overlap,OK,0
S85_SL4_TP15,overlap,OK,0
S85_SL5_TP8,overlap,OK,0
S85_SL5_TP10,overlap,OK,0
S85_SL5_TP12,overlap,OK,0
S85_SL5_TP15,overlap,OK,0
S85_SL6_TP8,overlap,OK,0
S85_SL6_TP10,overlap,OK,0
S85_SL6_TP12,overlap,OK,0
S85_SL6_TP15,overlap,OK,0
CD6_E1_P5,overlap,OK,0
CD6_E1_P7,overlap,OK,0
CD6_E1_P10,overlap,OK,0
CD6_E1_P15,overlap,OK,0
CD6_E2_P5,overlap,OK,0
CD6_E2_P7,overlap,OK,0
CD6_E2_P10,overlap,OK,0
CD6_E2_P15,overlap,OK,0
CD12_E1_P5,overlap,OK,0
CD12_E1_P7,overlap,OK,0
CD12_E1_P15,overlap,OK,0
CD12_E2_P5,overlap,OK,0
CD12_E2_P7,overlap,OK,0
CD12_E2_P10,overlap,OK,0
CD12_E2_P15,overlap,OK,0
CD24_E1_P5,overlap,OK,0
CD24_E1_P7,overlap,OK,0
CD24_E1_P10,overlap,OK,0
CD24_E1_P15,overlap,OK,0
CD24_E2_P5,overlap,OK,0
CD24_E2_P7,overlap,OK,0
CD24_E2_P10,overlap,OK,0
CD24_E2_P15,overlap,OK,0
COST_0.15,overlap,OK,0
COST_0.20,overlap,OK,0
COST_0.30,overlap,OK,0
ROBUST_72_SL5_TP10_CD6_P7,overlap,OK,0
ROBUST_78_SL5_TP10_CD6_P7,overlap,OK,0
ROBUST_78_SL5_TP12_CD6_P7,overlap,OK,0
ROBUST_78_SL4_TP12_CD6_P7,overlap,OK,0
ROBUST_78_SL5_TP10_CD24_P5,overlap,OK,0
ROBUST_78_SL5_TP12_CD24_P5,overlap,OK,0
S72_SL4_TP8,time_integrity,OK,0
S72_SL4_TP10,time_integrity,OK,0
S72_SL4_TP12,time_integrity,OK,0
S72_SL4_TP15,time_integrity,OK,0
S72_SL5_TP8,time_integrity,OK,0
S72_SL5_TP10,time_integrity,OK,0
S72_SL5_TP12,time_integrity,OK,0
S72_SL5_TP15,time_integrity,OK,0
S72_SL6_TP8,time_integrity,OK,0
S72_SL6_TP10,time_integrity,OK,0
S72_SL6_TP12,time_integrity,OK,0
S72_SL6_TP15,time_integrity,OK,0
S75_SL4_TP8,time_integrity,OK,0
S75_SL4_TP10,time_integrity,OK,0
S75_SL4_TP12,time_integrity,OK,0
S75_SL4_TP15,time_integrity,OK,0
S75_SL5_TP8,time_integrity,OK,0
S75_SL5_TP10,time_integrity,OK,0
S75_SL5_TP12,time_integrity,OK,0
S75_SL5_TP15,time_integrity,OK,0
S75_SL6_TP8,time_integrity,OK,0
S75_SL6_TP10,time_integrity,OK,0
S75_SL6_TP12,time_integrity,OK,0
S75_SL6_TP15,time_integrity,OK,0
S78_SL4_TP8,time_integrity,OK,0
S78_SL4_TP10,time_integrity,OK,0
S78_SL4_TP12,time_integrity,OK,0
S78_SL4_TP15,time_integrity,OK,0
S78_SL5_TP8,time_integrity,OK,0
S78_SL5_TP10,time_integrity,OK,0
S78_SL5_TP12,time_integrity,OK,0
S78_SL5_TP15,time_integrity,OK,0
S78_SL6_TP8,time_integrity,OK,0
S78_SL6_TP10,time_integrity,OK,0
S78_SL6_TP12,time_integrity,OK,0
S78_SL6_TP15,time_integrity,OK,0
S80_SL4_TP8,time_integrity,OK,0
S80_SL4_TP10,time_integrity,OK,0
S80_SL4_TP12,time_integrity,OK,0
S80_SL4_TP15,time_integrity,OK,0
S80_SL5_TP8,time_integrity,OK,0
S80_SL5_TP10,time_integrity,OK,0
S80_SL5_TP12,time_integrity,OK,0
S80_SL5_TP15,time_integrity,OK,0
S80_SL6_TP8,time_integrity,OK,0
S80_SL6_TP10,time_integrity,OK,0
S80_SL6_TP12,time_integrity,OK,0
S80_SL6_TP15,time_integrity,OK,0
S82_SL4_TP8,time_integrity,OK,0
S82_SL4_TP10,time_integrity,OK,0
S82_SL4_TP12,time_integrity,OK,0
S82_SL4_TP15,time_integrity,OK,0
S82_SL5_TP8,time_integrity,OK,0
S82_SL5_TP10,time_integrity,OK,0
S82_SL5_TP12,time_integrity,OK,0
S82_SL5_TP15,time_integrity,OK,0
S82_SL6_TP8,time_integrity,OK,0
S82_SL6_TP10,time_integrity,OK,0
S82_SL6_TP12,time_integrity,OK,0
S82_SL6_TP15,time_integrity,OK,0
S85_SL4_TP8,time_integrity,OK,0
S85_SL4_TP10,time_integrity,OK,0
S85_SL4_TP12,time_integrity,OK,0
S85_SL4_TP15,time_integrity,OK,0
S85_SL5_TP8,time_integrity,OK,0
S85_SL5_TP10,time_integrity,OK,0
S85_SL5_TP12,time_integrity,OK,0
S85_SL5_TP15,time_integrity,OK,0
S85_SL6_TP8,time_integrity,OK,0
S85_SL6_TP10,time_integrity,OK,0
S85_SL6_TP12,time_integrity,OK,0
S85_SL6_TP15,time_integrity,OK,0
CD6_E1_P5,time_integrity,OK,0
CD6_E1_P7,time_integrity,OK,0
CD6_E1_P10,time_integrity,OK,0
CD6_E1_P15,time_integrity,OK,0
CD6_E2_P5,time_integrity,OK,0
CD6_E2_P7,time_integrity,OK,0
CD6_E2_P10,time_integrity,OK,0
CD6_E2_P15,time_integrity,OK,0
CD12_E1_P5,time_integrity,OK,0
CD12_E1_P7,time_integrity,OK,0
CD12_E1_P15,time_integrity,OK,0
CD12_E2_P5,time_integrity,OK,0
CD12_E2_P7,time_integrity,OK,0
CD12_E2_P10,time_integrity,OK,0
CD12_E2_P15,time_integrity,OK,0
CD24_E1_P5,time_integrity,OK,0
CD24_E1_P7,time_integrity,OK,0
CD24_E1_P10,time_integrity,OK,0
CD24_E1_P15,time_integrity,OK,0
CD24_E2_P5,time_integrity,OK,0
CD24_E2_P7,time_integrity,OK,0
CD24_E2_P10,time_integrity,OK,0
CD24_E2_P15,time_integrity,OK,0
COST_0.15,time_integrity,OK,0
COST_0.20,time_integrity,OK,0
COST_0.30,time_integrity,OK,0
ROBUST_72_SL5_TP10_CD6_P7,time_integrity,OK,0
ROBUST_78_SL5_TP10_CD6_P7,time_integrity,OK,0
ROBUST_78_SL5_TP12_CD6_P7,time_integrity,OK,0
ROBUST_78_SL4_TP12_CD6_P7,time_integrity,OK,0
ROBUST_78_SL5_TP10_CD24_P5,time_integrity,OK,0
ROBUST_78_SL5_TP12_CD24_P5,time_integrity,OK,0
S72_SL4_TP8,outliers,OK,0
S72_SL4_TP10,outliers,OK,0
S72_SL4_TP12,outliers,ATENÇÃO,1
S72_SL4_TP15,outliers,ATENÇÃO,1
S72_SL5_TP8,outliers,ATENÇÃO,1
S72_SL5_TP10,outliers,ATENÇÃO,1
S72_SL5_TP12,outliers,OK,0
S72_SL5_TP15,outliers,OK,0
S72_SL6_TP8,outliers,ATENÇÃO,1
S72_SL6_TP10,outliers,ATENÇÃO,1
S72_SL6_TP12,outliers,OK,0
S72_SL6_TP15,outliers,OK,0
S75_SL4_TP8,outliers,OK,0
S75_SL4_TP10,outliers,OK,0
S75_SL4_TP12,outliers,ATENÇÃO,1
S75_SL4_TP15,outliers,OK,0
S75_SL5_TP8,outliers,ATENÇÃO,1
S75_SL5_TP10,outliers,ATENÇÃO,1
S75_SL5_TP12,outliers,ATENÇÃO,1
S75_SL5_TP15,outliers,ATENÇÃO,1
S75_SL6_TP8,outliers,OK,0
S75_SL6_TP10,outliers,OK,0
S75_SL6_TP12,outliers,OK,0
S75_SL6_TP15,outliers,OK,0
S78_SL4_TP8,outliers,ATENÇÃO,1
S78_SL4_TP10,outliers,OK,0
S78_SL4_TP12,outliers,ATENÇÃO,1
S78_SL4_TP15,outliers,OK,0
S78_SL5_TP8,outliers,OK,0
S78_SL5_TP10,outliers,OK,0
S78_SL5_TP12,outliers,OK,0
S78_SL5_TP15,outliers,ATENÇÃO,1
S78_SL6_TP8,outliers,ATENÇÃO,1
S78_SL6_TP10,outliers,OK,0
S78_SL6_TP12,outliers,OK,0
S78_SL6_TP15,outliers,OK,0
S80_SL4_TP8,outliers,OK,0
S80_SL4_TP10,outliers,ATENÇÃO,1
S80_SL4_TP12,outliers,ATENÇÃO,1
S80_SL4_TP15,outliers,ATENÇÃO,1
S80_SL5_TP8,outliers,ATENÇÃO,1
S80_SL5_TP10,outliers,ATENÇÃO,1
S80_SL5_TP12,outliers,ATENÇÃO,1
S80_SL5_TP15,outliers,OK,0
S80_SL6_TP8,outliers,OK,0
S80_SL6_TP10,outliers,OK,0
S80_SL6_TP12,outliers,OK,0
S80_SL6_TP15,outliers,OK,0
S82_SL4_TP8,outliers,OK,0
S82_SL4_TP10,outliers,OK,0
S82_SL4_TP12,outliers,OK,0
S82_SL4_TP15,outliers,ATENÇÃO,1
S82_SL5_TP8,outliers,OK,0
S82_SL5_TP10,outliers,OK,0
S82_SL5_TP12,outliers,OK,0
S82_SL5_TP15,outliers,OK,0
S82_SL6_TP8,outliers,OK,0
S82_SL6_TP10,outliers,OK,0
S82_SL6_TP12,outliers,OK,0
S82_SL6_TP15,outliers,OK,0
S85_SL4_TP8,outliers,ATENÇÃO,1
S85_SL4_TP10,outliers,OK,0
S85_SL4_TP12,outliers,ATENÇÃO,1
S85_SL4_TP15,outliers,OK,0
S85_SL5_TP8,outliers,ATENÇÃO,1
S85_SL5_TP10,outliers,OK,0
S85_SL5_TP12,outliers,OK,0
S85_SL5_TP15,outliers,OK,0
S85_SL6_TP8,outliers,ATENÇÃO,1
S85_SL6_TP10,outliers,OK,0
S85_SL6_TP12,outliers,OK,0
S85_SL6_TP15,outliers,OK,0
CD6_E1_P5,outliers,OK,0
CD6_E1_P7,outliers,ATENÇÃO,1
CD6_E1_P10,outliers,ATENÇÃO,1
CD6_E1_P15,outliers,ATENÇÃO,1
CD6_E2_P5,outliers,OK,0
CD6_E2_P7,outliers,OK,0
CD6_E2_P10,outliers,OK,0
CD6_E2_P15,outliers,ATENÇÃO,1
CD12_E1_P5,outliers,OK,0
CD12_E1_P7,outliers,ATENÇÃO,1
CD12_E1_P15,outliers,ATENÇÃO,1
CD12_E2_P5,outliers,OK,0
CD12_E2_P7,outliers,ATENÇÃO,1
CD12_E2_P10,outliers,OK,0
CD12_E2_P15,outliers,ATENÇÃO,1
CD24_E1_P5,outliers,OK,0
CD24_E1_P7,outliers,ATENÇÃO,1
CD24_E1_P10,outliers,OK,0
CD24_E1_P15,outliers,OK,0
CD24_E2_P5,outliers,OK,0
CD24_E2_P7,outliers,ATENÇÃO,1
CD24_E2_P10,outliers,OK,0
CD24_E2_P15,outliers,OK,0
COST_0.15,outliers,ATENÇÃO,1
COST_0.20,outliers,ATENÇÃO,1
COST_0.30,outliers,ATENÇÃO,1
ROBUST_72_SL5_TP10_CD6_P7,outliers,ATENÇÃO,1
ROBUST_78_SL5_TP10_CD6_P7,outliers,ATENÇÃO,1
ROBUST_78_SL5_TP12_CD6_P7,outliers,ATENÇÃO,1
ROBUST_78_SL4_TP12_CD6_P7,outliers,OK,0
ROBUST_78_SL5_TP10_CD24_P5,outliers,OK,0
ROBUST_78_SL5_TP12_CD24_P5,outliers,OK,0
S72_SL4_TP8,db_entry_consistency,OK,0
S72_SL4_TP8,db_exit_consistency,FALHA,175
S72_SL4_TP10,db_entry_consistency,OK,0
S72_SL4_TP10,db_exit_consistency,FALHA,138
S72_SL4_TP12,db_entry_consistency,OK,0
S72_SL4_TP12,db_exit_consistency,FALHA,139
S72_SL4_TP15,db_entry_consistency,OK,0
S72_SL4_TP15,db_exit_consistency,FALHA,130
S72_SL5_TP8,db_entry_consistency,OK,0
S72_SL5_TP8,db_exit_consistency,FALHA,136
S72_SL5_TP10,db_entry_consistency,OK,0
S72_SL5_TP10,db_exit_consistency,FALHA,120
S72_SL5_TP12,db_entry_consistency,OK,0
S72_SL5_TP12,db_exit_consistency,FALHA,109
S72_SL5_TP15,db_entry_consistency,OK,0
S72_SL5_TP15,db_exit_consistency,FALHA,94
S72_SL6_TP8,db_entry_consistency,OK,0
S72_SL6_TP8,db_exit_consistency,FALHA,116
S72_SL6_TP10,db_entry_consistency,OK,0
S72_SL6_TP10,db_exit_consistency,FALHA,102
S72_SL6_TP12,db_entry_consistency,OK,0
S72_SL6_TP12,db_exit_consistency,FALHA,97
S72_SL6_TP15,db_entry_consistency,OK,0
S72_SL6_TP15,db_exit_consistency,FALHA,87
S75_SL4_TP8,db_entry_consistency,OK,0
S75_SL4_TP8,db_exit_consistency,FALHA,140
S75_SL4_TP10,db_entry_consistency,OK,0
S75_SL4_TP10,db_exit_consistency,FALHA,122
S75_SL4_TP12,db_entry_consistency,OK,0
S75_SL4_TP12,db_exit_consistency,FALHA,125
S75_SL4_TP15,db_entry_consistency,OK,0
S75_SL4_TP15,db_exit_consistency,FALHA,106
S75_SL5_TP8,db_entry_consistency,OK,0
S75_SL5_TP8,db_exit_consistency,FALHA,117
S75_SL5_TP10,db_entry_consistency,OK,0
S75_SL5_TP10,db_exit_consistency,FALHA,117
S75_SL5_TP12,db_entry_consistency,OK,0
S75_SL5_TP12,db_exit_consistency,FALHA,112
S75_SL5_TP15,db_entry_consistency,OK,0
S75_SL5_TP15,db_exit_consistency,FALHA,93
S75_SL6_TP8,db_entry_consistency,OK,0
S75_SL6_TP8,db_exit_consistency,FALHA,110
S75_SL6_TP10,db_entry_consistency,OK,0
S75_SL6_TP10,db_exit_consistency,FALHA,96
S75_SL6_TP12,db_entry_consistency,OK,0
S75_SL6_TP12,db_exit_consistency,FALHA,92
S75_SL6_TP15,db_entry_consistency,OK,0
S75_SL6_TP15,db_exit_consistency,FALHA,95
S78_SL4_TP8,db_entry_consistency,OK,0
S78_SL4_TP8,db_exit_consistency,FALHA,128
S78_SL4_TP10,db_entry_consistency,OK,0
S78_SL4_TP10,db_exit_consistency,FALHA,107
S78_SL4_TP12,db_entry_consistency,OK,0
S78_SL4_TP12,db_exit_consistency,FALHA,109
S78_SL4_TP15,db_entry_consistency,OK,0
S78_SL4_TP15,db_exit_consistency,FALHA,96
S78_SL5_TP8,db_entry_consistency,OK,0
S78_SL5_TP8,db_exit_consistency,FALHA,105
S78_SL5_TP10,db_entry_consistency,OK,0
S78_SL5_TP10,db_exit_consistency,FALHA,95
S78_SL5_TP12,db_entry_consistency,OK,0
S78_SL5_TP12,db_exit_consistency,FALHA,88
S78_SL5_TP15,db_entry_consistency,OK,0
S78_SL5_TP15,db_exit_consistency,FALHA,79
S78_SL6_TP8,db_entry_consistency,OK,0
S78_SL6_TP8,db_exit_consistency,FALHA,92
S78_SL6_TP10,db_entry_consistency,OK,0
S78_SL6_TP10,db_exit_consistency,FALHA,85
S78_SL6_TP12,db_entry_consistency,OK,0
S78_SL6_TP12,db_exit_consistency,FALHA,76
S78_SL6_TP15,db_entry_consistency,OK,0
S78_SL6_TP15,db_exit_consistency,FALHA,62
S80_SL4_TP8,db_entry_consistency,OK,0
S80_SL4_TP8,db_exit_consistency,FALHA,124
S80_SL4_TP10,db_entry_consistency,OK,0
S80_SL4_TP10,db_exit_consistency,FALHA,111
S80_SL4_TP12,db_entry_consistency,OK,0
S80_SL4_TP12,db_exit_consistency,FALHA,101
S80_SL4_TP15,db_entry_consistency,OK,0
S80_SL4_TP15,db_exit_consistency,FALHA,100
S80_SL5_TP8,db_entry_consistency,OK,0
S80_SL5_TP8,db_exit_consistency,FALHA,115
S80_SL5_TP10,db_entry_consistency,OK,0
S80_SL5_TP10,db_exit_consistency,FALHA,94
S80_SL5_TP12,db_entry_consistency,OK,0
S80_SL5_TP12,db_exit_consistency,FALHA,88
S80_SL5_TP15,db_entry_consistency,OK,0
S80_SL5_TP15,db_exit_consistency,FALHA,75
S80_SL6_TP8,db_entry_consistency,OK,0
S80_SL6_TP8,db_exit_consistency,FALHA,98
S80_SL6_TP10,db_entry_consistency,OK,0
S80_SL6_TP10,db_exit_consistency,FALHA,76
S80_SL6_TP12,db_entry_consistency,OK,0
S80_SL6_TP12,db_exit_consistency,FALHA,80
S80_SL6_TP15,db_entry_consistency,OK,0
S80_SL6_TP15,db_exit_consistency,FALHA,68
S82_SL4_TP8,db_entry_consistency,OK,0
S82_SL4_TP8,db_exit_consistency,FALHA,131
S82_SL4_TP10,db_entry_consistency,OK,0
S82_SL4_TP10,db_exit_consistency,FALHA,120
S82_SL4_TP12,db_entry_consistency,OK,0
S82_SL4_TP12,db_exit_consistency,FALHA,107
S82_SL4_TP15,db_entry_consistency,OK,0
S82_SL4_TP15,db_exit_consistency,FALHA,96
S82_SL5_TP8,db_entry_consistency,OK,0
S82_SL5_TP8,db_exit_consistency,FALHA,117
S82_SL5_TP10,db_entry_consistency,OK,0
S82_SL5_TP10,db_exit_consistency,FALHA,101
S82_SL5_TP12,db_entry_consistency,OK,0
S82_SL5_TP12,db_exit_consistency,FALHA,95
S82_SL5_TP15,db_entry_consistency,OK,0
S82_SL5_TP15,db_exit_consistency,FALHA,84
S82_SL6_TP8,db_entry_consistency,OK,0
S82_SL6_TP8,db_exit_consistency,FALHA,97
S82_SL6_TP10,db_entry_consistency,OK,0
S82_SL6_TP10,db_exit_consistency,FALHA,91
S82_SL6_TP12,db_entry_consistency,OK,0
S82_SL6_TP12,db_exit_consistency,FALHA,92
S82_SL6_TP15,db_entry_consistency,OK,0
S82_SL6_TP15,db_exit_consistency,FALHA,71
S85_SL4_TP8,db_entry_consistency,OK,0
S85_SL4_TP8,db_exit_consistency,FALHA,122
S85_SL4_TP10,db_entry_consistency,OK,0
S85_SL4_TP10,db_exit_consistency,FALHA,97
S85_SL4_TP12,db_entry_consistency,OK,0
S85_SL4_TP12,db_exit_consistency,FALHA,98
S85_SL4_TP15,db_entry_consistency,OK,0
S85_SL4_TP15,db_exit_consistency,FALHA,88
S85_SL5_TP8,db_entry_consistency,OK,0
S85_SL5_TP8,db_exit_consistency,FALHA,106
S85_SL5_TP10,db_entry_consistency,OK,0
S85_SL5_TP10,db_exit_consistency,FALHA,91
S85_SL5_TP12,db_entry_consistency,OK,0
S85_SL5_TP12,db_exit_consistency,FALHA,89
S85_SL5_TP15,db_entry_consistency,OK,0
S85_SL5_TP15,db_exit_consistency,FALHA,70
S85_SL6_TP8,db_entry_consistency,OK,0
S85_SL6_TP8,db_exit_consistency,FALHA,89
S85_SL6_TP10,db_entry_consistency,OK,0
S85_SL6_TP10,db_exit_consistency,FALHA,86
S85_SL6_TP12,db_entry_consistency,OK,0
S85_SL6_TP12,db_exit_consistency,FALHA,78
S85_SL6_TP15,db_entry_consistency,OK,0
S85_SL6_TP15,db_exit_consistency,FALHA,63
CD6_E1_P5,db_entry_consistency,OK,0
CD6_E1_P5,db_exit_consistency,FALHA,75
CD6_E1_P7,db_entry_consistency,OK,0
CD6_E1_P7,db_exit_consistency,FALHA,89
CD6_E1_P10,db_entry_consistency,OK,0
CD6_E1_P10,db_exit_consistency,FALHA,121
CD6_E1_P15,db_entry_consistency,OK,0
CD6_E1_P15,db_exit_consistency,FALHA,157
CD6_E2_P5,db_entry_consistency,OK,0
CD6_E2_P5,db_exit_consistency,FALHA,75
CD6_E2_P7,db_entry_consistency,OK,0
CD6_E2_P7,db_exit_consistency,FALHA,92
CD6_E2_P10,db_entry_consistency,OK,0
CD6_E2_P10,db_exit_consistency,FALHA,124
CD6_E2_P15,db_entry_consistency,OK,0
CD6_E2_P15,db_exit_consistency,FALHA,161
CD12_E1_P5,db_entry_consistency,OK,0
CD12_E1_P5,db_exit_consistency,FALHA,59
CD12_E1_P7,db_entry_consistency,OK,0
CD12_E1_P7,db_exit_consistency,FALHA,97
CD12_E1_P15,db_entry_consistency,OK,0
CD12_E1_P15,db_exit_consistency,FALHA,157
CD12_E2_P5,db_entry_consistency,OK,0
CD12_E2_P5,db_exit_consistency,FALHA,61
CD12_E2_P7,db_entry_consistency,OK,0
CD12_E2_P7,db_exit_consistency,FALHA,89
CD12_E2_P10,db_entry_consistency,OK,0
CD12_E2_P10,db_exit_consistency,FALHA,117
CD12_E2_P15,db_entry_consistency,OK,0
CD12_E2_P15,db_exit_consistency,FALHA,157
CD24_E1_P5,db_entry_consistency,OK,0
CD24_E1_P5,db_exit_consistency,FALHA,66
CD24_E1_P7,db_entry_consistency,OK,0
CD24_E1_P7,db_exit_consistency,FALHA,77
CD24_E1_P10,db_entry_consistency,OK,0
CD24_E1_P10,db_exit_consistency,FALHA,116
CD24_E1_P15,db_entry_consistency,OK,0
CD24_E1_P15,db_exit_consistency,FALHA,140
CD24_E2_P5,db_entry_consistency,OK,0
CD24_E2_P5,db_exit_consistency,FALHA,66
CD24_E2_P7,db_entry_consistency,OK,0
CD24_E2_P7,db_exit_consistency,FALHA,77
CD24_E2_P10,db_entry_consistency,OK,0
CD24_E2_P10,db_exit_consistency,FALHA,116
CD24_E2_P15,db_entry_consistency,OK,0
CD24_E2_P15,db_exit_consistency,FALHA,140
COST_0.15,db_entry_consistency,OK,0
COST_0.15,db_exit_consistency,FALHA,117
COST_0.20,db_entry_consistency,OK,0
COST_0.20,db_exit_consistency,FALHA,117
COST_0.30,db_entry_consistency,OK,0
COST_0.30,db_exit_consistency,FALHA,117
ROBUST_72_SL5_TP10_CD6_P7,db_entry_consistency,OK,0
ROBUST_72_SL5_TP10_CD6_P7,db_exit_consistency,FALHA,93
ROBUST_78_SL5_TP10_CD6_P7,db_entry_consistency,OK,0
ROBUST_78_SL5_TP10_CD6_P7,db_exit_consistency,FALHA,74
ROBUST_78_SL5_TP12_CD6_P7,db_entry_consistency,OK,0
ROBUST_78_SL5_TP12_CD6_P7,db_exit_consistency,FALHA,61
ROBUST_78_SL4_TP12_CD6_P7,db_entry_consistency,OK,0
ROBUST_78_SL4_TP12_CD6_P7,db_exit_consistency,FALHA,75
ROBUST_78_SL5_TP10_CD24_P5,db_entry_consistency,OK,0
ROBUST_78_SL5_TP10_CD24_P5,db_exit_consistency,FALHA,47
ROBUST_78_SL5_TP12_CD24_P5,db_entry_consistency,OK,0
ROBUST_78_SL5_TP12_CD24_P5,db_exit_consistency,FALHA,41
