tipo,scenario,symbol,trades,avg_pct,median_pct,pf,dd_pct,pnl
scenario,CD12_E1_P15,,483,0.9607244968770176,-0.20199772259623644,1.6386522190724473,-63.54947778424274,4640.299319915995
scenario,CD12_E1_P5,,184,0.18566105802376606,-0.21997802497076818,1.113581994687621,-54.139554417184634,341.6163467637297
scenario,CD12_E1_P7,,256,1.2721618954390796,-0.20999125770566046,1.7767324027492386,-55.839463606308904,3256.7344523240445
scenario,CD12_E2_P10,,347,0.5555541929432063,-0.23004807692307266,1.3487557166549728,-63.420577641593965,1927.7730495129263
scenario,CD12_E2_P15,,490,1.0422188959359466,-0.20749113569314398,1.7179589383604228,-65.49613406068727,5106.872590086139
scenario,CD12_E2_P5,,185,0.3652758260665658,-0.2179964007198663,1.2272419638091894,-55.83660811818414,675.7602782231469
scenario,CD12_E2_P7,,256,1.1352543694376402,-0.2139993202647737,1.6991948968049098,-54.79494413588504,2906.251185760359
scenario,CD24_E1_P10,,345,0.4622018150481455,-0.2199740337561094,1.2858375375966669,-67.33987569392345,1594.5962619161023
scenario,CD24_E1_P15,,477,0.33875102579400485,-0.22254791431792748,1.221859944367422,-76.46558656065964,1615.8423930374036
scenario,CD24_E1_P5,,188,0.6372802538125591,-0.20998876294724395,1.4007562071683795,-54.31318854453657,1198.0868771676114
scenario,CD24_E1_P7,,247,1.2705505359331444,-0.20999050901643318,1.8482016281037212,-54.24549117766383,3138.259823754867
scenario,CD24_E2_P10,,345,0.4622018150481455,-0.2199740337561094,1.2858375375966669,-67.33987569392345,1594.5962619161023
scenario,CD24_E2_P15,,477,0.33875102579400485,-0.22254791431792748,1.221859944367422,-76.46558656065964,1615.8423930374036
scenario,CD24_E2_P5,,188,0.6372802538125591,-0.20998876294724395,1.4007562071683795,-54.31318854453657,1198.0868771676114
scenario,CD24_E2_P7,,247,1.2705505359331444,-0.20999050901643318,1.8482016281037212,-54.24549117766383,3138.259823754867
scenario,CD6_E1_P10,,349,1.2932036236269209,-0.20999200639488774,1.8453355155623106,-60.950763766232626,4513.280646457954
scenario,CD6_E1_P15,,490,1.1746980847383137,-0.19950001499954279,1.82151477620399,-63.122158346321264,5756.020615217738
scenario,CD6_E1_P5,,194,0.6022361826156132,-0.21000451767205203,1.365641335206976,-59.485652260468115,1168.3381942742897
scenario,CD6_E1_P7,,257,1.2655887822588097,-0.20999200639488774,1.7944525127404625,-57.65892325101928,3252.563170405141
scenario,CD6_E2_P10,,353,0.8460976281639041,-0.209990009990013,1.5638924270467942,-59.62176529457657,2986.724627418582
scenario,CD6_E2_P15,,496,1.0607094210339332,-0.2,1.711426063567799,-67.53051957132227,5261.11872832831
scenario,CD6_E2_P5,,194,0.5965882496402029,-0.21100911453461585,1.3611429169184261,-59.92674420311297,1157.3812043019939
scenario,CD6_E2_P7,,256,0.3524127968151459,-0.22295109103724325,1.2060048023130683,-60.37062091186347,902.1767598467737
scenario,COST_0.15,,344,0.9958732288873624,-0.3139993202647737,1.600883604430117,-65.63763856773568,3425.8039073725267
scenario,COST_0.20,,344,0.8958732288873624,-0.4139993202647737,1.5218643903405453,-67.48065297693748,3081.8039073725267
scenario,COST_0.30,,344,0.6958732288873627,-0.6139993202647737,1.378561702525996,-73.98310749556597,2393.803907372528
scenario,ROBUST_72_SL5_TP10_CD6_P7,,267,1.41147814772825,-0.2,1.9106045702300778,-67.26769048413924,3768.646654434428
scenario,ROBUST_78_SL4_TP12_CD6_P7,,210,1.1747249064926308,-0.19800187823445486,1.9006905229586692,-44.022960065255525,2466.9223036345247
scenario,ROBUST_78_SL5_TP10_CD24_P5,,147,0.8960003608866502,-0.2,1.6438400866410194,-27.18576212149325,1317.1205305033761
scenario,ROBUST_78_SL5_TP10_CD6_P7,,211,1.4421638502950147,-0.2,1.9439096362705754,-39.49077458496269,3042.965724122481
scenario,ROBUST_78_SL5_TP12_CD24_P5,,143,1.0448941831884684,-0.19001098791329146,1.7359054782430108,-27.18576212149325,1494.1986819595097
scenario,ROBUST_78_SL5_TP12_CD6_P7,,202,1.998795717500274,-0.10975969845157235,2.424392929701826,-33.25362148399129,4037.5673493505533
scenario,S72_SL4_TP10,,375,0.5103521370409119,-0.28077544426493556,1.340763638162396,-72.07134730306261,1913.8205139034199
scenario,S72_SL4_TP12,,376,1.1300623945284072,-0.251178203899932,1.749800920577588,-69.0985212291332,4249.0346034268105
scenario,S72_SL4_TP15,,369,1.3046475914635602,-0.2578285383836863,1.851463237432935,-71.88363544195532,4814.149612500537
scenario,S72_SL4_TP8,,396,0.4697469442333882,-0.21300039006630894,1.3235126406422255,-75.29403154611569,1860.1978991642177
scenario,S72_SL5_TP10,,363,1.018583108455646,-0.21727563272004852,1.640039397494842,-63.70191810425811,3697.4566836939953
scenario,S72_SL5_TP12,,356,0.7198668370737704,-0.21898521723798786,1.4561881747120502,-62.36587179436901,2562.725939982623
scenario,S72_SL5_TP15,,348,0.9427753863550188,-0.2100185345146886,1.6141463921863484,-68.31445997203713,3280.8583445154654
scenario,S72_SL5_TP8,,371,0.4934727055396429,-0.2299760191846521,1.2909700107915714,-64.4684799825549,1830.7837375520755
scenario,S72_SL6_TP10,,353,0.9268185794665177,-0.21998201618542695,1.549205347310718,-71.60100897382637,3271.6695855168077
scenario,S72_SL6_TP12,,354,0.7354267073661767,-0.21699692056469916,1.4422928868265223,-68.42385877949975,2603.410544076265
scenario,S72_SL6_TP15,,348,0.564516427702432,-0.22794659508360554,1.3273657052771073,-76.31813095787787,1964.5171684044633
scenario,S72_SL6_TP8,,365,0.8015333112056813,-0.20999050901643318,1.5078844076848454,-71.56498424961926,2925.596585900737
scenario,S75_SL4_TP10,,345,0.4945489334174525,-0.2120012001200154,1.342328323744621,-64.42967559795221,1706.1938202902113
scenario,S75_SL4_TP12,,350,1.210267121606353,-0.2199790224754637,1.8198834897073564,-62.19390856644888,4235.934925622236
scenario,S75_SL4_TP15,,338,0.765269066962209,-0.24393830765337948,1.515705887925135,-68.51660031567273,2586.6094463322665
scenario,S75_SL4_TP8,,357,0.4230186092372512,-0.21001803245842537,1.3048993788128618,-52.838845358253096,1510.1764349769871
scenario,S75_SL5_TP10,,344,1.0958732288873627,-0.2139993202647737,1.6849955981726241,-63.692215128942166,3769.8039073725276
scenario,S75_SL5_TP12,,341,1.2165508952861106,-0.22997302427815153,1.7306061325592446,-65.92793066003443,4148.438552925638
scenario,S75_SL5_TP15,,336,1.4612134340803307,-0.21101062010008814,1.9600955646239935,-71.82759573718702,4909.677138509911
scenario,S75_SL5_TP8,,346,0.6794159347405397,-0.21898521723798786,1.4384428164445369,-60.92562313639589,2350.779134202268
scenario,S75_SL6_TP10,,334,0.4788684190784898,-0.21997802497076818,1.300555203428605,-65.37922100633847,1599.420519722156
scenario,S75_SL6_TP12,,330,0.454471159974977,-0.23745315953518903,1.2609656639011524,-67.51105619180971,1499.754827917424
scenario,S75_SL6_TP15,,334,0.7155017423200555,-0.24001206125303637,1.3963732725491094,-74.72740611529034,2389.7758193489854
scenario,S75_SL6_TP8,,342,0.5360998344542496,-0.1476953465102125,1.364319038947128,-58.32625178122496,1833.4614338335339
scenario,S78_SL4_TP10,,301,0.8938132407261992,-0.19134723544171878,1.7031902927468812,-43.00860308901386,2690.3778545858595
scenario,S78_SL4_TP12,,300,1.7316162633154513,-0.20898909362413992,2.301529254504477,-42.86718147334082,5194.8487899463535
scenario,S78_SL4_TP15,,291,0.9926990065197098,-0.21997602876550043,1.7253806390165145,-48.48112415953941,2888.7541089723554
scenario,S78_SL4_TP8,,313,1.5034714896034864,-0.19000999000997593,2.2360493394472916,-37.24702063368361,4705.865762458913
scenario,S78_SL5_TP10,,294,0.507546142131045,-0.20998876294724395,1.3431141249955856,-44.05912886709683,1492.1856578652726
scenario,S78_SL5_TP12,,289,0.7954571823206469,-0.21001803245842537,1.5326282356869785,-46.58884568582627,2298.8712569066697
scenario,S78_SL5_TP15,,284,1.6522837565265476,-0.2039960838378428,2.150153842400635,-49.75570433941559,4692.485868535396
scenario,S78_SL5_TP8,,299,0.5176823661515451,-0.19001098791329146,1.3798653255414095,-45.78134812228816,1547.8702747931197
scenario,S78_SL6_TP10,,284,0.8548112780850226,-0.19001148656595507,1.5831831208463976,-40.65855715711108,2427.6640297614645
scenario,S78_SL6_TP12,,282,0.866343235471105,-0.18501398681253206,1.5794149854449047,-41.721168066682836,2443.087924028516
scenario,S78_SL6_TP15,,274,0.9787469725791338,-0.20799516451091554,1.632912666349618,-39.198063469765685,2681.7667048668263
scenario,S78_SL6_TP8,,292,1.1359755360746842,-0.06463823630619131,1.7712440687257633,-44.51375293217086,3317.0485653380774
scenario,S80_SL4_TP10,,307,1.4256379116950526,-0.2100170289492163,2.0786846657996314,-42.57053677964022,4376.708388903811
scenario,S80_SL4_TP12,,296,1.3823387372067713,-0.21499880041994085,2.008797332791748,-48.17003409272175,4091.722662132043
scenario,S80_SL4_TP15,,297,1.6891179151476012,-0.20999500249875275,2.234536700771453,-48.598897591339785,5016.6802079883755
scenario,S80_SL4_TP8,,313,0.5989370740757703,-0.2,1.4617370320047107,-45.718538771239714,1874.6730418571613
scenario,S80_SL5_TP10,,290,1.4961781339549522,-0.19001048836352324,2.0882161741709466,-42.99152756811257,4338.916588469362
scenario,S80_SL5_TP12,,289,1.6314301060190541,-0.2,2.122404507160293,-38.706083451945794,4714.833006395067
scenario,S80_SL5_TP15,,280,1.2287358880967745,-0.2,1.897181848146168,-42.53970218891603,3440.4604866709683
scenario,S80_SL5_TP8,,303,1.2125824275667554,-0.19000799360511228,1.8516666069156067,-45.530779062734716,3674.124755527269
scenario,S80_SL6_TP10,,279,0.561246743249774,-0.20099995000251153,1.362898463547158,-50.85244203877251,1565.8784136668694
scenario,S80_SL6_TP12,,281,0.5414206039259417,-0.2,1.322925218296352,-62.039365229233326,1521.3918970318962
scenario,S80_SL6_TP15,,274,0.9778688963993375,-0.2,1.6352936905210296,-46.846812801226854,2679.3607761341846
scenario,S80_SL6_TP8,,294,0.3413402342556311,-0.2,1.21072584314456,-44.46606036797406,1003.5402887115555
scenario,S82_SL4_TP10,,304,0.885230540272286,-0.2199760289647688,1.6472486436634728,-32.389431483425454,2691.1008424277497
scenario,S82_SL4_TP12,,295,0.9582437691849185,-0.2199740337561094,1.689363735878135,-39.70339409064951,2826.8191190955094
scenario,S82_SL4_TP15,,293,1.5600959676167512,-0.2551267916207299,2.0964789125830574,-43.21915376090678,4571.081185117081
scenario,S82_SL4_TP8,,312,0.7468655103018863,-0.20149869613436105,1.5656955658678215,-36.09993512267757,2330.2203921418854
scenario,S82_SL5_TP10,,287,0.7633993395485653,-0.2,1.4966648942616236,-36.6110771577999,2190.956104504383
scenario,S82_SL5_TP12,,287,1.064408271806656,-0.2,1.719575770237293,-37.17869155511544,3054.8517400851033
scenario,S82_SL5_TP15,,280,1.0273778094313948,-0.20799491499770545,1.678334669779796,-39.60921646783555,2876.657866407905
scenario,S82_SL5_TP8,,301,0.6773126170658148,-0.2,1.4740031350294212,-37.527732057464455,2038.710977368103
scenario,S82_SL6_TP10,,284,0.7001031020191291,-0.2,1.4338054728441454,-38.57220769516193,1988.2928097343267
scenario,S82_SL6_TP12,,286,0.7357007119417167,-0.2154937931970023,1.42952686454642,-56.37537592818174,2104.1040361533096
scenario,S82_SL6_TP15,,273,0.8261580651190059,-0.2099870168780547,1.5002226418999083,-62.66704233912309,2255.411517774886
scenario,S82_SL6_TP8,,290,0.5171293208617773,-0.2,1.3392453336017154,-41.05412118175295,1499.6750304991544
scenario,S85_SL4_TP10,,275,0.7961274625936342,-0.20999200639488774,1.5888802668517548,-37.5565122326702,2189.3505221324945
scenario,S85_SL4_TP12,,276,1.7705862022989405,-0.2079934184417263,2.3140267213522625,-41.153364174047425,4886.817918345076
scenario,S85_SL4_TP15,,270,1.283585026148381,-0.21997802497076818,1.9349231294772282,-33.321879635480514,3465.6795706006287
scenario,S85_SL4_TP8,,288,1.281509593114845,-0.20998801448239274,1.9496257071120864,-43.74087557296112,3690.747628170754
scenario,S85_SL5_TP10,,274,0.5908853386798472,-0.20998951103837188,1.3848189903216452,-54.99591269061974,1619.0258279827815
scenario,S85_SL5_TP12,,271,0.992546084417386,-0.2,1.6702985576065297,-50.25854996616916,2689.7998887711165
scenario,S85_SL5_TP15,,261,0.8287981719565599,-0.2059998200053979,1.541442814591822,-39.83445941990278,2163.163228806621
scenario,S85_SL5_TP8,,280,0.9899972642606297,-0.20149869613436105,1.6365969934568387,-65.37923933330521,2771.9923399297636
scenario,S85_SL6_TP10,,270,0.6453331115495314,-0.2,1.3993801165984,-65.15881874124403,1742.399401183735
scenario,S85_SL6_TP12,,267,0.8799242127836127,-0.2,1.5480855293160822,-62.81972502033455,2349.3976481322456
scenario,S85_SL6_TP15,,258,0.5757321459828709,-0.22498001598720824,1.3134666630154215,-46.68434247246961,1485.3889366358069
scenario,S85_SL6_TP8,,274,0.8990036412232787,-0.20449860613706,1.5488849609730864,-66.69955648461861,2463.2699769517835
symbol,,ACE/USDT,555,5.026468710250121,9.80000000000001,3.828698262812673,-19.318309177600014,27896.901341888177
symbol,,ALLO/USDT,388,-0.8647568114399035,-4.200000000000004,0.6950712876260875,-98.21217160589416,-3355.2564283868246
symbol,,DEXE/USDT,177,-5.155367231638423,-5.200000000000005,0.0,-99.99149341567221,-9125.00000000001
symbol,,CHIP/USDT,519,0.21973241907168345,-1.8861219195849597,1.093634790603034,-65.8721600720509,1140.4112549820375
symbol,,HOME/USDT,690,3.612968094882326,7.800000000000007,2.6914971012717657,-62.985387105552434,24929.47985468805
symbol,,PUMP/USDT,877,2.451436605117328,3.4247334754797354,2.4151904689075,-17.99177576061972,21499.09902687897
symbol,,CRCLB/USDT,546,-0.9322194732087297,-1.6910676607117756,0.49771698260144076,-99.5510081637755,-5089.918323719664
symbol,,ONG/USDT,521,17.549205753146182,3.858782365290403,21.20157244168275,-18.27584971521595,91431.36197389162
symbol,,PEPE/USDT,397,0.27912307869493486,0.15587188612098418,1.2656709766207759,-35.78846834302231,1108.1186224188912
symbol,,TAO/USDT,395,-1.1895374430148047,-2.4414671421293943,0.46055116174768507,-99.30886955697069,-4698.672899908478
symbol,,HEMI/USDT,703,1.6489766795250929,0.5736943907156624,1.8822867544630957,-19.735921168065605,11592.306057061403
symbol,,SUI/USDT,141,-1.495300285232383,-1.0036739380022917,0.0,-88.12735435903046,-2108.37340217766
symbol,,EDEN/USDT,598,2.3940649561143945,0.3168324363531651,2.4749645633553867,-15.120921712627421,14316.50843756408
symbol,,TUT/USDT,691,5.328747638260806,7.800000000000007,6.337884660435134,-15.710944800000014,36821.64618038217
symbol,,LTC/USDT,99,-0.9213901699125069,-0.37406440382941036,0.2157331550963335,-66.33235245308737,-912.1762682133817
symbol,,SKHYB/USDT,366,-2.4188010324074343,-1.4686416087455243,0.09234043774403937,-99.9887970739254,-8852.81177861121
symbol,,SOXLB/USDT,466,-0.44139750457080273,-0.7652443647894078,0.8021933965924354,-92.87634964273572,-2056.9123712999403
symbol,,EWYB/USDT,552,0.6442475077536682,0.266588901849696,2.049137997556812,-16.538578422030113,3556.2462428002486
symbol,,MUB/USDT,416,0.2604173944392785,0.5086204267292229,1.1778078996624766,-29.770380804895446,1083.336360867399
symbol,,LINK/USDT,497,2.567005419966911,1.646816224790393,7.3241517493683945,-5.453821583440888,12758.016937235547
symbol,,TREE/USDT,469,2.2191215449116175,0.3464480874316946,2.6348385223445097,-12.373953592969645,10407.680045635487
symbol,,SNDKB/USDT,384,4.710894402471057,6.137104152629513,5.51845408974772,-9.181600000000012,18089.83450548886
symbol,,XRP/USDT,15,1.7966075981502423,2.548892304910022,5.356126241770661,-6.0908044692667085,269.4911397225364
symbol,,ETH/USDT,235,0.6753495681101045,0.10893237987705823,1.9059912915688102,-17.757625222666817,1587.0714850587456
symbol,,NEAR/USDT,211,-0.23008207204106063,-0.3173020527859281,0.755540052268631,-58.49458475912358,-485.4731720066379
symbol,,BMT/USDT,488,0.6696358168282838,0.6460236886632666,1.448476319703016,-48.805525053393325,3267.822786122025
symbol,,OPN/USDT,487,2.362764816577199,1.683239171374762,2.5229934341395595,-19.27570861953417,11506.66465673096
symbol,,RARE/USDT,531,-0.9013811981501441,-1.3695906432748426,0.5812128242021123,-99.46784177356504,-4786.334162177264
symbol,,RED/USDT,359,1.087981018684444,-0.6509582863585048,1.5691805977312352,-32.27084191151267,3905.8518570771544
symbol,,BICO/USDT,435,4.085015980020257,7.800000000000007,3.328698813422788,-22.587453566400008,17769.81951308812
symbol,,XPL/USDT,340,-2.5285145905704254,-2.2987940630797676,0.040360899629395756,-99.98502071484788,-8596.949607939447
symbol,,GPS/USDT,767,-0.12633323059667412,-0.5033367037411416,0.9376410850965473,-86.7341810755765,-968.97587867649
symbol,,GIGGLE/USDT,396,-0.6922748672942504,-3.9647705413575096,0.781873905331235,-98.32437748769313,-2741.408474485231
symbol,,ALPINE/USDT,516,-0.4776973400966341,-0.5125000000000044,0.5296591315986882,-93.36478889279036,-2464.918274898632
symbol,,MSTRB/USDT,365,-1.503632661734227,-1.0951276574102329,0.2387111517339038,-99.65385224591239,-5488.259215329928
symbol,,GRAM/USDT,146,-0.6611657780295118,-1.8899338721528267,0.6138935872178429,-78.23815995096827,-965.3020359230873
symbol,,PORTAL/USDT,596,-0.16787818357992587,-0.8039689387402846,0.9250546246500372,-88.32654865828705,-1000.5539741363577
symbol,,PLUME/USDT,822,0.08621714344694249,-1.0994276369582943,1.0402509971737064,-79.6888061931241,708.704919133868
symbol,,ONDO/USDT,352,-1.5056045720576046,-2.0009247992212154,0.25109080475567674,-99.57552185303742,-5299.728093642767
symbol,,UNI/USDT,466,0.7076943174222001,0.9862756827264232,1.4666676341578164,-60.28248743911631,3297.855519187453
symbol,,KAITO/USDT,406,-1.6867177804125555,-5.199999999999993,0.516344785050147,-99.96369092738179,-6848.074188474975
symbol,,WLD/USDT,424,-1.0115147701099936,-0.8154747948417305,0.4017361919087848,-98.86453997440634,-4288.822625266373
symbol,,ADA/USDT,505,0.21384855847723255,-0.08283538371411919,1.1548547010990273,-51.59916606339968,1079.9352203100248
symbol,,TRUMP/USDT,336,1.1821762990688607,-1.392052980132452,2.020143045269718,-20.34944698157528,3972.1123648713724
symbol,,HEI/USDT,302,-2.9074122810216667,-5.200000000000005,0.3380288684646095,-99.99209331646878,-8780.385088685432
symbol,,RE/USDT,689,-0.032853151511103434,-1.6312977099236623,0.9873547895695928,-94.94977458102358,-226.35821391150176
symbol,,MUBARAK/USDT,951,1.8746088561049992,-0.6566210045662044,2.148673055874404,-19.233112038400023,17827.530221558543
symbol,,USDE/USDT,512,-0.21356756313063585,-0.209990009990013,0.0,-66.53569631625192,-1093.4659232288554
symbol,,PAXG/USDT,548,0.03410743323834193,0.19084324183302764,1.08082354461105,-22.85729631804161,186.90873414611374
symbol,,AAVE/USDT,367,-1.552048141310309,-2.698518664823224,0.28322501646794873,-99.72329365458184,-5696.016678608835
symbol,,BNB/USDT,412,0.2764865006711212,0.23302589631244447,1.649578031329596,-14.067324396968994,1139.1243827650192
symbol,,BCH/USDT,140,-1.2569434956531707,-1.1203865623561902,0.10332759109907459,-83.44169303038856,-1759.7208939144389
symbol,,RLUSD/USDT,424,-0.2173459252991872,-0.20998901208673076,0.0,-60.25184043534805,-921.5467232685537
symbol,,USDC/USDT,316,-0.21165375531576558,-0.20499525450823325,0.0,-48.806500962879674,-668.8258667978191
symbol,,USD1/USDT,353,-0.21444677264998385,-0.2120012001200154,0.0,-53.132451286703564,-756.9971074544429
symbol,,U/USDT,254,-0.2129480597026875,-0.2,0.0,-41.81235097499514,-540.8880716448261
symbol,,XUSD/USDT,234,-0.20413414231506619,-0.19001398042739465,0.0,-38.009224830971554,-477.67389301725484
symbol,,FDUSD/USDT,223,-0.2399455972951105,-0.2100200400801609,0.0,-41.47685661360262,-535.0786819680965
symbol,,AVAX/USDT,205,-2.2756995469792356,-1.7068408916218298,0.07831495046403662,-99.14675327543857,-4665.1840713074325
symbol,,EURI/USDT,451,-0.1311634092240873,-0.2,0.3447798199458637,-45.47723154791748,-591.5469756006338
symbol,,WLFI/USDT,429,0.212641387922264,-0.5333333333333299,1.3083635960054687,-21.675641005104218,912.2315541865124
symbol,,SPCXB/USDT,442,-0.37455099216586524,0.13443922489724844,0.8036578105308899,-89.02376223534785,-1655.515385373124
symbol,,FIL/USDT,200,1.7378598697188337,0.4805555555555509,12.361229287587417,-4.849744013063518,3475.7197394376676
symbol,,GALA/USDT,144,-2.8386162592618964,-3.160526315789469,0.0,-98.42688223025199,-4087.6074133371308
symbol,,POL/USDT,279,1.2854984977518273,0.6568269762299741,5.096804492678154,-7.238916000206574,3586.5408087275982
symbol,,DOT/USDT,158,1.4167413437963812,1.85920205920207,6.149266153926771,-3.392848020434236,2238.4513231982824
symbol,,ARB/USDT,314,0.9443190359386703,1.6445322793148922,1.7651288238746738,-12.819536427888234,2965.161772847425
symbol,,EUR/USDT,525,-0.03250203898338759,-0.17400571874186516,0.797528562479871,-19.85767106148122,-170.6357046627848
symbol,,ENA/USDT,407,1.1326033087026746,0.7988901220865599,1.8537872599385758,-51.109064769443854,4609.695466419886
symbol,,XAUT/USDT,250,0.08170217442765441,-0.24722961617913414,1.1698983729572694,-28.99174679435177,204.255436069136
symbol,,ZEC/USDT,294,0.6453337345593875,0.05300442757747453,1.6366479476617437,-34.805769628100755,1897.2811796045992
symbol,,SNXXB/USDT,431,3.098212966195004,4.310638297872327,2.472898509188225,-34.854654929107696,13353.297884300468
symbol,,KORUB/USDT,548,-0.2328117584449917,-2.9403414195867117,0.9097875049021088,-92.7403878399103,-1275.808436278554
symbol,,BTC/USDT,141,0.20654648108562398,0.26778363366808405,1.5671633685691058,-14.9157884589585,291.23053833072976
symbol,,BEL/USDT,489,2.3586329324746043,2.038805970149249,3.49327965558934,-17.402156387159838,11533.715039800816
symbol,,SOL/USDT,210,1.179934004633835,0.3560704355885182,4.8006513542180285,-2.5323044434686026,2477.8614097310533
symbol,,DOGE/USDT,145,1.8257249771153161,1.854115313783833,8.797069710629046,-3.3830255837744683,2647.3012168172086
symbol,,TRX/USDT,180,-0.10939253355606543,-0.2300300408624943,0.6837020188277171,-19.923946793784463,-196.90656040091778
symbol,,XLM/USDT,21,10.752380952380959,9.80000000000001,inf,0.0,2258.0000000000014
symbol,,PENGU/USDT,2,12.27348916761688,12.27348916761688,inf,0.0,245.46978335233763
symbol,,FET/USDT,112,5.897878497552768,12.260063897763574,5.908725929349687,-10.236767614899179,6605.623917259101
symbol,,BOME/USDT,2,-5.200000000000016,-5.200000000000016,0.0,-10.129600000000028,-104.00000000000033
