symbol,trades,return_sum_pct,median_pct,mean_pct,win_rate_pct,profit_factor,p10_pct,p90_pct
AAVE/USDT,367,-569.60166786,-2.69851866,-1.55204814,24.2507,0.283225,-3.83164721,2.61443299
ACE/USDT,555,2789.69013419,9.80000000,5.02646871,63.6036,3.828698,-5.20000000,14.80000000
ADA/USDT,505,107.99352203,-0.08283538,0.21384856,47.1287,1.154855,-4.20000000,4.08954424
ALLO/USDT,388,-335.52564284,-4.20000000,-0.86475681,38.1443,0.695071,-6.20000000,7.80000000
ALPINE/USDT,516,-246.49182749,-0.51250000,-0.47769734,43.7984,0.529659,-2.72365931,1.92121212
ARB/USDT,314,296.51617728,1.64453228,0.94431904,64.0127,1.765129,-3.38707204,4.02535211
AVAX/USDT,205,-466.51840713,-1.70684089,-2.27569955,13.6585,0.078315,-5.20000000,0.96861436
BCH/USDT,140,-175.97208939,-1.12038656,-1.25694350,41.4286,0.103328,-4.20000000,0.12817628
BEL/USDT,489,1153.37150398,2.03880597,2.35863293,77.0961,3.493280,-4.20000000,9.80000000
BICO/USDT,435,1776.98195131,7.80000000,4.08501598,55.4023,3.328699,-5.36000000,11.80000000
BMT/USDT,488,326.78227861,0.64602369,0.66963582,54.5082,1.448476,-5.20000000,7.80000000
BNB/USDT,412,113.91243828,0.23302590,0.27648650,52.6699,1.649578,-1.26034563,2.20220941
BOME/USDT,2,-10.40000000,-5.20000000,-5.20000000,0.0000,0.000000,-5.20000000,-5.20000000
BTC/USDT,141,29.12305383,0.26778363,0.20654648,55.3191,1.567163,-1.51902150,1.03346329
CHIP/USDT,519,114.04112550,-1.88612192,0.21973242,27.7457,1.093635,-5.20000000,9.80000000
CRCLB/USDT,546,-508.99183237,-1.69106766,-0.93221947,30.0366,0.497717,-5.02989064,3.71854366
DEXE/USDT,177,-912.50000000,-5.20000000,-5.15536723,0.0000,0.000000,-6.20000000,-4.20000000
DOGE/USDT,145,264.73012168,1.85411531,1.82572498,66.2069,8.797070,-0.79693007,6.36358909
DOT/USDT,158,223.84513232,1.85920206,1.41674134,87.3418,6.149266,-1.48956624,2.76774194
EDEN/USDT,598,1431.65084376,0.31683244,2.39406496,50.8361,2.474965,-4.20000000,11.80000000
ENA/USDT,407,460.96954664,0.79889012,1.13260331,58.2310,1.853787,-5.20000000,9.74000000
ETH/USDT,235,158.70714851,0.10893238,0.67534957,62.1277,1.905991,-2.64594152,2.91770677
EUR/USDT,525,-17.06357047,-0.17400572,-0.03250204,33.3333,0.797529,-0.30376135,0.40376057
EURI/USDT,451,-59.15469756,-0.20000000,-0.13116341,11.0865,0.344780,-0.36437408,0.34390736
EWYB/USDT,552,355.62462428,0.26658890,0.64424751,66.1232,2.049138,-2.08396232,4.06261636
FDUSD/USDT,223,-53.50786820,-0.21002004,-0.23994560,0.0000,0.000000,-0.30007005,-0.21001703
FET/USDT,112,660.56239173,12.26006390,5.89787850,58.0357,5.908726,-4.20000000,12.26006390
FIL/USDT,200,347.57197394,0.48055556,1.73785987,90.0000,12.361229,-0.01794815,7.93585887
GALA/USDT,144,-408.76074133,-3.16052632,-2.83861626,0.0000,0.000000,-3.71455244,-1.24740904
GIGGLE/USDT,396,-274.14084745,-3.96477054,-0.69227487,24.2424,0.781874,-5.20000000,9.80000000
GPS/USDT,767,-96.89758787,-0.50333670,-0.12633323,42.3729,0.937641,-5.20000000,7.80000000
GRAM/USDT,146,-96.53020359,-1.88993387,-0.66116578,13.0137,0.613894,-2.37248190,8.57976190
HEI/USDT,302,-878.03850887,-5.20000000,-2.90741228,16.2252,0.338029,-6.20000000,9.80000000
HEMI/USDT,703,1159.23060571,0.57369439,1.64897668,53.2006,1.882287,-5.20000000,9.80000000
HOME/USDT,690,2492.94798547,7.80000000,3.61296809,58.8406,2.691497,-6.20000000,11.80000000
KAITO/USDT,406,-684.80741885,-5.20000000,-1.68671778,32.5123,0.516345,-6.20000000,9.65000000
KORUB/USDT,548,-127.58084363,-2.94034142,-0.23281176,42.5182,0.909788,-6.20000000,9.73000000
LINK/USDT,497,1275.80169372,1.64681622,2.56700542,67.4044,7.324152,-1.55249366,8.10235440
LTC/USDT,99,-91.21762682,-0.37406440,-0.92139017,17.1717,0.215733,-2.89930948,0.34969217
MSTRB/USDT,365,-548.82592153,-1.09512766,-1.50363266,45.2055,0.238711,-5.20000000,1.57946616
MUB/USDT,416,108.33363609,0.50862043,0.26041739,64.1827,1.177808,-5.20000000,4.24095511
MUBARAK/USDT,951,1782.75302216,-0.65662100,1.87460886,46.8980,2.148673,-5.20000000,9.80000000
NEAR/USDT,211,-48.54731720,-0.31730205,-0.23008207,44.5498,0.755540,-2.72495596,2.32792475
ONDO/USDT,352,-529.97280936,-2.00092480,-1.50560457,36.0795,0.251091,-4.20000000,0.58778927
ONG/USDT,521,9143.13619739,3.85878237,17.54920575,71.7850,21.201572,-4.20000000,11.80000000
OPN/USDT,487,1150.66646567,1.68323917,2.36276482,59.3429,2.522993,-5.20000000,9.80000000
PAXG/USDT,548,18.69087341,0.19084324,0.03410743,51.6423,1.080824,-1.38896187,0.88330421
PENGU/USDT,2,24.54697834,12.27348917,12.27348917,100.0000,999.000000,8.69469783,15.85228050
PEPE/USDT,397,110.81186224,0.15587189,0.27912308,52.1411,1.265671,-5.20000000,4.47625899
PLUME/USDT,822,70.87049191,-1.09942764,0.08621714,38.3212,1.040251,-5.20000000,9.80000000
POL/USDT,279,358.65408087,0.65682698,1.28549850,71.6846,5.096804,-0.28131568,6.47808219
PORTAL/USDT,596,-100.05539741,-0.80396894,-0.16787818,33.2215,0.925055,-5.20000000,9.80000000
PUMP/USDT,877,2149.90990269,3.42473348,2.45143661,55.1881,2.415190,-5.20000000,9.80000000
RARE/USDT,531,-478.63341622,-1.36959064,-0.90138120,38.7947,0.581213,-5.20000000,4.18016529
RE/USDT,689,-22.63582139,-1.63129771,-0.03285315,42.9608,0.987355,-5.40000000,9.80000000
RED/USDT,359,390.58518571,-0.65095829,1.08798102,40.6685,1.569181,-5.20000000,11.80000000
RLUSD/USDT,424,-92.15467233,-0.20998901,-0.21734593,0.0000,0.000000,-0.23994408,-0.19000999
SKHYB/USDT,366,-885.28117786,-1.46864161,-2.41880103,12.2951,0.092340,-5.20000000,0.07561414
SNDKB/USDT,384,1808.98345055,6.13710415,4.71089440,79.6875,5.518454,-5.20000000,9.80000000
SNXXB/USDT,431,1335.32978843,4.31063830,3.09821297,59.1647,2.472899,-5.20000000,11.80000000
SOL/USDT,210,247.78614097,0.35607044,1.17993400,66.6667,4.800651,-0.96872964,5.12552083
SOXLB/USDT,466,-205.69123713,-0.76524436,-0.44139750,45.0644,0.802193,-5.20000000,5.22255950
SPCXB/USDT,442,-165.55153854,0.13443922,-0.37455099,50.2262,0.803658,-5.12859392,9.07045526
SUI/USDT,141,-210.83734022,-1.00367394,-1.49530029,0.0000,0.000000,-2.62406959,-0.45782854
TAO/USDT,395,-469.86728999,-2.44146714,-1.18953744,24.8101,0.460551,-4.20000000,3.85268490
TREE/USDT,469,1040.76800456,0.34644809,2.21912154,52.8785,2.634839,-5.20000000,11.80000000
TRUMP/USDT,336,397.21123649,-1.39205298,1.18217630,46.1310,2.020143,-2.89205515,9.80000000
TRX/USDT,180,-19.69065604,-0.23003004,-0.10939253,30.5556,0.683702,-1.20740741,1.03456790
TUT/USDT,691,3682.16461804,7.80000000,5.32874764,73.3719,6.337885,-5.20000000,11.80000000
U/USDT,254,-54.08880716,-0.20000000,-0.21294806,0.0000,0.000000,-0.21998202,-0.18001399
UNI/USDT,466,329.78555192,0.98627568,0.70769432,52.3605,1.466668,-4.88970969,7.80000000
USD1/USDT,353,-75.69971075,-0.21200120,-0.21444677,0.0000,0.000000,-0.21799640,-0.19300035
USDC/USDT,316,-66.88258668,-0.20499525,-0.21165376,0.0000,0.000000,-0.23496224,-0.19700264
USDE/USDT,512,-109.34659232,-0.20999001,-0.21356756,0.0000,0.000000,-0.23996363,-0.18001599
WLD/USDT,424,-428.88226253,-0.81547479,-1.01151477,31.3679,0.401736,-4.20000000,3.34589648
WLFI/USDT,429,91.22315542,-0.53333333,0.21264139,39.3939,1.308364,-1.62857143,3.28650257
XAUT/USDT,250,20.42554361,-0.24722962,0.08170217,36.4000,1.169898,-1.37910190,1.80812019
XLM/USDT,21,225.80000000,9.80000000,10.75238095,100.0000,999.000000,7.80000000,14.80000000
XPL/USDT,340,-859.69496079,-2.29879406,-2.52851459,13.5294,0.040361,-5.20000000,0.41908656
XRP/USDT,15,26.94911397,2.54889230,1.79660760,86.6667,5.356126,-0.83638888,2.54889230
XUSD/USDT,234,-47.76738930,-0.19001398,-0.20413414,0.0000,0.000000,-0.26986028,-0.18001998
ZEC/USDT,294,189.72811796,0.05300443,0.64533373,50.6803,1.636648,-3.38550786,3.46675330
