trade_id,rule,symbol,entry_time,exit_time,entry_price,exit_price,score,confidence,quantity,nominal_value,entry_fee,exit_fee,gross_pnl,net_pnl,return_pct,capital_before,capital_after,status
1,V5_24H_SCORE_GE_70,CHIP/USDT,2026-07-18T13:00:00+00:00,2026-07-19T13:00:00+00:00,0.03159,0.03049,75.0,70.0,3165.5587211142765,100.0,0.1,0.09651788540677428,-3.4821145932257167,-3.678632478632491,-3.67495752111138,99.09999999999985,195.52136752136738,CLOSED
2,V5_24H_SCORE_GE_70,DEXE/USDT,2026-07-18T13:00:00+00:00,2026-07-19T13:00:00+00:00,36.519,33.652,75.0,70.0,2.738300610641036,100.0,0.1,0.09214929214929216,-7.850707850707849,-8.042857142857141,-8.034822320536605,195.52136752136738,287.57851037851026,CLOSED
3,V5_24H_SCORE_GE_70,ONG/USDT,2026-07-18T13:00:00+00:00,2026-07-19T13:00:00+00:00,0.0472,0.0474,70.0,65.0,2118.64406779661,100.0,0.1,0.10042372881355932,0.4237288135593218,0.2233050847457625,0.22308200274301948,287.57851037851026,387.901815463256,CLOSED
4,V5_24H_SCORE_GE_70,ALLO/USDT,2026-07-18T14:00:00+00:00,2026-07-19T14:00:00+00:00,0.4592,0.4639,72.0,67.0,217.77003484320556,100.0,0.1,0.10102351916376305,1.023519163763055,0.8224956445992919,0.8216739706286632,187.70181546325605,288.62431110785536,CLOSED
5,V5_24H_SCORE_GE_70,ACE/USDT,2026-07-18T15:00:00+00:00,2026-07-19T15:00:00+00:00,0.0729,0.0672,70.0,70.0,1371.7421124828531,100.0,0.1,0.09218106995884773,-7.818930041152271,-8.011111111111118,-8.00310800310801,188.52431110785537,280.61319999674424,CLOSED
6,V5_24H_SCORE_GE_70,ZEC/USDT,2026-07-18T16:00:00+00:00,2026-07-19T16:00:00+00:00,556.73,551.43,70.0,65.0,0.179620282722325,100.0,0.1,0.09904801250157166,-0.9519874984283376,-1.1510355109299093,-1.1498856253046048,80.41319999674425,179.36216448581433,CLOSED
7,V5_24H_SCORE_GE_70,ETH/USDT,2026-07-18T18:00:00+00:00,2026-07-19T18:00:00+00:00,1857.54,1861.12,70.0,65.0,0.05383464151512215,100.0,0.1,0.10019272801662413,0.1927280166241303,-0.007464711392493828,-0.007457254138355473,79.26216448581434,179.35469977442185,CLOSED
8,V5_24H_SCORE_GE_70,TAO/USDT,2026-07-18T19:00:00+00:00,2026-07-19T19:00:00+00:00,195.9,197.1,70.0,65.0,0.5104645227156712,100.0,0.1,0.10061255742725879,0.6125574272587926,0.41194486983153383,0.4115333364950388,179.35469977442185,279.86664464425337,CLOSED
9,V5_24H_SCORE_GE_70,CRCLB/USDT,2026-07-19T01:00:00+00:00,2026-07-20T01:00:00+00:00,61.4,60.65,73.0,68.0,1.6286644951140066,100.0,0.1,0.0987785016286645,-1.2214983713354997,-1.4202768729641642,-1.4188580149492152,79.66664464425338,178.34636777128924,CLOSED
10,V5_24H_SCORE_GE_70,HEMI/USDT,2026-07-19T13:00:00+00:00,2026-07-20T13:00:00+00:00,0.00457,0.0053,75.0,70.0,21881.83807439825,100.0,0.1,0.11597374179431073,15.973741794310726,15.757768052516417,15.742026026489928,78.24636777128924,194.10413582380568,CLOSED
11,V5_24H_SCORE_GE_70,LTC/USDT,2026-07-19T13:00:00+00:00,2026-07-20T13:00:00+00:00,47.36,46.69,73.0,68.0,2.1114864864864864,100.0,0.1,0.09858530405405405,-1.414695945945951,-1.613281250000005,-1.6116695804195855,194.10413582380568,292.5908545738057,CLOSED
12,V5_24H_SCORE_GE_70,GPS/USDT,2026-07-19T14:00:00+00:00,2026-07-20T14:00:00+00:00,0.00908,0.00905,70.0,65.0,11013.215859030837,100.0,0.1,0.09966960352422909,-0.330396475770911,-0.53006607929514,-0.5295365427523877,92.39085457380571,191.96078849451055,CLOSED
13,V5_24H_SCORE_GE_70,ALLO/USDT,2026-07-19T15:00:00+00:00,2026-07-20T15:00:00+00:00,0.4711,0.4697,72.0,67.0,212.26915729144554,100.0,0.1,0.09970282317979198,-0.2971768202080227,-0.49687964338781465,-0.49638326012768696,91.86078849451056,191.46390885112274,CLOSED
14,V5_24H_SCORE_GE_70,TUT/USDT,2026-07-19T15:00:00+00:00,2026-07-20T15:00:00+00:00,0.01317,0.0138,70.0,65.0,7593.014426727411,100.0,0.1,0.10478359908883828,4.7835990888382725,4.578815489749434,4.574241248500933,191.46390885112274,296.1427243408722,CLOSED
15,V5_24H_SCORE_GE_70,EDEN/USDT,2026-07-19T16:00:00+00:00,2026-07-20T16:00:00+00:00,0.04415,0.04281,70.0,65.0,2265.005662514156,100.0,0.1,0.09696489241223102,-3.0351075877689766,-3.2320724801812077,-3.2288436365446636,95.94272434087219,192.810651860691,CLOSED
16,V5_24H_SCORE_GE_70,ACE/USDT,2026-07-19T20:00:00+00:00,2026-07-20T20:00:00+00:00,0.0712,0.1206,70.0,70.0,1404.4943820224719,100.0,0.1,0.16938202247191012,69.38202247191012,69.11264044943822,69.04359685258564,92.710651860691,261.9232923101292,CLOSED
17,V5_24H_SCORE_GE_70,EWYB/USDT,2026-07-19T22:00:00+00:00,2026-07-20T22:00:00+00:00,166.67,163.53,75.0,70.0,0.5999880002399952,100.0,0.1,0.09811603767924643,-1.8839623207535823,-2.082078358432829,-2.0799983600727563,61.72329231012924,159.7412139516964,CLOSED
18,V5_24H_SCORE_GE_70,LINK/USDT,2026-07-20T01:00:00+00:00,2026-07-21T01:00:00+00:00,8.422,8.592,73.0,68.0,11.873664212776061,100.0,0.1,0.10201852291617193,2.018522916171932,1.81650439325576,1.814689703552208,59.641213951696415,161.55771834495218,CLOSED
19,V5_24H_SCORE_GE_70,NEAR/USDT,2026-07-20T13:00:00+00:00,2026-07-21T13:00:00+00:00,1.965,1.988,73.0,68.0,50.89058524173028,100.0,0.1,0.10117048346055979,1.1704834605597938,0.9693129770992339,0.9683446324667672,61.457718344952184,162.5270313220514,CLOSED
20,V5_24H_SCORE_GE_70,SOXLB/USDT,2026-07-20T13:00:00+00:00,2026-07-21T13:00:00+00:00,143.87,152.78,73.0,68.0,0.6950719399457843,100.0,0.1,0.10619309098491693,6.193090984916921,5.986897893932005,5.98091697695505,162.5270313220514,268.61392921598343,CLOSED
21,V5_24H_SCORE_GE_70,CRCLB/USDT,2026-07-20T14:00:00+00:00,2026-07-21T14:00:00+00:00,63.12,69.88,70.0,70.0,1.5842839036755387,100.0,0.1,0.11070975918884664,10.709759188846633,10.499049429657786,10.488560868788998,68.41392921598344,179.01297864564123,CLOSED
22,V5_24H_SCORE_GE_70,BMT/USDT,2026-07-20T15:00:00+00:00,2026-07-21T15:00:00+00:00,0.01184,0.01197,73.0,68.0,8445.945945945947,100.0,0.1,0.10109797297297299,1.0979729729729826,0.8968750000000096,0.8959790209790307,78.91297864564123,179.90985364564125,CLOSED
23,V5_24H_SCORE_GE_70,ALLO/USDT,2026-07-20T15:00:00+00:00,2026-07-21T15:00:00+00:00,0.4697,0.4838,72.0,67.0,212.90185224611454,100.0,0.1,0.10300191611667021,3.001916116670216,2.7989142005535457,2.7961180824710747,179.90985364564125,282.80876784619477,CLOSED
24,V5_24H_SCORE_GE_70,XPL/USDT,2026-07-20T16:00:00+00:00,2026-07-21T16:00:00+00:00,0.08561,0.08614,75.0,70.0,1168.0878402055835,100.0,0.1,0.10061908655530896,0.6190865553089537,0.4184674687536448,0.4180494193343105,182.70876784619477,283.2272353149484,CLOSED
25,V5_24H_SCORE_GE_70,RARE/USDT,2026-07-20T20:00:00+00:00,2026-07-21T20:00:00+00:00,0.0128,0.0127,73.0,68.0,7812.5,100.0,0.1,0.09921875000000001,-0.78125,-0.98046875,-0.9794892607392608,83.02723531494843,182.14676656494842,CLOSED
26,V5_24H_SCORE_GE_70,ADA/USDT,2026-07-20T21:00:00+00:00,2026-07-21T21:00:00+00:00,0.1699,0.173,70.0,65.0,588.5815185403178,100.0,0.1,0.10182460270747497,1.8246027074749662,1.6227781047674912,1.6211569478196717,182.14676656494842,283.8695446697159,CLOSED
27,V5_24H_SCORE_GE_70,HEMI/USDT,2026-07-20T22:00:00+00:00,2026-07-21T22:00:00+00:00,0.00686,0.00535,72.0,59.0,14577.25947521866,100.0,0.1,0.07798833819241983,-22.011661807580168,-22.18965014577259,-22.16748266310948,283.8695446697159,361.7798945239433,CLOSED
28,V5_24H_SCORE_GE_70,RED/USDT,2026-07-21T01:00:00+00:00,2026-07-22T01:00:00+00:00,0.1032,0.1011,75.0,70.0,968.9922480620155,100.0,0.1,0.09796511627906976,-2.034883720930239,-2.2328488372093087,-2.2306182189903185,61.4798945239433,159.347045686734,CLOSED
29,V5_24H_SCORE_GE_70,SKHYB/USDT,2026-07-21T13:00:00+00:00,2026-07-22T13:00:00+00:00,163.9,168.61,73.0,68.0,0.6101281269066504,100.0,0.1,0.10287370347773034,2.8737034777303307,2.6708297742526,2.6681616126399605,59.247045686734,162.0178754609866,CLOSED
30,V5_24H_SCORE_GE_70,SNDKB/USDT,2026-07-21T13:00:00+00:00,2026-07-22T13:00:00+00:00,1529.08,1577.19,70.0,70.0,0.06539880189394931,100.0,0.1,0.10314633635911791,3.1463363591179103,2.943190022758792,2.9402497729858066,162.0178754609866,265.0610654837454,CLOSED
31,V5_24H_SCORE_GE_70,LTC/USDT,2026-07-21T14:00:00+00:00,2026-07-22T14:00:00+00:00,47.81,46.79,73.0,68.0,2.091612633340305,100.0,0.1,0.09786655511399288,-2.1334448860071262,-2.331311441121119,-2.328982458662457,64.86106548374539,162.62975404262426,CLOSED
32,V5_24H_SCORE_GE_70,MSTRB/USDT,2026-07-21T15:00:00+00:00,2026-07-22T15:00:00+00:00,102.67,99.78,73.0,68.0,0.9739943508327652,100.0,0.1,0.09718515632609331,-2.8148436739066938,-3.0120288302327873,-3.009019810422365,62.52975404262426,159.61772521239146,CLOSED
33,V5_24H_SCORE_GE_70,GRAM/USDT,2026-07-21T16:00:00+00:00,2026-07-22T16:00:00+00:00,1.518,1.517,72.0,67.0,65.87615283267458,100.0,0.1,0.09993412384716734,-0.06587615283267212,-0.2658102766798395,-0.2655447319478916,59.51772521239147,159.35191493571165,CLOSED
34,V5_24H_SCORE_GE_70,BMT/USDT,2026-07-21T19:00:00+00:00,2026-07-22T19:00:00+00:00,0.01203,0.01209,70.0,65.0,8312.551953449709,100.0,0.1,0.10049875311720699,0.4987531172069879,0.2982543640897809,0.2979564076820988,59.25191493571165,159.65016929980143,CLOSED
35,V5_24H_SCORE_GE_70,PORTAL/USDT,2026-07-21T22:00:00+00:00,2026-07-22T22:00:00+00:00,0.01106,0.01088,73.0,68.0,9041.591320072332,100.0,0.1,0.09837251356238698,-1.6274864376130296,-1.8258589511754166,-1.8240349162591576,59.55016929980144,157.82431034862603,CLOSED
36,V5_24H_SCORE_GE_70,KAITO/USDT,2026-07-21T23:00:00+00:00,2026-07-22T23:00:00+00:00,0.9948,0.9862,75.0,70.0,100.52271813429834,100.0,0.1,0.09913550462404502,-0.8644953759549736,-1.0636308805790187,-1.062568312266752,157.82431034862603,256.860679468047,CLOSED
37,V5_24H_SCORE_GE_70,TREE/USDT,2026-07-22T00:00:00+00:00,2026-07-23T00:00:00+00:00,0.0388,0.0382,70.0,65.0,2577.319587628866,100.0,0.1,0.09845360824742268,-1.5463917525773212,-1.744845360824744,-1.743102258566178,256.860679468047,355.21583410722224,CLOSED
38,V5_24H_SCORE_GE_70,CHIP/USDT,2026-07-22T02:00:00+00:00,2026-07-23T02:00:00+00:00,0.0306,0.03026,70.0,65.0,3267.9738562091507,100.0,0.1,0.0988888888888889,-1.1111111111111,-1.309999999999989,-1.3086913086912977,255.11583410722224,353.90583410722223,CLOSED
39,V5_24H_SCORE_GE_70,AAVE/USDT,2026-07-22T13:00:00+00:00,2026-07-23T13:00:00+00:00,97.91,96.11,75.0,70.0,1.021346134204882,100.0,0.1,0.0981615769584312,-1.8384230415688023,-2.0365846185272334,-2.0345500684587745,53.60583410722225,151.66924948869502,CLOSED
40,V5_24H_SCORE_GE_70,MUB/USDT,2026-07-22T13:00:00+00:00,2026-07-23T13:00:00+00:00,972.31,977.98,75.0,70.0,0.10284785716489597,100.0,0.1,0.10058314735012497,0.5831473501249604,0.3825642027748355,0.3821820207540815,151.66924948869502,252.15181369146984,CLOSED
41,V5_24H_SCORE_GE_70,SKHYB/USDT,2026-07-22T14:00:00+00:00,2026-07-23T14:00:00+00:00,166.79,172.97,75.0,70.0,0.5995563283170454,100.0,0.1,0.10370525810899935,3.7052581089993453,3.501552850890346,3.498054796094252,152.05181369146985,255.65336654236017,CLOSED
42,V5_24H_SCORE_GE_70,ADA/USDT,2026-07-22T15:00:00+00:00,2026-07-23T15:00:00+00:00,0.1779,0.1705,75.0,70.0,562.1135469364812,100.0,0.1,0.09584035975267004,-4.1596402473299605,-4.35548060708263,-4.351129477605026,255.65336654236017,351.39788593527754,CLOSED
43,V5_24H_SCORE_GE_70,WLD/USDT,2026-07-22T16:00:00+00:00,2026-07-23T16:00:00+00:00,0.3938,0.3766,75.0,70.0,253.93600812595227,100.0,0.1,0.09563230066023362,-4.367699339766375,-4.563331640426608,-4.55877286755905,351.39788593527754,446.93455429485095,CLOSED
44,V5_24H_SCORE_GE_70,SNDKB/USDT,2026-07-22T20:00:00+00:00,2026-07-23T20:00:00+00:00,1622.32,1625.76,70.0,65.0,0.06164012032151487,100.0,0.1,0.10021204201390602,0.2120420139060144,0.011829971892108382,0.011818153738370012,346.83455429485093,446.94638426674305,CLOSED
45,V5_24H_SCORE_GE_70,EDEN/USDT,2026-07-23T01:00:00+00:00,2026-07-24T01:00:00+00:00,0.04409,0.04071,73.0,68.0,2268.0880018144703,100.0,0.1,0.0923338625538671,-7.6661374461329075,-7.858471308686775,-7.850620687998775,246.74638426674304,338.98791295805626,CLOSED
46,V5_24H_SCORE_GE_70,GRAM/USDT,2026-07-23T03:00:00+00:00,2026-07-24T03:00:00+00:00,1.516,1.455,73.0,68.0,65.96306068601584,100.0,0.1,0.09597625329815304,-4.02374670184696,-4.219722955145113,-4.215507447697417,338.98791295805626,434.86819000291115,CLOSED
47,V5_24H_SCORE_GE_70,BMT/USDT,2026-07-23T05:00:00+00:00,2026-07-24T05:00:00+00:00,0.01262,0.01228,70.0,70.0,7923.9302694136295,100.0,0.1,0.09730586370839936,-2.6941362916006426,-2.891442155309042,-2.888553601707335,434.86819000291115,532.0767478476021,CLOSED
48,V5_24H_SCORE_GE_70,OPN/USDT,2026-07-23T06:00:00+00:00,2026-07-24T06:00:00+00:00,0.0718,0.0671,73.0,68.0,1392.7576601671308,100.0,0.1,0.09345403899721448,-6.545961002785518,-6.739415041782732,-6.7326823594233085,431.97674784760204,525.3373328058193,CLOSED
49,V5_24H_SCORE_GE_70,PLUME/USDT,2026-07-23T13:00:00+00:00,2026-07-24T13:00:00+00:00,0.01146,0.01114,73.0,68.0,8726.003490401396,100.0,0.1,0.09720767888307155,-2.7923211169284485,-2.98952879581152,-2.9865422535579627,225.03733280581926,322.14780401000775,CLOSED
50,V5_24H_SCORE_GE_70,RE/USDT,2026-07-23T16:00:00+00:00,2026-07-24T16:00:00+00:00,0.5261,0.608,70.0,70.0,190.07793195210036,100.0,0.1,0.11556738262687702,15.56738262687702,15.351815244250144,15.33647876548466,121.94780401000776,237.3996192542579,CLOSED
51,V5_24H_SCORE_GE_70,SOXLB/USDT,2026-07-23T20:00:00+00:00,2026-07-24T20:00:00+00:00,162.95,137.08,75.0,70.0,0.613685179502915,100.0,0.1,0.0841239644062596,-15.876035593740397,-16.060159558146655,-16.04411544270395,37.199619254257925,121.23945969611127,CLOSED
52,V5_24H_SCORE_GE_70,HEI/USDT,2026-07-23T21:00:00+00:00,2026-07-24T21:00:00+00:00,0.103,0.0987,70.0,70.0,970.873786407767,100.0,0.1,0.0958252427184466,-4.174757281553397,-4.3705825242718435,-4.36621630796388,121.23945969611127,216.96887717183944,CLOSED
53,V5_24H_SCORE_GE_70,UNI/USDT,2026-07-24T05:00:00+00:00,2026-07-25T05:00:00+00:00,3.833,3.687,70.0,65.0,26.089225150013043,100.0,0.1,0.09619097312809809,-3.8090268719019207,-4.005217845030018,-4.001216628401617,16.76887717183945,112.86365932680943,CLOSED
54,V5_24H_SCORE_GE_70,KAITO/USDT,2026-07-24T10:00:00+00:00,2026-07-25T10:00:00+00:00,1.0396,0.9586,73.0,68.0,96.19084263178145,100.0,0.1,0.0922085417468257,-7.791458253174298,-7.983666794921123,-7.975691103817306,12.763659326809432,104.8799925318883,CLOSED
55,V5_24H_SCORE_GE_70,GPS/USDT,2026-07-24T10:00:00+00:00,2026-07-25T10:00:00+00:00,0.00923,0.00958,70.0,65.0,10834.236186348862,100.0,0.1,0.10379198266522209,3.7919826652220934,3.588190682556871,3.584606076480391,104.8799925318883,208.56818321444518,CLOSED
56,V5_24H_SCORE_GE_70,ALLO/USDT,2026-07-24T11:00:00+00:00,2026-07-25T11:00:00+00:00,0.5096,0.3717,70.0,65.0,196.23233908948194,100.0,0.1,0.07293956043956044,-27.060439560439562,-27.233379120879125,-27.206172947931194,208.56818321444518,281.4348040935661,CLOSED
57,V5_24H_SCORE_GE_70,PLUME/USDT,2026-07-24T14:00:00+00:00,2026-07-25T14:00:00+00:00,0.01141,0.01178,73.0,68.0,8764.241893076249,100.0,0.1,0.10324276950043822,3.2427695004382144,3.039526730937776,3.036490240697079,181.33480409356608,284.47433082450385,CLOSED
58,V5_24H_SCORE_GE_70,HOME/USDT,2026-07-24T14:00:00+00:00,2026-07-25T14:00:00+00:00,0.00689,0.00634,72.0,67.0,14513.788098693758,100.0,0.1,0.09201741654571843,-7.982583454281567,-8.174600870827286,-8.166434436390896,284.47433082450385,376.39972995367657,CLOSED
59,V5_24H_SCORE_GE_70,XPL/USDT,2026-07-24T17:00:00+00:00,2026-07-25T17:00:00+00:00,0.08689,0.08322,75.0,70.0,1150.880423523996,100.0,0.1,0.09577626884566694,-4.223731154333066,-4.419507423178733,-4.4150923308478855,176.19972995367655,271.8802225304978,CLOSED
60,V5_24H_SCORE_GE_70,HEMI/USDT,2026-07-24T19:00:00+00:00,2026-07-25T19:00:00+00:00,0.00532,0.00502,75.0,70.0,18796.992481203008,100.0,0.1,0.0943609022556391,-5.639097744360896,-5.833458646616535,-5.827631015600934,271.8802225304978,366.14676388388125,CLOSED
61,V5_24H_SCORE_GE_70,TUT/USDT,2026-07-24T21:00:00+00:00,2026-07-25T21:00:00+00:00,0.01452,0.01538,75.0,70.0,6887.052341597796,100.0,0.1,0.1059228650137741,5.9228650137741,5.716942148760326,5.711230917842484,266.0467638838812,371.8637060326415,CLOSED
62,V5_24H_SCORE_GE_70,TREE/USDT,2026-07-25T00:00:00+00:00,2026-07-26T00:00:00+00:00,0.0394,0.0381,73.0,68.0,2538.0710659898477,100.0,0.1,0.09670050761421321,-3.2994923857867917,-3.496192893401005,-3.4927001932077975,371.8637060326415,468.4675131392405,CLOSED
63,V5_24H_SCORE_GE_70,RE/USDT,2026-07-25T07:00:00+00:00,2026-07-26T07:00:00+00:00,0.6078,0.5204,75.0,70.0,164.52780519907864,100.0,0.1,0.08562026982560052,-14.379730174399484,-14.565350444225084,-14.550799644580504,68.06751313924048,153.6021626950154,CLOSED
64,V5_24H_SCORE_GE_70,ALPINE/USDT,2026-07-25T13:00:00+00:00,2026-07-26T13:00:00+00:00,0.314,0.315,75.0,70.0,318.47133757961785,100.0,0.1,0.10031847133757962,0.31847133757962354,0.11815286624204391,0.11803483141063328,53.502162695015414,153.72031556125745,CLOSED
65,V5_24H_SCORE_GE_70,PLUME/USDT,2026-07-25T15:00:00+00:00,2026-07-26T15:00:00+00:00,0.01177,0.01236,70.0,65.0,8496.176720475787,100.0,0.1,0.10501274426508073,5.012744265080727,4.807731520815646,4.802928592223423,53.620315561257456,158.5280470820731,CLOSED
66,V5_24H_SCORE_GE_70,TRX/USDT,2026-07-25T16:00:00+00:00,2026-07-26T16:00:00+00:00,0.3321,0.333,70.0,65.0,301.11412225233363,100.0,0.1,0.1002710027100271,0.27100271002710485,0.07073170731707774,0.07066104627080694,158.5280470820731,258.6987787893902,CLOSED
67,V5_24H_SCORE_GE_70,MUBARAK/USDT,2026-07-25T19:00:00+00:00,2026-07-26T19:00:00+00:00,0.01076,0.0108,70.0,65.0,9293.680297397768,100.0,0.1,0.10037174721189591,0.371747211895908,0.1713754646840121,0.17120426042358852,58.4987787893902,158.7701542540742,CLOSED
68,V5_24H_SCORE_GE_70,PEPE/USDT,2026-07-26T02:00:00+00:00,2026-07-27T02:00:00+00:00,2.86e-06,2.94e-06,70.0,70.0,34965034.96503496,100.0,0.1,0.1027972027972028,2.797202797202786,2.594405594405583,2.591813780624958,58.67015425407422,161.36455984847981,CLOSED
69,V5_24H_SCORE_GE_70,DOT/USDT,2026-07-26T03:00:00+00:00,2026-07-27T03:00:00+00:00,0.82,0.818,70.0,65.0,121.95121951219512,100.0,0.1,0.0997560975609756,-0.2439024390243958,-0.44365853658537135,-0.44321532126410723,61.26455984847982,160.92090131189445,CLOSED
70,V5_24H_SCORE_GE_70,TAO/USDT,2026-07-26T04:00:00+00:00,2026-07-27T04:00:00+00:00,196.4,198.8,70.0,70.0,0.5091649694501018,100.0,0.1,0.10122199592668026,1.2219959266802505,1.0207739307535701,1.0197541765769933,60.82090131189446,161.94167524264805,CLOSED
71,V5_24H_SCORE_GE_70,FIL/USDT,2026-07-26T04:00:00+00:00,2026-07-27T04:00:00+00:00,0.7416,0.7478,70.0,65.0,134.8435814455232,100.0,0.1,0.10083603020496226,0.8360302049622561,0.6351941747572939,0.6345596151421518,161.94167524264805,262.6768694174053,CLOSED
72,V5_24H_SCORE_GE_70,RARE/USDT,2026-07-26T09:00:00+00:00,2026-07-27T09:00:00+00:00,0.01279,0.01259,70.0,65.0,7818.608287724785,100.0,0.1,0.09843627834245505,-1.5637216575449457,-1.7621579358874009,-1.7603975383490518,62.47686941740534,160.81471148151792,CLOSED
73,V5_24H_SCORE_GE_70,UNI/USDT,2026-07-26T13:00:00+00:00,2026-07-27T13:00:00+00:00,3.844,3.906,70.0,70.0,26.014568158168576,100.0,0.1,0.10161290322580646,1.6129032258064626,1.4112903225806561,1.4098804421385176,60.714711481517924,162.2260018040986,CLOSED
74,V5_24H_SCORE_GE_70,ONDO/USDT,2026-07-26T16:00:00+00:00,2026-07-27T16:00:00+00:00,0.4062,0.4094,90.0,100.0,246.18414574101428,100.0,0.1,0.10078778926637123,0.7877892663712345,0.5870014771048633,0.5864150620428205,62.12600180409859,162.81300328120346,CLOSED
75,V5_24H_SCORE_GE_70,USDE/USDT,2026-07-26T16:00:00+00:00,2026-07-27T16:00:00+00:00,1.0009,1.0009,87.0,87.0,99.91008092716557,100.0,0.1,0.1,0.0,-0.2,-0.19980019980019983,162.81300328120346,262.71300328120344,CLOSED
76,V5_24H_SCORE_GE_70,USDC/USDT,2026-07-26T19:00:00+00:00,2026-07-27T19:00:00+00:00,1.00087,1.00084,87.0,87.0,99.91307562420695,100.0,0.1,0.0999970026077313,-0.0029973922687105414,-0.20299439487644183,-0.20279160327316864,62.51300328120345,162.410008886327,CLOSED
77,V5_24H_SCORE_GE_70,PLUME/USDT,2026-07-27T02:00:00+00:00,2026-07-28T02:00:00+00:00,0.01231,0.01129,90.0,95.0,8123.476848090983,100.0,0.1,0.09171405361494721,-8.285946385052796,-8.477660438667742,-8.469191247420323,62.31000888632701,153.93234844765925,CLOSED
78,V5_24H_SCORE_GE_70,ALPINE/USDT,2026-07-27T03:00:00+00:00,2026-07-28T03:00:00+00:00,0.32,0.304,87.0,87.0,312.5,100.0,0.1,0.095,-5.0,-5.194999999999999,-5.189810189810189,53.83234844765926,148.73734844765926,CLOSED
79,V5_24H_SCORE_GE_70,CRCLB/USDT,2026-07-27T04:00:00+00:00,2026-07-28T04:00:00+00:00,63.92,63.19,87.0,87.0,1.5644555694618272,100.0,0.1,0.09885794743429285,-1.1420525657071465,-1.3409105131414394,-1.3395709421992401,48.637348447659264,147.39643793451782,CLOSED
80,V5_24H_SCORE_GE_70,XUSD/USDT,2026-07-27T04:00:00+00:00,2026-07-28T04:00:00+00:00,1.0012,1.0012,87.0,87.0,99.8801438274071,100.0,0.1,0.1,0.0,-0.2,-0.19980019980019983,147.39643793451782,247.29643793451783,CLOSED
81,V5_24H_SCORE_GE_70,EDEN/USDT,2026-07-27T09:00:00+00:00,2026-07-28T09:00:00+00:00,0.04471,0.04002,90.0,100.0,2236.636099306643,100.0,0.1,0.08951017669425185,-10.48982330574816,-10.679333482442411,-10.668664817624787,47.09643793451784,136.51710445207544,CLOSED
82,V5_24H_SCORE_GE_70,ENA/USDT,2026-07-27T13:00:00+00:00,2026-07-28T13:00:00+00:00,0.0923,0.0834,95.0,100.0,1083.4236186348862,100.0,0.1,0.09035752979414952,-9.642470205850486,-9.832827735644635,-9.823004730913722,36.41710445207545,126.68427671643082,CLOSED
83,V5_24H_SCORE_GE_70,RLUSD/USDT,2026-07-27T16:00:00+00:00,2026-07-28T16:00:00+00:00,1.0013,1.0011,87.0,87.0,99.87016878058523,100.0,0.1,0.09998002596624389,-0.01997403375611384,-0.21995405972235774,-0.2197343253969608,26.58427671643082,126.46432265670846,CLOSED
84,V5_24H_SCORE_GE_70,MSTRB/USDT,2026-07-27T16:00:00+00:00,2026-07-28T16:00:00+00:00,97.4,98.12,81.0,86.0,1.0266940451745379,100.0,0.1,0.10073921971252567,0.7392197125256672,0.5384804928131416,0.5379425502628787,126.46432265670846,227.1028031495216,CLOSED
85,V5_24H_SCORE_GE_70,TREE/USDT,2026-07-27T19:00:00+00:00,2026-07-28T19:00:00+00:00,0.0397,0.0378,89.0,88.0,2518.891687657431,100.0,0.1,0.09521410579345088,-4.785894206549116,-4.981108312342567,-4.976132180162405,26.902803149521617,122.02169483717906,CLOSED
86,V5_24H_SCORE_GE_70,U/USDT,2026-07-28T02:00:00+00:00,2026-07-29T02:00:00+00:00,1.0007,1.0009,77.0,74.0,99.930048965724,100.0,0.1,0.10001998600979314,0.019986009793143467,-0.18003397621664968,-0.17985412209455515,21.92169483717906,121.8416608609624,CLOSED
87,V5_24H_SCORE_GE_70,KAITO/USDT,2026-07-28T03:00:00+00:00,2026-07-29T03:00:00+00:00,1.2896,1.249,76.0,71.0,77.54342431761786,100.0,0.1,0.09685173697270472,-3.148263027295286,-3.345114764267991,-3.341772991276714,21.741660860962412,118.49654609669442,CLOSED
88,V5_24H_SCORE_GE_70,FDUSD/USDT,2026-07-28T04:00:00+00:00,2026-07-29T04:00:00+00:00,0.9993,0.9983,87.0,87.0,100.07004903432403,100.0,0.1,0.09989992995096568,-0.10007004903432914,-0.2999699789852948,-0.2996703086766182,18.396546096694422,118.19657611770913,CLOSED
89,V5_24H_SCORE_GE_70,USD1/USDT,2026-07-28T04:00:00+00:00,2026-07-29T04:00:00+00:00,0.99984,0.99973,81.0,80.0,100.01600256040967,100.0,0.1,0.09998899823971837,-0.011001760281629913,-0.2109907585213483,-0.2107799785428055,118.19657611770913,218.08558535918777,CLOSED
90,V5_24H_SCORE_GE_70,GPS/USDT,2026-07-28T09:00:00+00:00,2026-07-29T09:00:00+00:00,0.00949,0.00963,92.0,97.0,10537.40779768177,100.0,0.1,0.10147523709167544,1.4752370916754387,1.2737618545837632,1.2724893652185447,17.885585359187786,119.25934721377155,CLOSED
91,V5_24H_SCORE_GE_70,PLUME/USDT,2026-07-28T13:00:00+00:00,2026-07-29T13:00:00+00:00,0.0117,0.01202,85.0,87.0,8547.008547008547,100.0,0.1,0.10273504273504273,2.7350427350427253,2.5323076923076826,2.5297779143932897,19.159347213771554,121.79165490607923,CLOSED
92,V5_24H_SCORE_GE_70,AAVE/USDT,2026-07-28T16:00:00+00:00,2026-07-29T16:00:00+00:00,101.26,98.73,95.0,100.0,0.9875567845151095,100.0,0.1,0.09750148133517676,-2.498518664823237,-2.696020146158414,-2.693326819339075,21.691654906079236,119.09563475992083,CLOSED
93,V5_24H_SCORE_GE_70,ONDO/USDT,2026-07-28T16:00:00+00:00,2026-07-29T16:00:00+00:00,0.4088,0.3937,89.0,88.0,244.61839530332682,100.0,0.1,0.09630626223091977,-3.6937377690802293,-3.8900440313111493,-3.8861578734377114,119.09563475992083,215.30559072860967,CLOSED
94,V5_24H_SCORE_GE_70,ALPINE/USDT,2026-07-28T19:00:00+00:00,2026-07-29T19:00:00+00:00,0.317,0.309,87.0,87.0,315.45741324921136,100.0,0.1,0.09747634069400632,-2.5236593059936894,-2.7211356466876957,-2.7184172294582374,15.105590728609684,112.484455081922,CLOSED
95,V5_24H_SCORE_GE_70,U/USDT,2026-07-29T02:00:00+00:00,2026-07-30T02:00:00+00:00,1.0009,1.0008,81.0,80.0,99.91008092716557,100.0,0.1,0.09999000899190728,-0.009991008092711695,-0.20998101708461897,-0.2097712458387802,12.384455081921999,112.27447406483738,CLOSED
96,V5_24H_SCORE_GE_70,KAITO/USDT,2026-07-29T03:00:00+00:00,2026-07-30T03:00:00+00:00,1.249,1.1818,89.0,88.0,80.06405124099278,100.0,0.1,0.09461969575660527,-5.380304243394733,-5.574923939151337,-5.569354584566771,12.174474064837383,106.69955012568605,CLOSED
97,V5_24H_SCORE_GE_70,RLUSD/USDT,2026-07-29T04:00:00+00:00,2026-07-30T04:00:00+00:00,1.0013,1.0014,87.0,87.0,99.87016878058523,100.0,0.1,0.10000998701687806,0.00998701687805692,-0.19002297013882113,-0.18983313700181934,6.599550125686051,106.50952715554723,CLOSED
98,V5_24H_SCORE_GE_70,USDC/USDT,2026-07-29T04:00:00+00:00,2026-07-30T04:00:00+00:00,1.00114,1.00112,84.0,84.0,99.88612981201432,100.0,0.1,0.09999800227740377,-0.0019977225962293232,-0.2019957248736331,-0.2017939309426904,106.50952715554723,206.4075314306736,CLOSED
99,V5_24H_SCORE_GE_70,UNI/USDT,2026-07-29T09:00:00+00:00,2026-07-30T09:00:00+00:00,3.975,4.03,95.0,100.0,25.157232704402514,100.0,0.1,0.10138364779874214,1.3836477987421318,1.1822641509433895,1.181083067875514,6.207531430673612,107.489795581617,CLOSED
100,V5_24H_SCORE_GE_70,GPS/USDT,2026-07-29T13:00:00+00:00,2026-07-30T13:00:00+00:00,0.00979,0.00991,93.0,98.0,10214.50459652707,100.0,0.1,0.10122574055158326,1.2257405515832573,1.024514811031674,1.0234913197119622,7.389795581617008,108.51431039264868,CLOSED
101,V5_24H_SCORE_GE_70,RE/USDT,2026-07-29T16:00:00+00:00,2026-07-30T16:00:00+00:00,0.4686,0.4452,79.0,76.0,213.40162185232606,100.0,0.1,0.09500640204865556,-4.993597951344441,-5.188604353393096,-5.183420932460636,8.414310392648687,103.32570603925559,CLOSED
102,V5_24H_SCORE_GE_70,USD1/USDT,2026-07-29T16:00:00+00:00,2026-07-30T16:00:00+00:00,1.00016,1.0,76.0,71.0,99.98400255959046,100.0,0.1,0.09998400255959047,-0.015997440409535102,-0.21598144296912558,-0.21576567729183374,103.32570603925559,203.20972459628646,CLOSED
103,V5_24H_SCORE_GE_70,PLUME/USDT,2026-07-29T19:00:00+00:00,2026-07-30T19:00:00+00:00,0.01215,0.01154,87.0,86.0,8230.45267489712,100.0,0.1,0.09497942386831276,-5.0205761316872355,-5.2155555555555475,-5.210345210345203,3.0097245962864747,97.89416904073093,CLOSED
104,V5_24H_SCORE_GE_70,ALPINE/USDT,2026-07-30T02:00:00+00:00,2026-07-31T02:00:00+00:00,0.323,0.311,89.0,88.0,309.5975232198142,100.0,0.1,0.09628482972136222,-3.7151702786377854,-3.9114551083591476,-3.9075475607983496,97.89416904073093,194.0827139323718,CLOSED
105,V5_24H_SCORE_GE_70,MUBARAK/USDT,2026-07-30T03:00:00+00:00,2026-07-31T03:00:00+00:00,0.01116,0.01182,78.0,73.0,8960.57347670251,100.0,0.1,0.10591397849462367,5.913978494623663,5.70806451612904,5.7023621539750655,93.98271393237181,199.79077844850084,CLOSED
106,V5_24H_SCORE_GE_70,BNB/USDT,2026-07-30T04:00:00+00:00,2026-07-31T04:00:00+00:00,571.9,589.13,81.0,80.0,0.17485574401119078,100.0,0.1,0.10301276446931283,3.0127644693128275,2.8097517048435146,2.8069447600834314,99.69077844850085,202.60053015334438,CLOSED
107,V5_24H_SCORE_GE_70,USDE/USDT,2026-07-30T04:00:00+00:00,2026-07-31T04:00:00+00:00,1.0009,1.0008,77.0,74.0,99.91008092716557,100.0,0.1,0.09999000899190728,-0.009991008092711695,-0.20998101708461897,-0.2097712458387802,202.60053015334438,302.49054913625974,CLOSED
108,V5_24H_SCORE_GE_70,ONDO/USDT,2026-07-30T09:00:00+00:00,2026-07-31T09:00:00+00:00,0.4209,0.4036,95.0,100.0,237.58612497030174,100.0,0.1,0.09588976003801379,-4.11023996198621,-4.306129722024223,-4.301827894130093,2.1905491362597616,97.98441941423553,CLOSED
109,V5_24H_SCORE_GE_70,PAXG/USDT,2026-07-30T13:00:00+00:00,2026-07-31T13:00:00+00:00,4105.88,4027.22,93.0,98.0,0.024355314816799322,100.0,0.1,0.09808421093651055,-1.9157890634894414,-2.113873274425952,-2.111761512913039,97.98441941423553,195.97054613980958,CLOSED
110,V5_24H_SCORE_GE_70,AAVE/USDT,2026-07-30T16:00:00+00:00,2026-07-31T16:00:00+00:00,100.23,96.59,90.0,95.0,0.9977052778609199,100.0,0.1,0.09636835278858626,-3.6316472114137497,-3.828015564202336,-3.8241913728295067,95.87054613980959,192.14253057560725,CLOSED
111,V5_24H_SCORE_GE_70,ADA/USDT,2026-07-30T16:00:00+00:00,2026-07-31T16:00:00+00:00,0.1707,0.1709,86.0,86.0,585.8230814294084,100.0,0.1,0.10011716461628589,0.11716461628589059,-0.08295254833039531,-0.08286967865174356,192.14253057560725,292.1595780272769,CLOSED
112,V5_24H_SCORE_GE_70,EWYB/USDT,2026-07-31T02:00:00+00:00,2026-08-01T02:00:00+00:00,162.6,157.58,81.0,81.0,0.6150061500615006,100.0,0.1,0.09691266912669128,-3.08733087330873,-3.284243542435421,-3.2809625798555655,91.9595780272769,188.7753344848415,CLOSED
113,V5_24H_SCORE_GE_70,BEL/USDT,2026-07-31T03:00:00+00:00,2026-08-01T03:00:00+00:00,0.0969,0.0974,89.0,89.0,1031.9917440660474,100.0,0.1,0.10051599587203301,0.5159958720330167,0.31547987616098366,0.3151647114495342,88.6753344848415,189.0908143610025,CLOSED
114,V5_24H_SCORE_GE_70,MUBARAK/USDT,2026-07-31T04:00:00+00:00,2026-08-01T04:00:00+00:00,0.0121,0.01244,95.0,100.0,8264.462809917355,100.0,0.1,0.1028099173553719,2.809917355371894,2.6071074380165222,2.604502935081441,88.99081436100249,191.697921799019,CLOSED
115,V5_24H_SCORE_GE_70,TUT/USDT,2026-07-31T04:00:00+00:00,2026-08-01T04:00:00+00:00,0.01492,0.016,80.0,75.0,6702.4128686327085,100.0,0.1,0.10723860589812334,7.238605898123339,7.031367292225216,7.0243429492759395,191.697921799019,298.8292890912442,CLOSED
116,V5_24H_SCORE_GE_70,GIGGLE/USDT,2026-07-31T04:00:00+00:00,2026-08-01T04:00:00+00:00,31.15,47.81,79.0,79.0,3.2102728731942216,100.0,0.1,0.15348314606741573,53.48314606741573,53.229662921348314,53.17648643491341,298.8292890912442,452.1589520125925,CLOSED
117,V5_24H_SCORE_GE_70,PUMP/USDT,2026-07-31T13:00:00+00:00,2026-08-01T13:00:00+00:00,0.002016,0.002153,93.0,98.0,49603.1746031746,100.0,0.1,0.10679563492063492,6.79563492063491,6.5888392857142755,6.582257028685589,51.758952012592516,158.4477912983068,CLOSED
118,V5_24H_SCORE_GE_70,ADA/USDT,2026-07-31T16:00:00+00:00,2026-08-01T16:00:00+00:00,0.1709,0.1742,84.0,83.0,585.1375073142189,100.0,0.1,0.10193095377413693,1.930953774136924,1.729022820362787,1.7272955248379493,58.34779129830682,160.1768141186696,CLOSED
119,V5_24H_SCORE_GE_70,HEMI/USDT,2026-07-31T16:00:00+00:00,2026-08-01T16:00:00+00:00,0.00473,0.00467,83.0,82.0,21141.649048625794,100.0,0.1,0.09873150105708246,-1.268498942917546,-1.4672304439746284,-1.4657646792953332,160.1768141186696,258.809583674695,CLOSED
120,V5_24H_SCORE_GE_70,TAO/USDT,2026-08-01T02:00:00+00:00,2026-08-02T02:00:00+00:00,196.1,193.6,87.0,86.0,0.5099439061703213,100.0,0.1,0.0987251402345742,-1.274859765425802,-1.4735849056603763,-1.4721127928675088,58.60958367469499,157.2359987690346,CLOSED
121,V5_24H_SCORE_GE_70,FDUSD/USDT,2026-08-01T03:00:00+00:00,2026-08-02T03:00:00+00:00,0.9982,0.9981,81.0,81.0,100.18032458425165,100.0,0.1,0.09998998196754157,-0.010018032458432913,-0.2100080144259745,-0.20979821620976474,57.135998769034614,157.02599075460864,CLOSED
122,V5_24H_SCORE_GE_70,USDE/USDT,2026-08-01T04:00:00+00:00,2026-08-02T04:00:00+00:00,1.0008,1.0005,87.0,87.0,99.92006394884093,100.0,0.1,0.09997002398081535,-0.029976019184644542,-0.2299460431654599,-0.2297163268386213,56.92599075460865,156.7960447114432,CLOSED
123,V5_24H_SCORE_GE_70,BEL/USDT,2026-08-01T04:00:00+00:00,2026-08-02T04:00:00+00:00,0.099,0.0972,84.0,84.0,1010.10101010101,100.0,0.1,0.09818181818181818,-1.8181818181818272,-2.0163636363636455,-2.014349287076569,156.7960447114432,254.87968107507953,CLOSED
124,V5_24H_SCORE_GE_70,FIL/USDT,2026-08-01T04:00:00+00:00,2026-08-02T04:00:00+00:00,0.7233,0.7182,81.0,80.0,138.25521913452232,100.0,0.1,0.09929489838241393,-0.7051016175860809,-0.9043965159684948,-0.9034930229455493,254.87968107507953,354.075284559111,CLOSED
125,V5_24H_SCORE_GE_70,BNB/USDT,2026-08-01T04:00:00+00:00,2026-08-02T04:00:00+00:00,591.89,584.88,79.0,74.0,0.1689503117133251,100.0,0.1,0.09881565831488959,-1.184341685110411,-1.3831573434253006,-1.3817755678574433,354.075284559111,452.7921272156857,CLOSED
126,V5_24H_SCORE_GE_70,HOME/USDT,2026-08-01T13:00:00+00:00,2026-08-02T13:00:00+00:00,0.00612,0.0079,89.0,89.0,16339.869281045752,100.0,0.1,0.12908496732026145,29.084967320261455,28.855882352941194,28.82705529764355,52.39212721568569,181.34800956862688,CLOSED
127,V5_24H_SCORE_GE_70,PEPE/USDT,2026-08-01T16:00:00+00:00,2026-08-02T16:00:00+00:00,2.78e-06,2.91e-06,87.0,87.0,35971223.02158273,100.0,0.1,0.10467625899280575,4.676258992805742,4.471582733812937,4.467115618194742,81.24800956862688,185.81959230243982,CLOSED
128,V5_24H_SCORE_GE_70,KAITO/USDT,2026-08-01T16:00:00+00:00,2026-08-02T16:00:00+00:00,1.1497,1.1004,82.0,84.0,86.97921196833957,100.0,0.1,0.09571192484996087,-4.288075150039134,-4.4837870748890944,-4.4793077671219725,185.81959230243982,281.4358052275507,CLOSED
129,V5_24H_SCORE_GE_70,PUMP/USDT,2026-08-02T02:00:00+00:00,2026-08-03T02:00:00+00:00,0.002258,0.002077,95.0,100.0,44286.97962798937,100.0,0.1,0.09198405668733392,-8.015943312666082,-8.207927369353415,-8.199727641711704,81.23580522755071,173.12787785819728,CLOSED
130,V5_24H_SCORE_GE_70,EWYB/USDT,2026-08-02T03:00:00+00:00,2026-08-03T03:00:00+00:00,160.35,161.16,89.0,89.0,0.6236357966947303,100.0,0.1,0.10050514499532275,0.5051449953227376,0.30463985032741486,0.3043355148126023,73.02787785819729,173.4325177085247,CLOSED
131,V5_24H_SCORE_GE_70,PORTAL/USDT,2026-08-02T04:00:00+00:00,2026-08-03T04:00:00+00:00,0.00999,0.01056,87.0,87.0,10010.01001001001,100.0,0.1,0.1057057057057057,5.705705705705697,5.499999999999991,5.494505494505486,73.3325177085247,178.9325177085247,CLOSED
132,V5_24H_SCORE_GE_70,UNI/USDT,2026-08-02T04:00:00+00:00,2026-08-03T04:00:00+00:00,4.194,4.118,85.0,87.0,23.843586075345733,100.0,0.1,0.09818788745827374,-1.8121125417262647,-2.0103004291845386,-2.008292137047491,178.9325177085247,277.02221727934017,CLOSED
133,V5_24H_SCORE_GE_70,SOXLB/USDT,2026-08-02T04:00:00+00:00,2026-08-03T04:00:00+00:00,120.34,120.12,84.0,89.0,0.8309788931361143,100.0,0.1,0.09981718464351005,-0.18281535648995373,-0.3826325411334638,-0.3822502908426212,277.02221727934017,376.7395847382067,CLOSED
134,V5_24H_SCORE_GE_70,WLD/USDT,2026-08-02T04:00:00+00:00,2026-08-03T04:00:00+00:00,0.3172,0.3174,84.0,89.0,315.2585119798235,100.0,0.1,0.10006305170239599,0.06305170239598112,-0.13701134930641487,-0.1368744748315833,376.7395847382067,476.7025733889003,CLOSED
135,V5_24H_SCORE_GE_70,FIL/USDT,2026-08-02T13:00:00+00:00,2026-08-03T13:00:00+00:00,0.72,0.7249,84.0,84.0,138.88888888888889,100.0,0.1,0.10068055555555556,0.6805555555555571,0.4798750000000016,0.479395604395606,76.30257338890027,176.8824483889003,CLOSED
136,V5_24H_SCORE_GE_70,MUBARAK/USDT,2026-08-02T16:00:00+00:00,2026-08-03T16:00:00+00:00,0.01273,0.01266,92.0,97.0,7855.459544383347,100.0,0.1,0.09945011783189317,-0.5498821681068335,-0.7493322859387267,-0.7485837022364903,76.78244838890029,176.13311610296157,CLOSED
137,V5_24H_SCORE_GE_70,BNB/USDT,2026-08-02T16:00:00+00:00,2026-08-03T16:00:00+00:00,587.7,592.46,82.0,82.0,0.17015484090522373,100.0,0.1,0.10080993704270885,0.809937042708853,0.6091271056661443,0.6085185870790653,176.13311610296157,276.8422432086277,CLOSED
138,V5_24H_SCORE_GE_70,TUT/USDT,2026-08-03T02:00:00+00:00,2026-08-04T02:00:00+00:00,0.01788,0.02125,95.0,100.0,5592.841163310962,100.0,0.1,0.11884787472035795,18.84787472035795,18.62902684563759,18.61041642920838,76.64224320862769,195.37127005426527,CLOSED
139,V5_24H_SCORE_GE_70,USD1/USDT,2026-08-03T03:00:00+00:00,2026-08-04T03:00:00+00:00,1.00003,1.00004,84.0,84.0,99.9970000899973,100.0,0.1,0.1000009999700009,0.000999970000904682,-0.19900102996909624,-0.1988022277413549,95.27127005426527,195.17226902429616,CLOSED
140,V5_24H_SCORE_GE_70,BMT/USDT,2026-08-03T04:00:00+00:00,2026-08-04T04:00:00+00:00,0.01182,0.01192,93.0,98.0,8460.236886632825,100.0,0.1,0.10084602368866329,0.8460236886632799,0.6451776649746167,0.6445331318427739,95.07226902429616,195.81744668927078,CLOSED
141,V5_24H_SCORE_GE_70,GIGGLE/USDT,2026-08-03T04:00:00+00:00,2026-08-04T04:00:00+00:00,43.51,34.19,92.0,97.0,2.2983222247759136,100.0,0.1,0.0785796368650885,-21.42036313491151,-21.598942771776603,-21.577365406370234,195.81744668927078,274.3185039174942,CLOSED
142,V5_24H_SCORE_GE_70,ALPINE/USDT,2026-08-03T04:00:00+00:00,2026-08-04T04:00:00+00:00,0.323,0.317,85.0,87.0,309.5975232198142,100.0,0.1,0.09814241486068111,-1.8575851393188998,-2.055727554179581,-2.0536738802992818,274.3185039174942,372.3627763633146,CLOSED
143,V5_24H_SCORE_GE_70,XUSD/USDT,2026-08-03T04:00:00+00:00,2026-08-04T04:00:00+00:00,1.0012,1.0009,77.0,74.0,99.8801438274071,100.0,0.1,0.09997003595685175,-0.029964043148254405,-0.22993407910510616,-0.22970437473037578,372.3627763633146,472.2328422842095,CLOSED
144,V5_24H_SCORE_GE_70,ADA/USDT,2026-08-03T13:00:00+00:00,2026-08-04T13:00:00+00:00,0.1946,0.1919,95.0,100.0,513.874614594039,100.0,0.1,0.09861253854059608,-1.387461459403923,-1.586073997944519,-1.5844895084360833,71.83284228420945,170.34676828626493,CLOSED
145,V5_24H_SCORE_GE_70,HOME/USDT,2026-08-03T16:00:00+00:00,2026-08-04T16:00:00+00:00,0.00781,0.01034,95.0,100.0,12804.097311139565,100.0,0.1,0.13239436619718312,32.3943661971831,32.16197183098592,32.12984198899693,70.24676828626494,202.50874011725085,CLOSED
146,V5_24H_SCORE_GE_70,OPN/USDT,2026-08-03T16:00:00+00:00,2026-08-04T16:00:00+00:00,0.0506,0.0498,89.0,89.0,1976.2845849802372,100.0,0.1,0.09841897233201581,-1.5810276679841877,-1.7794466403162037,-1.777668971344859,202.50874011725085,300.82929347693465,CLOSED
147,V5_24H_SCORE_GE_70,ARB/USDT,2026-08-04T02:00:00+00:00,2026-08-05T02:00:00+00:00,0.0839,0.0815,87.0,86.0,1191.8951132300358,100.0,0.1,0.09713945172824792,-2.86054827175208,-3.057687723480328,-3.054633090389938,0.5292934769346687,97.57160575345434,CLOSED
148,V5_24H_SCORE_GE_70,PUMP/USDT,2026-08-04T03:00:00+00:00,2026-08-05T03:00:00+00:00,0.002187,0.00242,84.0,84.0,45724.73708276177,100.0,0.1,0.11065386374028349,10.653863740283484,10.4432098765432,10.432777099443758,97.57160575345434,208.11481562999754,CLOSED
149,V5_24H_SCORE_GE_70,GALA/USDT,2026-08-04T04:00:00+00:00,2026-08-05T04:00:00+00:00,0.001819,0.001778,87.0,87.0,54975.26113249038,100.0,0.1,0.0977460142935679,-2.253985706432104,-2.451731720725672,-2.4492824382873852,7.914815629997548,105.56308390927188,CLOSED
150,V5_24H_SCORE_GE_70,PEPE/USDT,2026-08-04T04:00:00+00:00,2026-08-05T04:00:00+00:00,2.95e-06,2.85e-06,87.0,86.0,33898305.084745765,100.0,0.1,0.09661016949152543,-3.3898305084745743,-3.5864406779660998,-3.5828578201459544,105.56308390927188,202.07664323130578,CLOSED
151,V5_24H_SCORE_GE_70,BMT/USDT,2026-08-04T04:00:00+00:00,2026-08-05T04:00:00+00:00,0.01192,0.01233,84.0,83.0,8389.261744966443,100.0,0.1,0.10343959731543624,3.439597315436245,3.236157718120809,3.2329247933274816,202.07664323130578,305.4128009494266,CLOSED
152,V5_24H_SCORE_GE_70,BTC/USDT,2026-08-04T04:00:00+00:00,2026-08-05T04:00:00+00:00,64029.0,64176.7,81.0,80.0,0.001561792312858236,100.0,0.1,0.10023067672460916,0.2306767246091539,0.030446047884544733,0.030415632252292442,305.4128009494266,405.54324699731114,CLOSED
153,V5_24H_SCORE_GE_70,EWYB/USDT,2026-08-04T13:00:00+00:00,2026-08-05T13:00:00+00:00,168.08,171.47,95.0,100.0,0.5949547834364588,100.0,0.1,0.10201689671584958,2.016896715849583,1.8148798191337334,1.8130667523813524,5.143246997311138,107.05812681644487,CLOSED
154,V5_24H_SCORE_GE_70,MUBARAK/USDT,2026-08-04T16:00:00+00:00,2026-08-05T16:00:00+00:00,0.01305,0.01317,95.0,100.0,7662.835249042145,100.0,0.1,0.10091954022988504,0.9195402298850439,0.7186206896551589,0.7179027868682906,6.958126816444874,107.77674750610004,CLOSED
155,V5_24H_SCORE_GE_70,DOT/USDT,2026-08-04T16:00:00+00:00,2026-08-05T16:00:00+00:00,0.843,0.854,93.0,98.0,118.62396204033215,100.0,0.1,0.10130486358244364,1.3048635824436445,1.1035587188612008,1.1024562625986023,107.77674750610004,208.98030622496123,CLOSED
156,V5_24H_SCORE_GE_70,PORTAL/USDT,2026-08-04T16:00:00+00:00,2026-08-05T16:00:00+00:00,0.01064,0.01091,90.0,95.0,9398.496240601504,100.0,0.1,0.1025375939849624,2.537593984962399,2.3350563909774364,2.3327236673101264,208.98030622496123,311.41536261593865,CLOSED
157,V5_24H_SCORE_GE_70,ZEC/USDT,2026-08-05T03:00:00+00:00,2026-08-06T03:00:00+00:00,512.98,509.38,87.0,86.0,0.19493937385473117,100.0,0.1,0.09929821825412297,-0.7017817458770423,-0.9010799641311653,-0.9001797843468184,11.115362615938665,110.3142826518075,CLOSED
158,V5_24H_SCORE_GE_70,TUT/USDT,2026-08-05T03:00:00+00:00,2026-08-06T03:00:00+00:00,0.02414,0.02889,84.0,84.0,4142.502071251035,100.0,0.1,0.1196768848384424,19.67688483844239,19.457207953603948,19.43777018342053,110.3142826518075,229.87149060541145,CLOSED
159,V5_24H_SCORE_GE_70,HEMI/USDT,2026-08-05T04:00:00+00:00,2026-08-06T04:00:00+00:00,0.00478,0.00499,92.0,97.0,20920.502092050207,100.0,0.1,0.10439330543933052,4.393305439330518,4.188912133891188,4.184727406484703,29.671490605411464,133.96040273930265,CLOSED
160,V5_24H_SCORE_GE_70,BICO/USDT,2026-08-05T04:00:00+00:00,2026-08-06T04:00:00+00:00,0.02244,0.03012,84.0,76.0,4456.32798573975,100.0,0.1,0.13422459893048128,34.22459893048128,33.9903743315508,33.95641791363716,133.96040273930265,268.0507770708534,CLOSED
161,V5_24H_SCORE_GE_70,SNXXB/USDT,2026-08-05T04:00:00+00:00,2026-08-06T04:00:00+00:00,12.97,9.49,80.0,72.0,7.710100231303007,100.0,0.1,0.07316885119506553,-26.83114880493447,-27.00431765612954,-26.97734031581373,268.0507770708534,341.1464594147239,CLOSED
162,V5_24H_SCORE_GE_70,HOME/USDT,2026-08-05T04:00:00+00:00,2026-08-06T04:00:00+00:00,0.01039,0.00879,80.0,64.0,9624.63907603465,100.0,0.1,0.08460057747834457,-15.399422521655438,-15.584023099133782,-15.568454644489293,341.1464594147239,425.6624363155901,CLOSED
163,V5_24H_SCORE_GE_70,EWYB/USDT,2026-08-05T13:00:00+00:00,2026-08-06T13:00:00+00:00,171.47,165.0,95.0,100.0,0.5831923951711669,100.0,0.1,0.09622674520324255,-3.773254796757456,-3.9694815419606986,-3.965516025934764,25.26243631559018,121.39295477362948,CLOSED
164,V5_24H_SCORE_GE_70,ETH/USDT,2026-08-05T16:00:00+00:00,2026-08-06T16:00:00+00:00,1895.56,1915.77,87.0,87.0,0.05275485872248834,100.0,0.1,0.10106617569478149,1.0661756947814922,0.8651095190867107,0.8642452738128978,21.29295477362949,122.2580642927162,CLOSED
165,V5_24H_SCORE_GE_70,EURI/USDT,2026-08-05T16:00:00+00:00,2026-08-06T16:00:00+00:00,1.1555,1.1526,87.0,87.0,86.54262224145391,100.0,0.1,0.09974902639549979,-0.2509736045002171,-0.45072263089571685,-0.45027235853717973,122.2580642927162,221.90734166182048,CLOSED
166,V5_24H_SCORE_GE_70,AVAX/USDT,2026-08-05T16:00:00+00:00,2026-08-06T16:00:00+00:00,6.677,6.504,84.0,84.0,14.976785981728321,100.0,0.1,0.097409016025161,-2.5909839748390056,-2.7883929908641667,-2.785607383480686,221.90734166182048,319.2189486709563,CLOSED
167,V5_24H_SCORE_GE_70,BMT/USDT,2026-08-06T03:00:00+00:00,2026-08-07T03:00:00+00:00,0.01246,0.01269,93.0,98.0,8025.6821829855535,100.0,0.1,0.10184590690208667,1.8459069020866679,1.644060995184581,1.642418576607973,18.918948670956325,120.66300966614091,CLOSED
168,V5_24H_SCORE_GE_70,ACE/USDT,2026-08-06T03:00:00+00:00,2026-08-07T03:00:00+00:00,0.072,0.1333,87.0,87.0,1388.888888888889,100.0,0.1,0.18513888888888888,85.13888888888889,84.85375,84.76898101898102,120.66300966614091,305.61675966614087,CLOSED
169,V5_24H_SCORE_GE_70,TUT/USDT,2026-08-06T04:00:00+00:00,2026-08-07T04:00:00+00:00,0.02998,0.02853,84.0,88.0,3335.5570380253503,100.0,0.1,0.09516344229486325,-4.836557705136755,-5.031721147431618,-5.0266944529786395,105.41675966614088,200.48503851870925,CLOSED
170,V5_24H_SCORE_GE_70,BICO/USDT,2026-08-06T04:00:00+00:00,2026-08-07T04:00:00+00:00,0.03012,0.03926,84.0,76.0,3320.0531208499333,100.0,0.1,0.1303452855245684,30.345285524568396,30.114940239043825,30.08485538366017,200.48503851870925,330.6999787577531,CLOSED
171,V5_24H_SCORE_GE_70,PORTAL/USDT,2026-08-06T04:00:00+00:00,2026-08-07T04:00:00+00:00,0.01138,0.01129,82.0,82.0,8787.346221441125,100.0,0.1,0.0992091388400703,-0.7908611599297046,-0.9900702987697749,-0.9890812175522228,330.6999787577531,429.80990845898333,CLOSED
172,V5_24H_SCORE_GE_70,HEMI/USDT,2026-08-06T04:00:00+00:00,2026-08-07T04:00:00+00:00,0.00499,0.00507,81.0,80.0,20040.080160320642,100.0,0.1,0.10160320641282566,1.6032064128256565,1.4016032064128308,1.4002030034094215,429.80990845898333,531.3115116653962,CLOSED
173,V5_24H_SCORE_GE_70,PLUME/USDT,2026-08-06T13:00:00+00:00,2026-08-07T13:00:00+00:00,0.01164,0.01207,89.0,89.0,8591.06529209622,100.0,0.1,0.10369415807560138,3.694158075601379,3.4904639175257777,3.4869769405851923,130.91151166539618,234.50197558292194,CLOSED
174,V5_24H_SCORE_GE_70,CRCLB/USDT,2026-08-06T16:00:00+00:00,2026-08-07T16:00:00+00:00,65.02,66.9,95.0,100.0,1.5379883112888344,100.0,0.1,0.10289141802522303,2.8914180252230324,2.6885266071978093,2.685840766431378,134.40197558292195,237.19050219011976,CLOSED
175,V5_24H_SCORE_GE_70,ADA/USDT,2026-08-06T16:00:00+00:00,2026-08-07T16:00:00+00:00,0.2068,0.1993,90.0,100.0,483.55899419729207,100.0,0.1,0.09637330754352032,-3.626692456479688,-3.8230657640232084,-3.8192465175057024,237.19050219011976,333.4674364260966,CLOSED
176,V5_24H_SCORE_GE_70,BEL/USDT,2026-08-06T16:00:00+00:00,2026-08-07T16:00:00+00:00,0.1035,0.1014,90.0,100.0,966.1835748792271,100.0,0.1,0.09797101449275362,-2.028985507246375,-2.2269565217391287,-2.2247317899491796,333.4674364260966,431.34047990435744,CLOSED
177,V5_24H_SCORE_GE_70,RED/USDT,2026-08-07T03:00:00+00:00,2026-08-08T03:00:00+00:00,0.0894,0.0873,81.0,81.0,1118.5682326621925,100.0,0.1,0.09765100671140942,-2.3489932885905915,-2.546644295302001,-2.5441001951068944,131.04047990435748,228.59383560905547,CLOSED
178,V5_24H_SCORE_GE_70,OPN/USDT,2026-08-07T03:00:00+00:00,2026-08-08T03:00:00+00:00,0.0536,0.0536,81.0,80.0,1865.6716417910447,100.0,0.1,0.1,0.0,-0.2,-0.19980019980019983,228.59383560905547,328.4938356090555,CLOSED
179,V5_24H_SCORE_GE_70,TUT/USDT,2026-08-07T04:00:00+00:00,2026-08-08T04:00:00+00:00,0.02853,0.04376,92.0,97.0,3505.082369435682,100.0,0.1,0.15338240448650545,53.382404486505436,53.12902208201893,53.075946135883044,128.29383560905552,281.5228576910745,CLOSED
180,V5_24H_SCORE_GE_70,TREE/USDT,2026-08-07T04:00:00+00:00,2026-08-08T04:00:00+00:00,0.0359,0.0359,84.0,84.0,2785.5153203342616,100.0,0.1,0.1,0.0,-0.2,-0.19980019980019983,281.5228576910745,381.42285769107446,CLOSED
181,V5_24H_SCORE_GE_70,BICO/USDT,2026-08-07T04:00:00+00:00,2026-08-08T04:00:00+00:00,0.03926,0.06035,84.0,76.0,2547.1217524197655,100.0,0.1,0.15371879775853284,53.718797758532844,53.465078960774306,53.411667293480825,381.42285769107446,534.9879366518487,CLOSED
182,V5_24H_SCORE_GE_70,ONG/USDT,2026-08-07T04:00:00+00:00,2026-08-08T04:00:00+00:00,0.04231,0.04272,81.0,81.0,2363.5074450484517,100.0,0.1,0.10096903805246986,0.9690380524698554,0.7680690144173856,0.767301712704681,534.9879366518487,635.8560056662661,CLOSED
183,V5_24H_SCORE_GE_70,SPCXB/USDT,2026-08-07T13:00:00+00:00,2026-08-08T13:00:00+00:00,120.57,133.23,90.0,100.0,0.829393713195654,100.0,0.1,0.11050012440905699,10.50012440905698,10.289624284647923,10.279344939708215,235.45600566626607,345.845629950914,CLOSED
184,V5_24H_SCORE_GE_70,GPS/USDT,2026-08-07T16:00:00+00:00,2026-08-08T16:00:00+00:00,0.00987,0.00982,90.0,95.0,10131.712259371834,100.0,0.1,0.09949341438703142,-0.5065856129685784,-0.7060790273556098,-0.7053736537019079,245.74562995091398,345.1395509235584,CLOSED
185,V5_24H_SCORE_GE_70,ZEC/USDT,2026-08-07T16:00:00+00:00,2026-08-08T16:00:00+00:00,514.37,507.76,90.0,95.0,0.19441258238233178,100.0,0.1,0.09871493283045278,-1.2850671695472187,-1.4837821023776716,-1.4822998025750966,345.1395509235584,443.7557688211807,CLOSED
186,V5_24H_SCORE_GE_70,ALLO/USDT,2026-08-07T16:00:00+00:00,2026-08-08T16:00:00+00:00,0.3479,0.3239,87.0,92.0,287.4389192296637,100.0,0.1,0.09310146593848809,-6.89853406151191,-7.091635527450397,-7.084550976473923,443.7557688211807,536.7641332937303,CLOSED
187,V5_24H_SCORE_GE_70,OPN/USDT,2026-08-08T03:00:00+00:00,2026-08-09T03:00:00+00:00,0.0536,0.0541,89.0,88.0,1865.6716417910447,100.0,0.1,0.10093283582089552,0.9328358208955194,0.7319029850746239,0.7311718132613626,236.46413329373027,337.2960362788049,CLOSED
188,V5_24H_SCORE_GE_70,RE/USDT,2026-08-08T03:00:00+00:00,2026-08-09T03:00:00+00:00,0.4118,0.4066,86.0,86.0,242.83632831471587,100.0,0.1,0.09873725109276348,-1.2627489072365279,-1.4614861583292915,-1.4600261321970944,337.2960362788049,435.9345501204756,CLOSED
189,V5_24H_SCORE_GE_70,MUBARAK/USDT,2026-08-08T04:00:00+00:00,2026-08-09T04:00:00+00:00,0.01436,0.01668,87.0,86.0,6963.788300835655,100.0,0.1,0.11615598885793872,16.155988857938723,15.939832869080783,15.923908960120665,235.73455012047557,351.77438298955633,CLOSED
190,V5_24H_SCORE_GE_70,SOL/USDT,2026-08-08T04:00:00+00:00,2026-08-09T04:00:00+00:00,74.64,75.98,87.0,86.0,1.339764201500536,100.0,0.1,0.10179528403001073,1.795284030010734,1.5934887459807232,1.5918968491315917,351.77438298955633,453.4678717355371,CLOSED
191,V5_24H_SCORE_GE_70,TAO/USDT,2026-08-08T04:00:00+00:00,2026-08-09T04:00:00+00:00,195.6,206.1,82.0,82.0,0.5112474437627812,100.0,0.1,0.1053680981595092,5.368098159509202,5.162730061349693,5.157572488860833,453.4678717355371,558.7306017968867,CLOSED
192,V5_24H_SCORE_GE_70,EURI/USDT,2026-08-08T04:00:00+00:00,2026-08-09T04:00:00+00:00,1.1558,1.1559,81.0,80.0,86.52015919709292,100.0,0.1,0.10000865201591971,0.008652015919707878,-0.19135663609621184,-0.19116547062558625,558.7306017968867,658.6392451607906,CLOSED
193,V5_24H_SCORE_GE_70,BEL/USDT,2026-08-08T13:00:00+00:00,2026-08-09T13:00:00+00:00,0.1056,0.1095,95.0,100.0,946.969696969697,100.0,0.1,0.10369318181818182,3.6931818181818272,3.4894886363636455,3.4860026337299157,258.23924516079046,361.8287337971541,CLOSED
194,V5_24H_SCORE_GE_70,ONG/USDT,2026-08-08T16:00:00+00:00,2026-08-09T16:00:00+00:00,0.04311,0.04355,90.0,95.0,2319.647413593134,100.0,0.1,0.10102064486198098,1.0206448619809834,0.8196242171190025,0.8188054117072953,261.72873379715406,362.6483580142731,CLOSED
195,V5_24H_SCORE_GE_70,PEPE/USDT,2026-08-08T16:00:00+00:00,2026-08-09T16:00:00+00:00,2.89e-06,2.89e-06,90.0,95.0,34602076.12456748,100.0,0.1,0.10000000000000002,1.4210854715202004e-14,-0.1999999999999858,-0.19980019980018562,362.6483580142731,462.5483580142731,CLOSED
196,V5_24H_SCORE_GE_70,GIGGLE/USDT,2026-08-08T16:00:00+00:00,2026-08-09T16:00:00+00:00,34.67,33.66,89.0,89.0,2.8843380444188056,100.0,0.1,0.09708681857513698,-2.913181424863012,-3.1102682434381492,-3.107161082355794,462.5483580142731,559.538089770835,CLOSED
197,V5_24H_SCORE_GE_70,TREE/USDT,2026-08-09T03:00:00+00:00,2026-08-10T03:00:00+00:00,0.0375,0.0375,90.0,95.0,2666.666666666667,100.0,0.1,0.10000000000000002,1.4210854715202004e-14,-0.1999999999999858,-0.19980019980018562,259.2380897708349,359.13808977083494,CLOSED
198,V5_24H_SCORE_GE_70,PORTAL/USDT,2026-08-09T03:00:00+00:00,2026-08-10T03:00:00+00:00,0.01185,0.01154,87.0,86.0,8438.818565400845,100.0,0.1,0.09738396624472576,-2.6160337552742448,-2.8134177215189706,-2.810607114404566,359.13808977083494,456.424672049316,CLOSED
199,V5_24H_SCORE_GE_70,EURI/USDT,2026-08-09T04:00:00+00:00,2026-08-10T04:00:00+00:00,1.1559,1.1554,84.0,84.0,86.51267410675665,100.0,0.1,0.09995674366294664,-0.04325633705336429,-0.24321308071631093,-0.24297011060570523,256.2246720493159,356.08145896859963,CLOSED
200,V5_24H_SCORE_GE_70,SPCXB/USDT,2026-08-09T04:00:00+00:00,2026-08-10T04:00:00+00:00,137.4,133.82,82.0,82.0,0.727802037845706,100.0,0.1,0.09739446870451236,-2.605531295487637,-2.8029257641921497,-2.800125638553596,356.08145896859963,453.3785332044075,CLOSED
201,V5_24H_SCORE_GE_70,RARE/USDT,2026-08-09T04:00:00+00:00,2026-08-10T04:00:00+00:00,0.01332,0.01372,80.0,72.0,7507.507507507507,100.0,0.1,0.10300300300300301,3.003003003003002,2.799999999999999,2.797202797202796,453.3785332044075,556.2785332044075,CLOSED
202,V5_24H_SCORE_GE_70,ALPINE/USDT,2026-08-09T04:00:00+00:00,2026-08-10T04:00:00+00:00,0.337,0.336,79.0,79.0,296.7359050445104,100.0,0.1,0.0997032640949555,-0.29673590504449976,-0.49643916913945524,-0.4959432259135417,556.2785332044075,655.882094035268,CLOSED
203,V5_24H_SCORE_GE_70,HEMI/USDT,2026-08-09T13:00:00+00:00,2026-08-10T13:00:00+00:00,0.00556,0.0053,95.0,100.0,17985.61151079137,100.0,0.1,0.09532374100719426,-4.676258992805742,-4.871582733812936,-4.866716017795141,255.48209403526792,350.71051130145497,CLOSED
204,V5_24H_SCORE_GE_70,TRUMP/USDT,2026-08-09T16:00:00+00:00,2026-08-10T16:00:00+00:00,1.521,1.486,90.0,100.0,65.74621959237344,100.0,0.1,0.09769888231426693,-2.3011176857330753,-2.498816568047342,-2.496320247799543,250.61051130145498,348.2116947334076,CLOSED
205,V5_24H_SCORE_GE_70,CRCLB/USDT,2026-08-09T16:00:00+00:00,2026-08-10T16:00:00+00:00,68.32,65.86,90.0,95.0,1.4637002341920375,100.0,0.1,0.09639929742388759,-3.600702576112411,-3.797101873536299,-3.7933085649713276,348.2116947334076,444.5145928598713,CLOSED
206,V5_24H_SCORE_GE_70,WLFI/USDT,2026-08-09T16:00:00+00:00,2026-08-10T16:00:00+00:00,0.053,0.0535,89.0,89.0,1886.7924528301887,100.0,0.1,0.10094339622641509,0.9433962264150892,0.7424528301886741,0.7417111190696045,444.5145928598713,545.35704569006,CLOSED
207,V5_24H_SCORE_GE_70,EDEN/USDT,2026-08-10T03:00:00+00:00,2026-08-11T03:00:00+00:00,0.04498,0.04385,89.0,88.0,2223.2103156958647,100.0,0.1,0.09748777234326367,-2.5122276567363286,-2.7097154290795924,-2.7070084206589335,245.05704569005994,342.4473302609804,CLOSED
208,V5_24H_SCORE_GE_70,OPN/USDT,2026-08-10T03:00:00+00:00,2026-08-11T03:00:00+00:00,0.0538,0.0521,89.0,88.0,1858.736059479554,100.0,0.1,0.09684014869888476,-3.159851301115239,-3.356691449814124,-3.353338111702422,342.4473302609804,439.19063881116625,CLOSED
209,V5_24H_SCORE_GE_70,TREE/USDT,2026-08-10T04:00:00+00:00,2026-08-11T04:00:00+00:00,0.0377,0.0364,90.0,95.0,2652.5198938992044,100.0,0.1,0.09655172413793105,-3.4482758620689538,-3.644827586206885,-3.6411863998070784,238.9906388111663,335.4458112249594,CLOSED
210,V5_24H_SCORE_GE_70,PLUME/USDT,2026-08-10T04:00:00+00:00,2026-08-11T04:00:00+00:00,0.01223,0.01212,87.0,86.0,8176.6148814390845,100.0,0.1,0.0991005723630417,-0.8994276369582934,-1.098528209321335,-1.0974307785427924,335.4458112249594,434.44728301563805,CLOSED
211,V5_24H_SCORE_GE_70,HOME/USDT,2026-08-10T04:00:00+00:00,2026-08-11T04:00:00+00:00,0.00968,0.00914,85.0,87.0,10330.578512396694,100.0,0.1,0.09442148760330579,-5.578512396694208,-5.7729338842975135,-5.767166717579934,434.44728301563805,528.7743491313405,CLOSED
212,V5_24H_SCORE_GE_70,WLD/USDT,2026-08-10T04:00:00+00:00,2026-08-11T04:00:00+00:00,0.327,0.3354,84.0,84.0,305.8103975535168,100.0,0.1,0.10256880733944952,2.5688073394495206,2.3662385321100707,2.363874657452618,528.7743491313405,631.2405876634506,CLOSED
213,V5_24H_SCORE_GE_70,PORTAL/USDT,2026-08-10T13:00:00+00:00,2026-08-11T13:00:00+00:00,0.01159,0.01152,93.0,98.0,8628.127696289905,100.0,0.1,0.0993960310612597,-0.6039689387402944,-0.8033649698015541,-0.80256240739416,230.84058766345052,330.13722269364894,CLOSED
214,V5_24H_SCORE_GE_70,ALLO/USDT,2026-08-10T16:00:00+00:00,2026-08-11T16:00:00+00:00,0.3267,0.3025,95.0,100.0,306.0912151821243,100.0,0.1,0.0925925925925926,-7.407407407407405,-7.599999999999997,-7.592407592407589,230.03722269364894,322.5372226936489,CLOSED
215,V5_24H_SCORE_GE_70,PAXG/USDT,2026-08-10T16:00:00+00:00,2026-08-11T16:00:00+00:00,4348.17,4380.62,87.0,87.0,0.02299818084389525,100.0,0.1,0.1007462909683844,0.7462909683844003,0.545544677416016,0.5449996777382777,322.5372226936489,423.1827673710649,CLOSED
216,V5_24H_SCORE_GE_70,XAUT/USDT,2026-08-10T16:00:00+00:00,2026-08-11T16:00:00+00:00,4335.16,4366.68,87.0,87.0,0.023067199365190673,100.0,0.1,0.10072707812399082,0.7270781239908075,0.5263510458668167,0.5258252206461705,423.1827673710649,523.8091184169317,CLOSED
217,V5_24H_SCORE_GE_70,TRUMP/USDT,2026-08-11T03:00:00+00:00,2026-08-12T03:00:00+00:00,1.518,1.49,95.0,100.0,65.87615283267458,100.0,0.1,0.09815546772068512,-1.8445322793148762,-2.0426877470355613,-2.040647099935626,223.50911841693167,321.56643066989614,CLOSED
218,V5_24H_SCORE_GE_70,XPL/USDT,2026-08-11T03:00:00+00:00,2026-08-12T03:00:00+00:00,0.08057,0.07747,89.0,88.0,1241.1567580985477,100.0,0.1,0.0961524140498945,-3.847585950105511,-4.043738364155406,-4.039698665489916,321.56643066989614,417.6226923057407,CLOSED
219,V5_24H_SCORE_GE_70,ENA/USDT,2026-08-11T04:00:00+00:00,2026-08-12T04:00:00+00:00,0.0903,0.0898,90.0,95.0,1107.4197120708748,100.0,0.1,0.09944629014396457,-0.5537098560354394,-0.753156146179404,-0.7524037424369671,217.42269230574075,316.76953615956137,CLOSED
220,V5_24H_SCORE_GE_70,PUMP/USDT,2026-08-11T04:00:00+00:00,2026-08-12T04:00:00+00:00,0.00281,0.002783,84.0,84.0,35587.18861209964,100.0,0.1,0.0990391459074733,-0.9608540925267022,-1.1598932384341756,-1.1587345039302455,316.76953615956137,415.70964292112717,CLOSED
221,V5_24H_SCORE_GE_70,TRX/USDT,2026-08-11T04:00:00+00:00,2026-08-12T04:00:00+00:00,0.3317,0.3345,76.0,71.0,301.4772384684956,100.0,0.1,0.1008441362677118,0.8441362677117894,0.6432921314440776,0.6426494819621156,415.70964292112717,516.4529350525712,CLOSED
222,V5_24H_SCORE_GE_70,USDC/USDT,2026-08-11T04:00:00+00:00,2026-08-12T04:00:00+00:00,1.00084,1.00078,75.0,69.0,99.91607050077936,100.0,0.1,0.09999400503576997,-0.005994964230040978,-0.20598896926581095,-0.20578318607973123,516.4529350525712,616.3469460833054,CLOSED
223,V5_24H_SCORE_GE_70,GIGGLE/USDT,2026-08-11T13:00:00+00:00,2026-08-12T13:00:00+00:00,36.39,35.02,95.0,100.0,2.748007694421544,100.0,0.1,0.09623522945864248,-3.764770541357521,-3.9610057708161635,-3.9570487220940698,215.94694608330533,312.0859403124892,CLOSED
224,V5_24H_SCORE_GE_70,CRCLB/USDT,2026-08-11T16:00:00+00:00,2026-08-12T16:00:00+00:00,71.09,70.03,84.0,88.0,1.4066676044450697,100.0,0.1,0.09850893233928824,-1.4910676607117637,-1.689576593051052,-1.6878887043467055,211.9859403124892,310.3963637194381,CLOSED
225,V5_24H_SCORE_GE_70,DOGE/USDT,2026-08-11T16:00:00+00:00,2026-08-12T16:00:00+00:00,0.07052,0.07087,80.0,72.0,1418.0374361883155,100.0,0.1,0.10049631310266592,0.49631310266592266,0.29581678956325674,0.2955212682949618,310.3963637194381,410.79218050900135,CLOSED
226,V5_24H_SCORE_GE_70,EDEN/USDT,2026-08-11T16:00:00+00:00,2026-08-12T16:00:00+00:00,0.04437,0.04516,80.0,72.0,2253.7750732476898,100.0,0.1,0.10178048230786567,1.7804823078656682,1.5787018255578025,1.5771247008569456,410.79218050900135,512.4708823345592,CLOSED
227,V5_24H_SCORE_GE_70,RE/USDT,2026-08-12T03:00:00+00:00,2026-08-13T03:00:00+00:00,0.435,0.4353,89.0,88.0,229.88505747126436,100.0,0.1,0.10006896551724138,0.06896551724138078,-0.13110344827586062,-0.13097247580006055,212.17088233455914,312.1397788862833,CLOSED
228,V5_24H_SCORE_GE_70,TAO/USDT,2026-08-12T03:00:00+00:00,2026-08-13T03:00:00+00:00,204.7,199.8,87.0,86.0,0.4885197850512946,100.0,0.1,0.09760625305324867,-2.3937469467513353,-2.5913531998045842,-2.588764435369215,312.1397788862833,409.64842568647873,CLOSED
229,V5_24H_SCORE_GE_70,GRAM/USDT,2026-08-12T04:00:00+00:00,2026-08-13T04:00:00+00:00,1.361,1.338,81.0,80.0,73.47538574577517,100.0,0.1,0.09831006612784718,-1.689933872152821,-1.8882439382806682,-1.8863575806999684,209.4484256864787,307.66018174819806,CLOSED
230,V5_24H_SCORE_GE_70,WLD/USDT,2026-08-12T04:00:00+00:00,2026-08-13T04:00:00+00:00,0.3388,0.3326,81.0,80.0,295.159386068477,100.0,0.1,0.09817001180637544,-1.8299881936245583,-2.028158205430934,-2.0261320733575765,307.66018174819806,405.73202354276714,CLOSED
231,V5_24H_SCORE_GE_70,NEAR/USDT,2026-08-12T04:00:00+00:00,2026-08-13T04:00:00+00:00,1.659,1.668,78.0,77.0,60.27727546714888,100.0,0.1,0.10054249547920434,0.5424954792043337,0.3419529837251294,0.34161137235277667,405.73202354276714,506.17397652649225,CLOSED
232,V5_24H_SCORE_GE_70,PAXG/USDT,2026-08-12T04:00:00+00:00,2026-08-13T04:00:00+00:00,4398.94,4394.79,76.0,71.0,0.022732749253229188,100.0,0.1,0.0999056590905991,-0.09434090940089845,-0.29424656849149755,-0.29395261587562194,506.17397652649225,605.9797299580008,CLOSED
233,V5_24H_SCORE_GE_70,RARE/USDT,2026-08-12T13:00:00+00:00,2026-08-13T13:00:00+00:00,0.01377,0.01205,95.0,92.0,7262.164124909224,100.0,0.1,0.08750907770515615,-12.490922294843855,-12.678431372549012,-12.66576560694207,205.57972995800074,293.00129858545176,CLOSED
234,V5_24H_SCORE_GE_70,EDEN/USDT,2026-08-12T16:00:00+00:00,2026-08-13T16:00:00+00:00,0.04516,0.04981,93.0,98.0,2214.348981399469,100.0,0.1,0.11029672276350755,10.296722763507546,10.086426040744039,10.076349691052986,192.90129858545177,303.08772462619584,CLOSED
235,V5_24H_SCORE_GE_70,USDE/USDT,2026-08-12T16:00:00+00:00,2026-08-13T16:00:00+00:00,1.0008,1.0007,87.0,87.0,99.92006394884093,100.0,0.1,0.09999000799360512,-0.009992006394881514,-0.20998201438848663,-0.2097722421463403,303.08772462619584,402.97774261180734,CLOSED
236,V5_24H_SCORE_GE_70,CHIP/USDT,2026-08-12T16:00:00+00:00,2026-08-13T16:00:00+00:00,0.02364,0.02265,86.0,86.0,4230.118443316413,100.0,0.1,0.09581218274111675,-4.187817258883257,-4.3836294416243735,-4.3792501914329405,402.97774261180734,498.69411317018296,CLOSED
237,V5_24H_SCORE_GE_70,HOME/USDT,2026-08-13T03:00:00+00:00,2026-08-14T03:00:00+00:00,0.00971,0.01103,84.0,84.0,10298.661174047375,100.0,0.1,0.11359423274974255,13.594232749742545,13.380638516992803,13.367271245747055,198.39411317018292,311.8747516871757,CLOSED
238,V5_24H_SCORE_GE_70,CRCLB/USDT,2026-08-13T03:00:00+00:00,2026-08-14T03:00:00+00:00,70.98,75.65,81.0,80.0,1.4088475626937165,100.0,0.1,0.10657931811777967,6.579318117779664,6.372738799661884,6.36637242723465,311.8747516871757,418.3474904868376,CLOSED
239,V5_24H_SCORE_GE_70,AVAX/USDT,2026-08-13T04:00:00+00:00,2026-08-14T04:00:00+00:00,6.505,6.433,86.0,86.0,15.372790161414297,100.0,0.1,0.09889315910837818,-1.1068408916218289,-1.305734050730207,-1.304429621109098,218.1474904868376,316.9417564361074,CLOSED
240,V5_24H_SCORE_GE_70,LINK/USDT,2026-08-13T04:00:00+00:00,2026-08-14T04:00:00+00:00,8.756,8.795,82.0,82.0,11.420740063956144,100.0,0.1,0.1004454088624943,0.4454088624942898,0.2449634536317955,0.2447187348968986,316.9417564361074,417.28671988973923,CLOSED
241,V5_24H_SCORE_GE_70,PUMP/USDT,2026-08-13T04:00:00+00:00,2026-08-14T04:00:00+00:00,0.002772,0.002918,82.0,82.0,36075.03607503607,100.0,0.1,0.10526695526695526,5.26695526695525,5.061688311688295,5.0566316800082864,417.28671988973923,522.4484082014276,CLOSED
242,V5_24H_SCORE_GE_70,NEAR/USDT,2026-08-13T04:00:00+00:00,2026-08-14T04:00:00+00:00,1.668,1.608,81.0,80.0,59.95203836930456,100.0,0.1,0.09640287769784174,-3.5971223021582546,-3.7935251798560965,-3.7897354444116846,522.4484082014276,618.7548830215715,CLOSED
243,V5_24H_SCORE_GE_70,MUB/USDT,2026-08-13T13:00:00+00:00,2026-08-14T13:00:00+00:00,939.46,968.83,90.0,100.0,0.10644412747748706,100.0,0.1,0.1031262640240138,3.1262640240137927,2.9231377599897788,2.9202175424473316,218.3548830215714,321.3780207815612,CLOSED
244,V5_24H_SCORE_GE_70,ACE/USDT,2026-08-13T16:00:00+00:00,2026-08-14T16:00:00+00:00,0.1154,0.2874,95.0,100.0,866.5511265164645,100.0,0.1,0.24904679376083189,149.0467937608319,148.69774696707105,148.54919776930174,221.2780207815612,470.07576774863225,CLOSED
245,V5_24H_SCORE_GE_70,EDEN/USDT,2026-08-13T16:00:00+00:00,2026-08-14T16:00:00+00:00,0.04981,0.0587,90.0,100.0,2007.628990162618,100.0,0.1,0.1178478217225457,17.84782172254569,17.629973900823142,17.612361539283857,470.07576774863225,587.8057416494554,CLOSED
246,V5_24H_SCORE_GE_70,PLUME/USDT,2026-08-13T16:00:00+00:00,2026-08-14T16:00:00+00:00,0.01251,0.01249,90.0,100.0,7993.605115907274,100.0,0.1,0.09984012789768186,-0.15987210231814686,-0.3597122302158287,-0.35935287733849025,587.8057416494554,687.5460294192396,CLOSED
247,V5_24H_SCORE_GE_70,RED/USDT,2026-08-14T03:00:00+00:00,2026-08-15T03:00:00+00:00,0.0885,0.087,89.0,89.0,1129.9435028248588,100.0,0.1,0.09830508474576272,-1.6949152542372872,-1.89322033898305,-1.891329009973077,387.24602941923956,485.45280908025654,CLOSED
248,V5_24H_SCORE_GE_70,RLUSD/USDT,2026-08-14T03:00:00+00:00,2026-08-15T03:00:00+00:00,1.0011,1.0012,81.0,80.0,99.89012086704624,100.0,0.1,0.10000998901208671,0.009989012086705884,-0.19002097692538084,-0.18983114577960125,485.45280908025654,585.3627881033311,CLOSED
249,V5_24H_SCORE_GE_70,USDC/USDT,2026-08-14T04:00:00+00:00,2026-08-15T04:00:00+00:00,1.00088,1.00088,87.0,87.0,99.91207737191272,100.0,0.1,0.1,0.0,-0.2,-0.19980019980019983,385.1627881033311,485.06278810333106,CLOSED
250,V5_24H_SCORE_GE_70,PUMP/USDT,2026-08-14T04:00:00+00:00,2026-08-15T04:00:00+00:00,0.002918,0.002756,87.0,86.0,34270.04797806717,100.0,0.1,0.09444825222755311,-5.5517477724468876,-5.746196024674441,-5.740455569105336,485.06278810333106,579.4165920786567,CLOSED
251,V5_24H_SCORE_GE_70,HOME/USDT,2026-08-14T04:00:00+00:00,2026-08-15T04:00:00+00:00,0.01132,0.00932,84.0,84.0,8833.922261484098,100.0,0.1,0.0823321554770318,-17.66784452296821,-17.850176678445244,-17.832344334111134,579.4165920786567,661.6664154002115,CLOSED
252,V5_24H_SCORE_GE_70,RE/USDT,2026-08-14T04:00:00+00:00,2026-08-15T04:00:00+00:00,0.4612,0.4586,82.0,82.0,216.8256721595837,100.0,0.1,0.09943625325238509,-0.5637467476149141,-0.7631830008672991,-0.7624205802870121,661.6664154002115,761.0032323993441,CLOSED
253,V5_24H_SCORE_GE_70,WLD/USDT,2026-08-14T13:00:00+00:00,2026-08-15T13:00:00+00:00,0.3427,0.343,95.0,100.0,291.8004085205719,100.0,0.1,0.10008754012255618,0.08754012255617738,-0.1125474175663788,-0.112434982583795,360.60323239934405,460.59068498177766,CLOSED
254,V5_24H_SCORE_GE_70,LINK/USDT,2026-08-14T16:00:00+00:00,2026-08-15T16:00:00+00:00,8.877,9.614,84.0,84.0,11.265067027148811,100.0,0.1,0.10830235439900868,8.302354399008678,8.09405204460967,8.08596607853114,360.4906849817777,468.6847370263873,CLOSED
255,V5_24H_SCORE_GE_70,EUR/USDT,2026-08-14T16:00:00+00:00,2026-08-15T16:00:00+00:00,1.158,1.1576,81.0,80.0,86.35578583765113,100.0,0.1,0.09996545768566495,-0.034542314335055835,-0.2345077720207208,-0.2342734985221986,468.6847370263873,568.5502292543666,CLOSED
256,V5_24H_SCORE_GE_70,EURI/USDT,2026-08-14T16:00:00+00:00,2026-08-15T16:00:00+00:00,1.1576,1.1574,81.0,80.0,86.38562543192813,100.0,0.1,0.09998272287491362,-0.01727712508638035,-0.217259847961294,-0.21704280515613789,568.5502292543666,668.4329694064054,CLOSED
257,V5_24H_SCORE_GE_70,PLUME/USDT,2026-08-15T03:00:00+00:00,2026-08-16T03:00:00+00:00,0.01296,0.01293,95.0,100.0,7716.04938271605,100.0,0.1,0.09976851851851853,-0.23148148148146674,-0.43124999999998526,-0.43081918081916615,368.1329694064053,467.80171940640537,CLOSED
258,V5_24H_SCORE_GE_70,CHIP/USDT,2026-08-15T03:00:00+00:00,2026-08-16T03:00:00+00:00,0.02362,0.02768,89.0,89.0,4233.7002540220155,100.0,0.1,0.1171888230313294,17.18882303132939,16.97163420829806,16.954679528769294,467.80171940640537,584.8733536147034,CLOSED
259,V5_24H_SCORE_GE_70,AVAX/USDT,2026-08-15T04:00:00+00:00,2026-08-16T04:00:00+00:00,6.723,6.343,87.0,92.0,14.874312063067084,100.0,0.1,0.09434776141603451,-5.6522385839654845,-5.846586345381518,-5.840745599781736,384.6733536147034,478.9267672693219,CLOSED
260,V5_24H_SCORE_GE_70,WLFI/USDT,2026-08-15T04:00:00+00:00,2026-08-16T04:00:00+00:00,0.0571,0.0581,84.0,84.0,1751.3134851138354,100.0,0.1,0.10175131348511385,1.7513134851138403,1.5495621716287264,1.5480141574712554,478.9267672693219,580.5763294409506,CLOSED
261,V5_24H_SCORE_GE_70,HEMI/USDT,2026-08-15T04:00:00+00:00,2026-08-16T04:00:00+00:00,0.005,0.00823,83.0,82.0,20000.0,100.0,0.1,0.1646,64.6,64.3354,64.27112887112888,580.5763294409506,745.0117294409506,CLOSED
262,V5_24H_SCORE_GE_70,XPL/USDT,2026-08-15T04:00:00+00:00,2026-08-16T04:00:00+00:00,0.07739,0.07784,81.0,81.0,1292.156609381057,100.0,0.1,0.10058147047422149,0.58147047422149,0.38088900374726853,0.3805084952520165,745.0117294409506,845.4926184446979,CLOSED
263,V5_24H_SCORE_GE_70,OPN/USDT,2026-08-15T13:00:00+00:00,2026-08-16T13:00:00+00:00,0.0498,0.0528,89.0,89.0,2008.0321285140562,100.0,0.1,0.10602409638554217,6.024096385542165,5.818072289156624,5.812260029127496,445.0926184446978,551.0106907338544,CLOSED
264,V5_24H_SCORE_GE_70,WLD/USDT,2026-08-15T16:00:00+00:00,2026-08-16T16:00:00+00:00,0.3483,0.3694,93.0,98.0,287.1088142405972,100.0,0.1,0.1060579959804766,6.057995980476605,5.851937984496129,5.846091892603526,450.9106907338544,556.8626287183505,CLOSED
265,V5_24H_SCORE_GE_70,RED/USDT,2026-08-15T16:00:00+00:00,2026-08-16T16:00:00+00:00,0.0906,0.0874,87.0,92.0,1103.7527593818984,100.0,0.1,0.09646799116997792,-3.532008830022079,-3.7284768211920567,-3.7247520691229337,556.8626287183505,653.2341518971584,CLOSED
266,V5_24H_SCORE_GE_70,USDE/USDT,2026-08-15T16:00:00+00:00,2026-08-16T16:00:00+00:00,1.001,1.0009,87.0,87.0,99.90009990009992,100.0,0.1,0.09999000999001,-0.009990009990005433,-0.20998001998001542,-0.20977024973028516,653.2341518971584,753.1241718771785,CLOSED
267,V5_24H_SCORE_GE_70,ONG/USDT,2026-08-16T03:00:00+00:00,2026-08-17T03:00:00+00:00,0.05132,0.05908,95.0,92.0,1948.5580670303975,100.0,0.1,0.11512081060015589,15.120810600155892,14.905689789555737,14.890798990565173,452.8241718771784,567.8298616667341,CLOSED
268,V5_24H_SCORE_GE_70,SOXLB/USDT,2026-08-16T03:00:00+00:00,2026-08-17T03:00:00+00:00,144.97,148.41,87.0,87.0,0.689797889218459,100.0,0.1,0.10237290473891149,2.372904738911487,2.170531834172575,2.1683634707018733,567.8298616667341,670.1003935009066,CLOSED
269,V5_24H_SCORE_GE_70,GPS/USDT,2026-08-16T04:00:00+00:00,2026-08-17T04:00:00+00:00,0.01072,0.01492,93.0,98.0,9328.358208955224,100.0,0.1,0.13917910447761192,39.17910447761193,38.939925373134315,38.90102434878553,469.9003935009066,608.9403188740409,CLOSED
270,V5_24H_SCORE_GE_70,XPL/USDT,2026-08-16T04:00:00+00:00,2026-08-17T04:00:00+00:00,0.07784,0.07604,89.0,89.0,1284.6865364850976,100.0,0.1,0.09768756423432681,-2.312435765673186,-2.510123329907513,-2.50761571419332,608.9403188740409,706.5301955441334,CLOSED
271,V5_24H_SCORE_GE_70,SNXXB/USDT,2026-08-16T04:00:00+00:00,2026-08-17T04:00:00+00:00,16.65,17.81,88.0,93.0,6.0060060060060065,100.0,0.1,0.10696696696696696,6.9669669669669645,6.759999999999998,6.753246753246751,706.5301955441334,813.3901955441335,CLOSED
272,V5_24H_SCORE_GE_70,WLFI/USDT,2026-08-16T04:00:00+00:00,2026-08-17T04:00:00+00:00,0.0581,0.0606,84.0,83.0,1721.170395869191,100.0,0.1,0.10430292598967297,4.302925989672971,4.0986230636832985,4.094528535148151,813.3901955441335,917.5888186078167,CLOSED
273,V5_24H_SCORE_GE_70,BEL/USDT,2026-08-16T13:00:00+00:00,2026-08-17T13:00:00+00:00,0.1085,0.1089,93.0,98.0,921.6589861751152,100.0,0.1,0.10036866359447004,0.3686635944700356,0.16829493087556557,0.16812680407149408,517.1888186078166,617.4571135386922,CLOSED
274,V5_24H_SCORE_GE_70,PLUME/USDT,2026-08-16T16:00:00+00:00,2026-08-17T16:00:00+00:00,0.01341,0.01239,95.0,100.0,7457.121551081283,100.0,0.1,0.0923937360178971,-7.606263982102902,-7.798657718120799,-7.790866851269531,517.3571135386921,609.6584558205714,CLOSED
275,V5_24H_SCORE_GE_70,EUR/USDT,2026-08-16T16:00:00+00:00,2026-08-17T16:00:00+00:00,1.1575,1.1599,87.0,87.0,86.39308855291577,100.0,0.1,0.100207343412527,0.2073434125269955,0.007136069114468499,0.007128940174294205,609.6584558205714,709.7655918896859,CLOSED
276,V5_24H_SCORE_GE_70,SNDKB/USDT,2026-08-16T16:00:00+00:00,2026-08-17T16:00:00+00:00,1662.58,1805.21,87.0,87.0,0.06014748162494436,100.0,0.1,0.10857883530416583,8.578835304165821,8.370256468861657,8.36189457428737,709.7655918896859,818.2358483585475,CLOSED
277,V5_24H_SCORE_GE_70,KORUB/USDT,2026-08-17T03:00:00+00:00,2026-08-18T03:00:00+00:00,22.59,21.45,90.0,100.0,4.426737494466578,100.0,0.1,0.0949535192563081,-5.046480743691902,-5.24143426294821,-5.236198064883327,517.9358483585474,612.7944140955992,CLOSED
278,V5_24H_SCORE_GE_70,ONG/USDT,2026-08-17T03:00:00+00:00,2026-08-18T03:00:00+00:00,0.05908,0.05859,89.0,88.0,1692.6201760324982,100.0,0.1,0.09917061611374407,-0.8293838862559255,-1.0285545023696696,-1.0275269753942753,612.7944140955992,711.8658595932295,CLOSED
279,V5_24H_SCORE_GE_70,MUBARAK/USDT,2026-08-17T04:00:00+00:00,2026-08-18T04:00:00+00:00,0.01826,0.01632,90.0,100.0,5476.4512595837905,100.0,0.1,0.08937568455640747,-10.624315443592536,-10.813691128148943,-10.802888239909034,511.66585959322947,600.9521684650805,CLOSED
280,V5_24H_SCORE_GE_70,ZEC/USDT,2026-08-17T04:00:00+00:00,2026-08-18T04:00:00+00:00,492.0,510.08,87.0,87.0,0.2032520325203252,100.0,0.1,0.10367479674796748,3.674796747967477,3.4711219512195095,3.467654296922587,600.9521684650805,704.5232904163,CLOSED
281,V5_24H_SCORE_GE_70,MUB/USDT,2026-08-17T04:00:00+00:00,2026-08-18T04:00:00+00:00,993.45,994.06,85.0,90.0,0.10065931853641351,100.0,0.1,0.10006140218430722,0.06140218430721234,-0.1386592178770949,-0.138520697179915,704.5232904163,804.4846311984229,CLOSED
282,V5_24H_SCORE_GE_70,PUMP/USDT,2026-08-17T04:00:00+00:00,2026-08-18T04:00:00+00:00,0.00288,0.002781,85.0,87.0,34722.22222222222,100.0,0.1,0.09656249999999998,-3.437500000000014,-3.6340625000000144,-3.630432067932082,804.4846311984229,900.9505686984229,CLOSED
283,V5_24H_SCORE_GE_70,CRCLB/USDT,2026-08-17T13:00:00+00:00,2026-08-18T13:00:00+00:00,74.22,72.38,90.0,100.0,1.3473457289140394,100.0,0.1,0.09752088385879816,-2.4791161412018425,-2.6766370250606406,-2.673963061998642,500.5505686984228,597.9739316733621,CLOSED
284,V5_24H_SCORE_GE_70,HEMI/USDT,2026-08-17T16:00:00+00:00,2026-08-18T16:00:00+00:00,0.00717,0.0066,92.0,97.0,13947.001394700139,100.0,0.1,0.09205020920502092,-7.94979079497908,-8.141841004184101,-8.133707296887215,497.8739316733621,589.832090669178,CLOSED
285,V5_24H_SCORE_GE_70,PAXG/USDT,2026-08-17T16:00:00+00:00,2026-08-18T16:00:00+00:00,4418.14,4365.61,90.0,95.0,0.022633959086855553,100.0,0.1,0.09881103812916746,-1.188961870832543,-1.3877729089617103,-1.3863865224392713,589.832090669178,688.5443177602162,CLOSED
286,V5_24H_SCORE_GE_70,SNXXB/USDT,2026-08-17T16:00:00+00:00,2026-08-18T16:00:00+00:00,19.41,15.61,89.0,88.0,5.151983513652756,100.0,0.1,0.08042246264811952,-19.57753735188048,-19.7579598145286,-19.738221592935666,688.5443177602162,768.8863579456877,CLOSED
287,V5_24H_SCORE_GE_70,EDEN/USDT,2026-08-18T03:00:00+00:00,2026-08-19T03:00:00+00:00,0.05122,0.05248,89.0,88.0,1952.362358453729,100.0,0.1,0.10245997657165169,2.459976571651694,2.2575165950800424,2.2552613337462963,468.5863579456876,570.9438745407676,CLOSED
288,V5_24H_SCORE_GE_70,ONG/USDT,2026-08-18T03:00:00+00:00,2026-08-19T03:00:00+00:00,0.05859,0.05848,84.0,84.0,1706.7759003242872,100.0,0.1,0.09981225465096433,-0.18774534903567996,-0.38755760368664427,-0.3871704332533909,570.9438745407676,670.656316937081,CLOSED
289,V5_24H_SCORE_GE_70,OPN/USDT,2026-08-18T04:00:00+00:00,2026-08-19T04:00:00+00:00,0.0562,0.0571,78.0,83.0,1779.3594306049822,100.0,0.1,0.10160142348754449,1.60142348754448,1.3998220640569354,1.398423640416519,470.45631693708094,571.9561390011379,CLOSED
290,V5_24H_SCORE_GE_70,RED/USDT,2026-08-18T04:00:00+00:00,2026-08-19T04:00:00+00:00,0.1098,0.087,78.0,83.0,910.7468123861566,100.0,0.1,0.07923497267759562,-20.76502732240438,-20.944262295081977,-20.923338956125853,571.9561390011379,651.1118767060559,CLOSED
291,V5_24H_SCORE_GE_70,FDUSD/USDT,2026-08-18T04:00:00+00:00,2026-08-19T04:00:00+00:00,0.998,0.9979,78.0,73.0,100.20040080160321,100.0,0.1,0.09998997995991984,-0.010020040080163994,-0.21001002004008384,-0.2098002198202636,651.1118767060559,751.0018666860158,CLOSED
292,V5_24H_SCORE_GE_70,SOL/USDT,2026-08-18T04:00:00+00:00,2026-08-19T04:00:00+00:00,75.84,76.86,77.0,63.0,1.3185654008438819,100.0,0.1,0.10134493670886076,1.3449367088607573,1.1435917721518964,1.1424493228290673,751.0018666860158,852.2454584581677,CLOSED
293,V5_24H_SCORE_GE_70,ACE/USDT,2026-08-18T13:00:00+00:00,2026-08-19T13:00:00+00:00,0.2238,0.2066,90.0,92.0,446.82752457551385,100.0,0.1,0.09231456657730117,-7.685433422698836,-7.877747989276137,-7.869878111164972,451.8454584581676,544.0677104688915,CLOSED
294,V5_24H_SCORE_GE_70,SPCXB/USDT,2026-08-18T16:00:00+00:00,2026-08-19T16:00:00+00:00,146.01,140.35,95.0,100.0,0.6848845969454147,100.0,0.1,0.09612355318128896,-3.8764468187110452,-4.0725703718923345,-4.068501870022312,443.9677104688915,539.9951400969992,CLOSED
295,V5_24H_SCORE_GE_70,TRX/USDT,2026-08-18T16:00:00+00:00,2026-08-19T16:00:00+00:00,0.3347,0.3336,90.0,95.0,298.7750224081267,100.0,0.1,0.09967134747535107,-0.32865252464893047,-0.5283238721242816,-0.5277960760482333,539.9951400969992,639.5668162248749,CLOSED
296,V5_24H_SCORE_GE_70,ETH/USDT,2026-08-18T16:00:00+00:00,2026-08-19T16:00:00+00:00,1918.47,2089.55,84.0,83.0,0.05212487033938503,100.0,0.1,0.10891752281766201,8.917522817662004,8.708605294844341,8.699905389454887,639.5668162248749,748.3754215197192,CLOSED
299,V5_24H_SCORE_GE_70,ARB/USDT,2026-08-19T04:00:00+00:00,2026-08-20T04:00:00+00:00,0.0757,0.0878,84.0,84.0,1321.003963011889,100.0,0.1,0.11598414795244387,15.984147952443863,15.768163804491419,15.75241139309832,448.07542151971916,563.9435853242105,CLOSED
300,V5_24H_SCORE_GE_70,MUBARAK/USDT,2026-08-19T04:00:00+00:00,2026-08-20T04:00:00+00:00,0.01709,0.02024,77.0,63.0,5851.375073142188,100.0,0.1,0.11843183148039789,18.43183148039789,18.21339964891749,18.19520444447302,563.9435853242105,682.256984973128,CLOSED
301,V5_24H_SCORE_GE_70,ENA/USDT,2026-08-19T04:00:00+00:00,2026-08-20T04:00:00+00:00,0.0839,0.0929,76.0,71.0,1191.8951132300358,100.0,0.1,0.11072705601907032,10.727056019070318,10.516328963051247,10.505823139911337,682.256984973128,792.8733139361793,CLOSED
298,V5_24H_SCORE_GE_70,TREE/USDT,2026-08-19T03:00:00+00:00,2026-08-20T06:00:00+00:00,0.0337,0.038,79.0,76.0,2967.359050445104,100.0,0.1,0.11275964391691394,12.759643916913944,12.546884272997032,12.53434992307396,692.7733139361793,805.4201982091763,CLOSED
305,V5_24H_SCORE_GE_70,FET/USDT,2026-08-19T16:00:00+00:00,2026-08-20T19:00:00+00:00,0.1252,0.1408,89.0,89.0,798.7220447284344,100.0,0.1,0.11246006389776357,12.460063897763575,12.247603833865812,12.235368465400413,505.12019820917624,617.4678020430421,CLOSED
297,V5_24H_SCORE_GE_70,ONG/USDT,2026-08-19T03:00:00+00:00,2026-08-20T20:00:00+00:00,0.05848,0.17155,84.0,84.0,1709.9863201094392,100.0,0.1,0.2933481532147743,193.3481532147743,192.95480506155954,192.76204301854102,517.367802043042,810.4226071046016,CLOSED
307,V5_24H_SCORE_GE_70,PUMP/USDT,2026-08-20T04:00:00+00:00,2026-08-21T04:00:00+00:00,0.003226,0.003902,72.0,67.0,30998.140111593304,100.0,0.1,0.12095474271543707,20.954742715437078,20.73378797272164,20.713074897823816,710.3226071046016,831.1563950773233,CLOSED
308,V5_24H_SCORE_GE_70,ADA/USDT,2026-08-20T08:00:00+00:00,2026-08-21T08:00:00+00:00,0.1898,0.218,72.0,67.0,526.8703898840885,100.0,0.1,0.1148577449947313,14.857744994731291,14.64288724973656,14.628258990745815,731.0563950773233,845.7992823270598,CLOSED
309,V5_24H_SCORE_GE_70,ENA/USDT,2026-08-20T08:00:00+00:00,2026-08-21T08:00:00+00:00,0.097,0.1419,70.0,70.0,1030.9278350515463,100.0,0.1,0.14628865979381442,46.28865979381442,46.042371134020605,45.99637475926135,845.7992823270598,991.9416534610805,CLOSED
310,V5_24H_SCORE_GE_70,XPL/USDT,2026-08-20T08:00:00+00:00,2026-08-21T08:00:00+00:00,0.08319,0.1001,70.0,70.0,1202.0675561966582,100.0,0.1,0.12032696237528548,20.326962375285476,20.10663541291019,20.086548864046144,991.9416534610805,1112.1482888739906,CLOSED
311,V5_24H_SCORE_GE_70,WLD/USDT,2026-08-20T19:00:00+00:00,2026-08-21T19:00:00+00:00,0.3663,0.3828,70.0,65.0,273.000273000273,100.0,0.1,0.10450450450450449,4.504504504504496,4.299999999999992,4.2957042957042875,811.8482888739906,916.2482888739905,CLOSED
312,V5_24H_SCORE_GE_70,TAO/USDT,2026-08-20T23:00:00+00:00,2026-08-21T23:00:00+00:00,214.9,229.9,72.0,67.0,0.4653327128897161,100.0,0.1,0.10697999069334574,6.979990693345741,6.773010702652395,6.766244458194201,916.2482888739905,1023.121299576643,CLOSED
