csv_row,scenario,symbol,side,entry_time,exit_time,entry_price,exit_price,price_return_pct,return_pct,implicit_cost_pp,pnl,classification
75,S72_SL4_TP8,USDE/USDT,-,2026-07-26T16:00:00+00:00,2026-07-27T16:00:00+00:00,1.0009,1.0009,0.0,-0.2,0.2,-2.0,COST_ONLY_CANDIDATE
93,S72_SL4_TP8,XUSD/USDT,-,2026-07-28T01:00:00+00:00,2026-07-29T01:00:00+00:00,1.0012,1.0012,0.0,-0.2,0.2,-2.0,COST_ONLY_CANDIDATE
233,S72_SL4_TP8,GPS/USDT,-,2026-08-07T18:00:00+00:00,2026-08-08T18:00:00+00:00,0.00991,0.00991,0.0,-0.2,0.2,-2.0,COST_ONLY_CANDIDATE
250,S72_SL4_TP8,TREE/USDT,-,2026-08-09T04:00:00+00:00,2026-08-10T04:00:00+00:00,0.0377,0.0377,0.0,-0.2,0.2,-2.0,COST_ONLY_CANDIDATE
349,S72_SL4_TP8,RLUSD/USDT,-,2026-08-16T12:00:00+00:00,2026-08-17T12:00:00+00:00,1.0012,1.0012,0.0,-0.2,0.2,-2.0,COST_ONLY_CANDIDATE
471,S72_SL4_TP10,USDE/USDT,-,2026-07-26T16:00:00+00:00,2026-07-27T16:00:00+00:00,1.0009,1.0009,0.0,-0.2,0.2,-2.0,COST_ONLY_CANDIDATE
489,S72_SL4_TP10,XUSD/USDT,-,2026-07-28T01:00:00+00:00,2026-07-29T01:00:00+00:00,1.0012,1.0012,0.0,-0.2,0.2,-2.0,COST_ONLY_CANDIDATE
704,S72_SL4_TP10,USDC/USDT,-,2026-08-14T04:00:00+00:00,2026-08-15T04:00:00+00:00,1.00088,1.00088,0.0,-0.2,0.2,-2.0,COST_ONLY_CANDIDATE
844,S72_SL4_TP12,USDE/USDT,-,2026-07-26T16:00:00+00:00,2026-07-27T16:00:00+00:00,1.0009,1.0009,0.0,-0.2,0.2,-2.0,COST_ONLY_CANDIDATE
862,S72_SL4_TP12,XUSD/USDT,-,2026-07-28T01:00:00+00:00,2026-07-29T01:00:00+00:00,1.0012,1.0012,0.0,-0.2,0.2,-2.0,COST_ONLY_CANDIDATE
993,S72_SL4_TP12,GPS/USDT,-,2026-08-07T18:00:00+00:00,2026-08-08T18:00:00+00:00,0.00991,0.00991,0.0,-0.2,0.2,-2.0,COST_ONLY_CANDIDATE
1073,S72_SL4_TP12,USDC/USDT,-,2026-08-14T04:00:00+00:00,2026-08-15T04:00:00+00:00,1.00088,1.00088,0.0,-0.2,0.2,-2.0,COST_ONLY_CANDIDATE
1077,S72_SL4_TP12,U/USDT,-,2026-08-14T09:00:00+00:00,2026-08-15T09:00:00+00:00,1.0005,1.0005,0.0,-0.2,0.2,-2.0,COST_ONLY_CANDIDATE
1104,S72_SL4_TP12,RLUSD/USDT,-,2026-08-16T12:00:00+00:00,2026-08-17T12:00:00+00:00,1.0012,1.0012,0.0,-0.2,0.2,-2.0,COST_ONLY_CANDIDATE
1219,S72_SL4_TP15,USDE/USDT,-,2026-07-26T16:00:00+00:00,2026-07-27T16:00:00+00:00,1.0009,1.0009,0.0,-0.2,0.2,-2.0,COST_ONLY_CANDIDATE
1237,S72_SL4_TP15,XUSD/USDT,-,2026-07-28T01:00:00+00:00,2026-07-29T01:00:00+00:00,1.0012,1.0012,0.0,-0.2,0.2,-2.0,COST_ONLY_CANDIDATE
1441,S72_SL4_TP15,USDC/USDT,-,2026-08-14T04:00:00+00:00,2026-08-15T04:00:00+00:00,1.00088,1.00088,0.0,-0.2,0.2,-2.0,COST_ONLY_CANDIDATE
1443,S72_SL4_TP15,U/USDT,-,2026-08-14T09:00:00+00:00,2026-08-15T09:00:00+00:00,1.0005,1.0005,0.0,-0.2,0.2,-2.0,COST_ONLY_CANDIDATE
1472,S72_SL4_TP15,RLUSD/USDT,-,2026-08-16T12:00:00+00:00,2026-08-17T12:00:00+00:00,1.0012,1.0012,0.0,-0.2,0.2,-2.0,COST_ONLY_CANDIDATE
1587,S72_SL5_TP8,USDE/USDT,-,2026-07-26T16:00:00+00:00,2026-07-27T16:00:00+00:00,1.0009,1.0009,0.0,-0.2,0.2,-2.0,COST_ONLY_CANDIDATE
1605,S72_SL5_TP8,XUSD/USDT,-,2026-07-28T01:00:00+00:00,2026-07-29T01:00:00+00:00,1.0012,1.0012,0.0,-0.2,0.2,-2.0,COST_ONLY_CANDIDATE
1731,S72_SL5_TP8,TREE/USDT,-,2026-08-07T04:00:00+00:00,2026-08-08T04:00:00+00:00,0.0359,0.0359,0.0,-0.2,0.2,-2.0,COST_ONLY_CANDIDATE
1840,S72_SL5_TP8,U/USDT,-,2026-08-16T01:00:00+00:00,2026-08-17T01:00:00+00:00,1.0005,1.0005,0.0,-0.2,0.2,-2.0,COST_ONLY_CANDIDATE
1958,S72_SL5_TP10,USDE/USDT,-,2026-07-26T16:00:00+00:00,2026-07-27T16:00:00+00:00,1.0009,1.0009,0.0,-0.2,0.2,-2.0,COST_ONLY_CANDIDATE
2160,S72_SL5_TP10,RLUSD/USDT,-,2026-08-12T18:00:00+00:00,2026-08-13T18:00:00+00:00,1.0011,1.0011,0.0,-0.2,0.2,-2.0,COST_ONLY_CANDIDATE
2182,S72_SL5_TP10,U/USDT,-,2026-08-14T09:00:00+00:00,2026-08-15T09:00:00+00:00,1.0005,1.0005,0.0,-0.2,0.2,-2.0,COST_ONLY_CANDIDATE
2208,S72_SL5_TP10,RLUSD/USDT,-,2026-08-16T12:00:00+00:00,2026-08-17T12:00:00+00:00,1.0012,1.0012,0.0,-0.2,0.2,-2.0,COST_ONLY_CANDIDATE
2319,S72_SL5_TP12,USDE/USDT,-,2026-07-26T16:00:00+00:00,2026-07-27T16:00:00+00:00,1.0009,1.0009,0.0,-0.2,0.2,-2.0,COST_ONLY_CANDIDATE
2541,S72_SL5_TP12,U/USDT,-,2026-08-14T09:00:00+00:00,2026-08-15T09:00:00+00:00,1.0005,1.0005,0.0,-0.2,0.2,-2.0,COST_ONLY_CANDIDATE
2566,S72_SL5_TP12,U/USDT,-,2026-08-16T01:00:00+00:00,2026-08-17T01:00:00+00:00,1.0005,1.0005,0.0,-0.2,0.2,-2.0,COST_ONLY_CANDIDATE
2674,S72_SL5_TP15,USDE/USDT,-,2026-07-26T16:00:00+00:00,2026-07-27T16:00:00+00:00,1.0009,1.0009,0.0,-0.2,0.2,-2.0,COST_ONLY_CANDIDATE
2874,S72_SL5_TP15,RLUSD/USDT,-,2026-08-12T18:00:00+00:00,2026-08-13T18:00:00+00:00,1.0011,1.0011,0.0,-0.2,0.2,-2.0,COST_ONLY_CANDIDATE
2894,S72_SL5_TP15,U/USDT,-,2026-08-14T09:00:00+00:00,2026-08-15T09:00:00+00:00,1.0005,1.0005,0.0,-0.2,0.2,-2.0,COST_ONLY_CANDIDATE
3026,S72_SL6_TP8,USDE/USDT,-,2026-07-26T16:00:00+00:00,2026-07-27T16:00:00+00:00,1.0009,1.0009,0.0,-0.2,0.2,-2.0,COST_ONLY_CANDIDATE
3044,S72_SL6_TP8,XUSD/USDT,-,2026-07-28T01:00:00+00:00,2026-07-29T01:00:00+00:00,1.0012,1.0012,0.0,-0.2,0.2,-2.0,COST_ONLY_CANDIDATE
3188,S72_SL6_TP8,TREE/USDT,-,2026-08-09T04:00:00+00:00,2026-08-10T04:00:00+00:00,0.0377,0.0377,0.0,-0.2,0.2,-2.0,COST_ONLY_CANDIDATE
3246,S72_SL6_TP8,USDC/USDT,-,2026-08-14T04:00:00+00:00,2026-08-15T04:00:00+00:00,1.00088,1.00088,0.0,-0.2,0.2,-2.0,COST_ONLY_CANDIDATE
3270,S72_SL6_TP8,U/USDT,-,2026-08-16T01:00:00+00:00,2026-08-17T01:00:00+00:00,1.0005,1.0005,0.0,-0.2,0.2,-2.0,COST_ONLY_CANDIDATE
3277,S72_SL6_TP8,RLUSD/USDT,-,2026-08-16T12:00:00+00:00,2026-08-17T12:00:00+00:00,1.0012,1.0012,0.0,-0.2,0.2,-2.0,COST_ONLY_CANDIDATE
3391,S72_SL6_TP10,USDE/USDT,-,2026-07-26T16:00:00+00:00,2026-07-27T16:00:00+00:00,1.0009,1.0009,0.0,-0.2,0.2,-2.0,COST_ONLY_CANDIDATE
3611,S72_SL6_TP10,U/USDT,-,2026-08-14T09:00:00+00:00,2026-08-15T09:00:00+00:00,1.0005,1.0005,0.0,-0.2,0.2,-2.0,COST_ONLY_CANDIDATE
3631,S72_SL6_TP10,U/USDT,-,2026-08-16T01:00:00+00:00,2026-08-17T01:00:00+00:00,1.0005,1.0005,0.0,-0.2,0.2,-2.0,COST_ONLY_CANDIDATE
3636,S72_SL6_TP10,RLUSD/USDT,-,2026-08-16T12:00:00+00:00,2026-08-17T12:00:00+00:00,1.0012,1.0012,0.0,-0.2,0.2,-2.0,COST_ONLY_CANDIDATE
3742,S72_SL6_TP12,USDE/USDT,-,2026-07-26T16:00:00+00:00,2026-07-27T16:00:00+00:00,1.0009,1.0009,0.0,-0.2,0.2,-2.0,COST_ONLY_CANDIDATE
3957,S72_SL6_TP12,USDC/USDT,-,2026-08-14T04:00:00+00:00,2026-08-15T04:00:00+00:00,1.00088,1.00088,0.0,-0.2,0.2,-2.0,COST_ONLY_CANDIDATE
3960,S72_SL6_TP12,U/USDT,-,2026-08-14T09:00:00+00:00,2026-08-15T09:00:00+00:00,1.0005,1.0005,0.0,-0.2,0.2,-2.0,COST_ONLY_CANDIDATE
3982,S72_SL6_TP12,U/USDT,-,2026-08-16T01:00:00+00:00,2026-08-17T01:00:00+00:00,1.0005,1.0005,0.0,-0.2,0.2,-2.0,COST_ONLY_CANDIDATE
3984,S72_SL6_TP12,RLUSD/USDT,-,2026-08-16T12:00:00+00:00,2026-08-17T12:00:00+00:00,1.0012,1.0012,0.0,-0.2,0.2,-2.0,COST_ONLY_CANDIDATE
4095,S72_SL6_TP15,USDE/USDT,-,2026-07-26T16:00:00+00:00,2026-07-27T16:00:00+00:00,1.0009,1.0009,0.0,-0.2,0.2,-2.0,COST_ONLY_CANDIDATE
4293,S72_SL6_TP15,RLUSD/USDT,-,2026-08-12T18:00:00+00:00,2026-08-13T18:00:00+00:00,1.0011,1.0011,0.0,-0.2,0.2,-2.0,COST_ONLY_CANDIDATE
4312,S72_SL6_TP15,U/USDT,-,2026-08-14T09:00:00+00:00,2026-08-15T09:00:00+00:00,1.0005,1.0005,0.0,-0.2,0.2,-2.0,COST_ONLY_CANDIDATE
4331,S72_SL6_TP15,U/USDT,-,2026-08-16T01:00:00+00:00,2026-08-17T01:00:00+00:00,1.0005,1.0005,0.0,-0.2,0.2,-2.0,COST_ONLY_CANDIDATE
4426,S75_SL4_TP8,USDE/USDT,-,2026-07-26T16:00:00+00:00,2026-07-27T16:00:00+00:00,1.0009,1.0009,0.0,-0.2,0.2,-2.0,COST_ONLY_CANDIDATE
4655,S75_SL4_TP8,U/USDT,-,2026-08-14T09:00:00+00:00,2026-08-15T09:00:00+00:00,1.0005,1.0005,0.0,-0.2,0.2,-2.0,COST_ONLY_CANDIDATE
4682,S75_SL4_TP8,RLUSD/USDT,-,2026-08-16T12:00:00+00:00,2026-08-17T12:00:00+00:00,1.0012,1.0012,0.0,-0.2,0.2,-2.0,COST_ONLY_CANDIDATE
4783,S75_SL4_TP10,USDE/USDT,-,2026-07-26T16:00:00+00:00,2026-07-27T16:00:00+00:00,1.0009,1.0009,0.0,-0.2,0.2,-2.0,COST_ONLY_CANDIDATE
4817,S75_SL4_TP10,RLUSD/USDT,-,2026-07-29T12:00:00+00:00,2026-07-30T12:00:00+00:00,1.0013,1.0013,0.0,-0.2,0.2,-2.0,COST_ONLY_CANDIDATE
4925,S75_SL4_TP10,ALPINE/USDT,-,2026-08-07T07:00:00+00:00,2026-08-08T07:00:00+00:00,0.321,0.321,0.0,-0.2,0.2,-2.0,COST_ONLY_CANDIDATE
5128,S75_SL4_TP12,USDE/USDT,-,2026-07-26T16:00:00+00:00,2026-07-27T16:00:00+00:00,1.0009,1.0009,0.0,-0.2,0.2,-2.0,COST_ONLY_CANDIDATE
5161,S75_SL4_TP12,RLUSD/USDT,-,2026-07-29T12:00:00+00:00,2026-07-30T12:00:00+00:00,1.0013,1.0013,0.0,-0.2,0.2,-2.0,COST_ONLY_CANDIDATE
5358,S75_SL4_TP12,U/USDT,-,2026-08-14T09:00:00+00:00,2026-08-15T09:00:00+00:00,1.0005,1.0005,0.0,-0.2,0.2,-2.0,COST_ONLY_CANDIDATE
5385,S75_SL4_TP12,RLUSD/USDT,-,2026-08-16T12:00:00+00:00,2026-08-17T12:00:00+00:00,1.0012,1.0012,0.0,-0.2,0.2,-2.0,COST_ONLY_CANDIDATE
5478,S75_SL4_TP15,USDE/USDT,-,2026-07-26T16:00:00+00:00,2026-07-27T16:00:00+00:00,1.0009,1.0009,0.0,-0.2,0.2,-2.0,COST_ONLY_CANDIDATE
5510,S75_SL4_TP15,RLUSD/USDT,-,2026-07-29T12:00:00+00:00,2026-07-30T12:00:00+00:00,1.0013,1.0013,0.0,-0.2,0.2,-2.0,COST_ONLY_CANDIDATE
5679,S75_SL4_TP15,RLUSD/USDT,-,2026-08-12T18:00:00+00:00,2026-08-13T18:00:00+00:00,1.0011,1.0011,0.0,-0.2,0.2,-2.0,COST_ONLY_CANDIDATE
5695,S75_SL4_TP15,USDC/USDT,-,2026-08-14T04:00:00+00:00,2026-08-15T04:00:00+00:00,1.00088,1.00088,0.0,-0.2,0.2,-2.0,COST_ONLY_CANDIDATE
5697,S75_SL4_TP15,U/USDT,-,2026-08-14T09:00:00+00:00,2026-08-15T09:00:00+00:00,1.0005,1.0005,0.0,-0.2,0.2,-2.0,COST_ONLY_CANDIDATE
5722,S75_SL4_TP15,RLUSD/USDT,-,2026-08-16T12:00:00+00:00,2026-08-17T12:00:00+00:00,1.0012,1.0012,0.0,-0.2,0.2,-2.0,COST_ONLY_CANDIDATE
5816,S75_SL5_TP8,USDE/USDT,-,2026-07-26T16:00:00+00:00,2026-07-27T16:00:00+00:00,1.0009,1.0009,0.0,-0.2,0.2,-2.0,COST_ONLY_CANDIDATE
5953,S75_SL5_TP8,TREE/USDT,-,2026-08-07T04:00:00+00:00,2026-08-08T04:00:00+00:00,0.0359,0.0359,0.0,-0.2,0.2,-2.0,COST_ONLY_CANDIDATE
5960,S75_SL5_TP8,GPS/USDT,-,2026-08-07T18:00:00+00:00,2026-08-08T18:00:00+00:00,0.00991,0.00991,0.0,-0.2,0.2,-2.0,COST_ONLY_CANDIDATE
6019,S75_SL5_TP8,RLUSD/USDT,-,2026-08-12T18:00:00+00:00,2026-08-13T18:00:00+00:00,1.0011,1.0011,0.0,-0.2,0.2,-2.0,COST_ONLY_CANDIDATE
6035,S75_SL5_TP8,USDC/USDT,-,2026-08-14T04:00:00+00:00,2026-08-15T04:00:00+00:00,1.00088,1.00088,0.0,-0.2,0.2,-2.0,COST_ONLY_CANDIDATE
6039,S75_SL5_TP8,U/USDT,-,2026-08-14T09:00:00+00:00,2026-08-15T09:00:00+00:00,1.0005,1.0005,0.0,-0.2,0.2,-2.0,COST_ONLY_CANDIDATE
6162,S75_SL5_TP10,USDE/USDT,-,2026-07-26T16:00:00+00:00,2026-07-27T16:00:00+00:00,1.0009,1.0009,0.0,-0.2,0.2,-2.0,COST_ONLY_CANDIDATE
6368,S75_SL5_TP10,RLUSD/USDT,-,2026-08-12T18:00:00+00:00,2026-08-13T18:00:00+00:00,1.0011,1.0011,0.0,-0.2,0.2,-2.0,COST_ONLY_CANDIDATE
6384,S75_SL5_TP10,USDC/USDT,-,2026-08-14T04:00:00+00:00,2026-08-15T04:00:00+00:00,1.00088,1.00088,0.0,-0.2,0.2,-2.0,COST_ONLY_CANDIDATE
6389,S75_SL5_TP10,U/USDT,-,2026-08-14T09:00:00+00:00,2026-08-15T09:00:00+00:00,1.0005,1.0005,0.0,-0.2,0.2,-2.0,COST_ONLY_CANDIDATE
6415,S75_SL5_TP10,RLUSD/USDT,-,2026-08-16T12:00:00+00:00,2026-08-17T12:00:00+00:00,1.0012,1.0012,0.0,-0.2,0.2,-2.0,COST_ONLY_CANDIDATE
6506,S75_SL5_TP12,USDE/USDT,-,2026-07-26T16:00:00+00:00,2026-07-27T16:00:00+00:00,1.0009,1.0009,0.0,-0.2,0.2,-2.0,COST_ONLY_CANDIDATE
6755,S75_SL5_TP12,RLUSD/USDT,-,2026-08-16T12:00:00+00:00,2026-08-17T12:00:00+00:00,1.0012,1.0012,0.0,-0.2,0.2,-2.0,COST_ONLY_CANDIDATE
6847,S75_SL5_TP15,USDE/USDT,-,2026-07-26T16:00:00+00:00,2026-07-27T16:00:00+00:00,1.0009,1.0009,0.0,-0.2,0.2,-2.0,COST_ONLY_CANDIDATE
7000,S75_SL5_TP15,PEPE/USDT,-,2026-08-08T16:00:00+00:00,2026-08-09T16:00:00+00:00,2.89e-06,2.89e-06,0.0,-0.2,0.2,-2.0,COST_ONLY_CANDIDATE
7064,S75_SL5_TP15,USDC/USDT,-,2026-08-14T04:00:00+00:00,2026-08-15T04:00:00+00:00,1.00088,1.00088,0.0,-0.2,0.2,-2.0,COST_ONLY_CANDIDATE
7067,S75_SL5_TP15,U/USDT,-,2026-08-14T09:00:00+00:00,2026-08-15T09:00:00+00:00,1.0005,1.0005,0.0,-0.2,0.2,-2.0,COST_ONLY_CANDIDATE
7182,S75_SL6_TP8,USDE/USDT,-,2026-07-26T16:00:00+00:00,2026-07-27T16:00:00+00:00,1.0009,1.0009,0.0,-0.2,0.2,-2.0,COST_ONLY_CANDIDATE
7404,S75_SL6_TP8,U/USDT,-,2026-08-14T09:00:00+00:00,2026-08-15T09:00:00+00:00,1.0005,1.0005,0.0,-0.2,0.2,-2.0,COST_ONLY_CANDIDATE
7524,S75_SL6_TP10,USDE/USDT,-,2026-07-26T16:00:00+00:00,2026-07-27T16:00:00+00:00,1.0009,1.0009,0.0,-0.2,0.2,-2.0,COST_ONLY_CANDIDATE
7742,S75_SL6_TP10,USDC/USDT,-,2026-08-14T04:00:00+00:00,2026-08-15T04:00:00+00:00,1.00088,1.00088,0.0,-0.2,0.2,-2.0,COST_ONLY_CANDIDATE
7745,S75_SL6_TP10,U/USDT,-,2026-08-14T09:00:00+00:00,2026-08-15T09:00:00+00:00,1.0005,1.0005,0.0,-0.2,0.2,-2.0,COST_ONLY_CANDIDATE
7765,S75_SL6_TP10,U/USDT,-,2026-08-16T01:00:00+00:00,2026-08-17T01:00:00+00:00,1.0005,1.0005,0.0,-0.2,0.2,-2.0,COST_ONLY_CANDIDATE
7858,S75_SL6_TP12,USDE/USDT,-,2026-07-26T16:00:00+00:00,2026-07-27T16:00:00+00:00,1.0009,1.0009,0.0,-0.2,0.2,-2.0,COST_ONLY_CANDIDATE
8072,S75_SL6_TP12,USDC/USDT,-,2026-08-14T04:00:00+00:00,2026-08-15T04:00:00+00:00,1.00088,1.00088,0.0,-0.2,0.2,-2.0,COST_ONLY_CANDIDATE
8075,S75_SL6_TP12,U/USDT,-,2026-08-14T09:00:00+00:00,2026-08-15T09:00:00+00:00,1.0005,1.0005,0.0,-0.2,0.2,-2.0,COST_ONLY_CANDIDATE
8095,S75_SL6_TP12,U/USDT,-,2026-08-16T01:00:00+00:00,2026-08-17T01:00:00+00:00,1.0005,1.0005,0.0,-0.2,0.2,-2.0,COST_ONLY_CANDIDATE
8188,S75_SL6_TP15,USDE/USDT,-,2026-07-26T16:00:00+00:00,2026-07-27T16:00:00+00:00,1.0009,1.0009,0.0,-0.2,0.2,-2.0,COST_ONLY_CANDIDATE
8474,S78_SL4_TP8,USDE/USDT,-,2026-07-26T16:00:00+00:00,2026-07-27T16:00:00+00:00,1.0009,1.0009,0.0,-0.2,0.2,-2.0,COST_ONLY_CANDIDATE
8642,S78_SL4_TP8,PEPE/USDT,-,2026-08-08T11:00:00+00:00,2026-08-09T11:00:00+00:00,2.87e-06,2.87e-06,0.0,-0.2,0.2,-2.0,COST_ONLY_CANDIDATE
8712,S78_SL4_TP8,U/USDT,-,2026-08-14T06:00:00+00:00,2026-08-15T06:00:00+00:00,1.0003,1.0003,0.0,-0.2,0.2,-2.0,COST_ONLY_CANDIDATE
8787,S78_SL4_TP10,USDE/USDT,-,2026-07-26T16:00:00+00:00,2026-07-27T16:00:00+00:00,1.0009,1.0009,0.0,-0.2,0.2,-2.0,COST_ONLY_CANDIDATE
8941,S78_SL4_TP10,GPS/USDT,-,2026-08-07T18:00:00+00:00,2026-08-08T18:00:00+00:00,0.00991,0.00991,0.0,-0.2,0.2,-2.0,COST_ONLY_CANDIDATE
9020,S78_SL4_TP10,XUSD/USDT,-,2026-08-14T02:00:00+00:00,2026-08-15T02:00:00+00:00,1.0013,1.0013,0.0,-0.2,0.2,-2.0,COST_ONLY_CANDIDATE
9021,S78_SL4_TP10,USDC/USDT,-,2026-08-14T04:00:00+00:00,2026-08-15T04:00:00+00:00,1.00088,1.00088,0.0,-0.2,0.2,-2.0,COST_ONLY_CANDIDATE
9088,S78_SL4_TP12,USDE/USDT,-,2026-07-26T16:00:00+00:00,2026-07-27T16:00:00+00:00,1.0009,1.0009,0.0,-0.2,0.2,-2.0,COST_ONLY_CANDIDATE
9320,S78_SL4_TP12,U/USDT,-,2026-08-14T09:00:00+00:00,2026-08-15T09:00:00+00:00,1.0005,1.0005,0.0,-0.2,0.2,-2.0,COST_ONLY_CANDIDATE
9388,S78_SL4_TP15,USDE/USDT,-,2026-07-26T16:00:00+00:00,2026-07-27T16:00:00+00:00,1.0009,1.0009,0.0,-0.2,0.2,-2.0,COST_ONLY_CANDIDATE
9614,S78_SL4_TP15,XUSD/USDT,-,2026-08-14T10:00:00+00:00,2026-08-15T10:00:00+00:00,1.0011,1.0011,0.0,-0.2,0.2,-2.0,COST_ONLY_CANDIDATE
9679,S78_SL5_TP8,USDE/USDT,-,2026-07-26T16:00:00+00:00,2026-07-27T16:00:00+00:00,1.0009,1.0009,0.0,-0.2,0.2,-2.0,COST_ONLY_CANDIDATE
9700,S78_SL5_TP8,U/USDT,-,2026-07-28T13:00:00+00:00,2026-07-29T13:00:00+00:00,1.0008,1.0008,0.0,-0.2,0.2,-2.0,COST_ONLY_CANDIDATE
9901,S78_SL5_TP8,USDC/USDT,-,2026-08-14T04:00:00+00:00,2026-08-15T04:00:00+00:00,1.00088,1.00088,0.0,-0.2,0.2,-2.0,COST_ONLY_CANDIDATE
9906,S78_SL5_TP8,U/USDT,-,2026-08-14T10:00:00+00:00,2026-08-15T10:00:00+00:00,1.0006,1.0006,0.0,-0.2,0.2,-2.0,COST_ONLY_CANDIDATE
9978,S78_SL5_TP10,USDE/USDT,-,2026-07-26T16:00:00+00:00,2026-07-27T16:00:00+00:00,1.0009,1.0009,0.0,-0.2,0.2,-2.0,COST_ONLY_CANDIDATE
9999,S78_SL5_TP10,U/USDT,-,2026-07-28T13:00:00+00:00,2026-07-29T13:00:00+00:00,1.0008,1.0008,0.0,-0.2,0.2,-2.0,COST_ONLY_CANDIDATE
10202,S78_SL5_TP10,USDC/USDT,-,2026-08-14T04:00:00+00:00,2026-08-15T04:00:00+00:00,1.00088,1.00088,0.0,-0.2,0.2,-2.0,COST_ONLY_CANDIDATE
10206,S78_SL5_TP10,U/USDT,-,2026-08-14T09:00:00+00:00,2026-08-15T09:00:00+00:00,1.0005,1.0005,0.0,-0.2,0.2,-2.0,COST_ONLY_CANDIDATE
10231,S78_SL5_TP10,RLUSD/USDT,-,2026-08-16T12:00:00+00:00,2026-08-17T12:00:00+00:00,1.0012,1.0012,0.0,-0.2,0.2,-2.0,COST_ONLY_CANDIDATE
10272,S78_SL5_TP12,USDE/USDT,-,2026-07-26T16:00:00+00:00,2026-07-27T16:00:00+00:00,1.0009,1.0009,0.0,-0.2,0.2,-2.0,COST_ONLY_CANDIDATE
10293,S78_SL5_TP12,U/USDT,-,2026-07-28T13:00:00+00:00,2026-07-29T13:00:00+00:00,1.0008,1.0008,0.0,-0.2,0.2,-2.0,COST_ONLY_CANDIDATE
10493,S78_SL5_TP12,USDC/USDT,-,2026-08-14T04:00:00+00:00,2026-08-15T04:00:00+00:00,1.00088,1.00088,0.0,-0.2,0.2,-2.0,COST_ONLY_CANDIDATE
10498,S78_SL5_TP12,U/USDT,-,2026-08-14T09:00:00+00:00,2026-08-15T09:00:00+00:00,1.0005,1.0005,0.0,-0.2,0.2,-2.0,COST_ONLY_CANDIDATE
10522,S78_SL5_TP12,RLUSD/USDT,-,2026-08-16T12:00:00+00:00,2026-08-17T12:00:00+00:00,1.0012,1.0012,0.0,-0.2,0.2,-2.0,COST_ONLY_CANDIDATE
10561,S78_SL5_TP15,USDE/USDT,-,2026-07-26T16:00:00+00:00,2026-07-27T16:00:00+00:00,1.0009,1.0009,0.0,-0.2,0.2,-2.0,COST_ONLY_CANDIDATE
10582,S78_SL5_TP15,U/USDT,-,2026-07-28T13:00:00+00:00,2026-07-29T13:00:00+00:00,1.0008,1.0008,0.0,-0.2,0.2,-2.0,COST_ONLY_CANDIDATE
10714,S78_SL5_TP15,EURI/USDT,-,2026-08-09T00:00:00+00:00,2026-08-10T00:00:00+00:00,1.1559,1.1559,0.0,-0.2,0.2,-2.0,COST_ONLY_CANDIDATE
10776,S78_SL5_TP15,USDC/USDT,-,2026-08-14T04:00:00+00:00,2026-08-15T04:00:00+00:00,1.00088,1.00088,0.0,-0.2,0.2,-2.0,COST_ONLY_CANDIDATE
10779,S78_SL5_TP15,U/USDT,-,2026-08-14T09:00:00+00:00,2026-08-15T09:00:00+00:00,1.0005,1.0005,0.0,-0.2,0.2,-2.0,COST_ONLY_CANDIDATE
10801,S78_SL5_TP15,U/USDT,-,2026-08-16T01:00:00+00:00,2026-08-17T01:00:00+00:00,1.0005,1.0005,0.0,-0.2,0.2,-2.0,COST_ONLY_CANDIDATE
10805,S78_SL5_TP15,RLUSD/USDT,-,2026-08-16T12:00:00+00:00,2026-08-17T12:00:00+00:00,1.0012,1.0012,0.0,-0.2,0.2,-2.0,COST_ONLY_CANDIDATE
10845,S78_SL6_TP8,USDE/USDT,-,2026-07-26T16:00:00+00:00,2026-07-27T16:00:00+00:00,1.0009,1.0009,0.0,-0.2,0.2,-2.0,COST_ONLY_CANDIDATE
10985,S78_SL6_TP8,ALPINE/USDT,-,2026-08-07T07:00:00+00:00,2026-08-08T07:00:00+00:00,0.321,0.321,0.0,-0.2,0.2,-2.0,COST_ONLY_CANDIDATE
11066,S78_SL6_TP8,USDC/USDT,-,2026-08-14T04:00:00+00:00,2026-08-15T04:00:00+00:00,1.00088,1.00088,0.0,-0.2,0.2,-2.0,COST_ONLY_CANDIDATE
11068,S78_SL6_TP8,U/USDT,-,2026-08-14T09:00:00+00:00,2026-08-15T09:00:00+00:00,1.0005,1.0005,0.0,-0.2,0.2,-2.0,COST_ONLY_CANDIDATE
11137,S78_SL6_TP10,USDE/USDT,-,2026-07-26T16:00:00+00:00,2026-07-27T16:00:00+00:00,1.0009,1.0009,0.0,-0.2,0.2,-2.0,COST_ONLY_CANDIDATE
11360,S78_SL6_TP10,U/USDT,-,2026-08-14T09:00:00+00:00,2026-08-15T09:00:00+00:00,1.0005,1.0005,0.0,-0.2,0.2,-2.0,COST_ONLY_CANDIDATE
11361,S78_SL6_TP10,XUSD/USDT,-,2026-08-14T10:00:00+00:00,2026-08-15T10:00:00+00:00,1.0011,1.0011,0.0,-0.2,0.2,-2.0,COST_ONLY_CANDIDATE
11400,S78_SL6_TP10,BMT/USDT,-,2026-08-17T18:00:00+00:00,2026-08-18T18:00:00+00:00,0.01605,0.01605,0.0,-0.2,0.2,-2.0,COST_ONLY_CANDIDATE
11421,S78_SL6_TP12,USDE/USDT,-,2026-07-26T16:00:00+00:00,2026-07-27T16:00:00+00:00,1.0009,1.0009,0.0,-0.2,0.2,-2.0,COST_ONLY_CANDIDATE
11557,S78_SL6_TP12,ALPINE/USDT,-,2026-08-07T07:00:00+00:00,2026-08-08T07:00:00+00:00,0.321,0.321,0.0,-0.2,0.2,-2.0,COST_ONLY_CANDIDATE
11577,S78_SL6_TP12,KORUB/USDT,-,2026-08-08T22:00:00+00:00,2026-08-09T22:00:00+00:00,17.46,17.46,0.0,-0.2,0.2,-2.0,COST_ONLY_CANDIDATE
11636,S78_SL6_TP12,USDC/USDT,-,2026-08-14T04:00:00+00:00,2026-08-15T04:00:00+00:00,1.00088,1.00088,0.0,-0.2,0.2,-2.0,COST_ONLY_CANDIDATE
11638,S78_SL6_TP12,U/USDT,-,2026-08-14T09:00:00+00:00,2026-08-15T09:00:00+00:00,1.0005,1.0005,0.0,-0.2,0.2,-2.0,COST_ONLY_CANDIDATE
11661,S78_SL6_TP12,U/USDT,-,2026-08-16T01:00:00+00:00,2026-08-17T01:00:00+00:00,1.0005,1.0005,0.0,-0.2,0.2,-2.0,COST_ONLY_CANDIDATE
11703,S78_SL6_TP15,USDE/USDT,-,2026-07-26T16:00:00+00:00,2026-07-27T16:00:00+00:00,1.0009,1.0009,0.0,-0.2,0.2,-2.0,COST_ONLY_CANDIDATE
11833,S78_SL6_TP15,TREE/USDT,-,2026-08-07T04:00:00+00:00,2026-08-08T04:00:00+00:00,0.0359,0.0359,0.0,-0.2,0.2,-2.0,COST_ONLY_CANDIDATE
11856,S78_SL6_TP15,TREE/USDT,-,2026-08-09T04:00:00+00:00,2026-08-10T04:00:00+00:00,0.0377,0.0377,0.0,-0.2,0.2,-2.0,COST_ONLY_CANDIDATE
11911,S78_SL6_TP15,USDC/USDT,-,2026-08-14T04:00:00+00:00,2026-08-15T04:00:00+00:00,1.00088,1.00088,0.0,-0.2,0.2,-2.0,COST_ONLY_CANDIDATE
11933,S78_SL6_TP15,U/USDT,-,2026-08-16T01:00:00+00:00,2026-08-17T01:00:00+00:00,1.0005,1.0005,0.0,-0.2,0.2,-2.0,COST_ONLY_CANDIDATE
11937,S78_SL6_TP15,RLUSD/USDT,-,2026-08-16T12:00:00+00:00,2026-08-17T12:00:00+00:00,1.0012,1.0012,0.0,-0.2,0.2,-2.0,COST_ONLY_CANDIDATE
11977,S80_SL4_TP8,USDE/USDT,-,2026-07-26T16:00:00+00:00,2026-07-27T16:00:00+00:00,1.0009,1.0009,0.0,-0.2,0.2,-2.0,COST_ONLY_CANDIDATE
12133,S80_SL4_TP8,GPS/USDT,-,2026-08-07T18:00:00+00:00,2026-08-08T18:00:00+00:00,0.00991,0.00991,0.0,-0.2,0.2,-2.0,COST_ONLY_CANDIDATE
12210,S80_SL4_TP8,USDC/USDT,-,2026-08-14T04:00:00+00:00,2026-08-15T04:00:00+00:00,1.00088,1.00088,0.0,-0.2,0.2,-2.0,COST_ONLY_CANDIDATE
12242,S80_SL4_TP8,RLUSD/USDT,-,2026-08-16T12:00:00+00:00,2026-08-17T12:00:00+00:00,1.0012,1.0012,0.0,-0.2,0.2,-2.0,COST_ONLY_CANDIDATE
12290,S80_SL4_TP10,USDE/USDT,-,2026-07-26T16:00:00+00:00,2026-07-27T16:00:00+00:00,1.0009,1.0009,0.0,-0.2,0.2,-2.0,COST_ONLY_CANDIDATE
12443,S80_SL4_TP10,ALPINE/USDT,-,2026-08-07T07:00:00+00:00,2026-08-08T07:00:00+00:00,0.321,0.321,0.0,-0.2,0.2,-2.0,COST_ONLY_CANDIDATE
12511,S80_SL4_TP10,RLUSD/USDT,-,2026-08-12T18:00:00+00:00,2026-08-13T18:00:00+00:00,1.0011,1.0011,0.0,-0.2,0.2,-2.0,COST_ONLY_CANDIDATE
12529,S80_SL4_TP10,USDC/USDT,-,2026-08-14T04:00:00+00:00,2026-08-15T04:00:00+00:00,1.00088,1.00088,0.0,-0.2,0.2,-2.0,COST_ONLY_CANDIDATE
12597,S80_SL4_TP12,USDE/USDT,-,2026-07-26T16:00:00+00:00,2026-07-27T16:00:00+00:00,1.0009,1.0009,0.0,-0.2,0.2,-2.0,COST_ONLY_CANDIDATE
12762,S80_SL4_TP12,PLUME/USDT,-,2026-08-09T00:00:00+00:00,2026-08-10T00:00:00+00:00,0.012,0.012,0.0,-0.2,0.2,-2.0,COST_ONLY_CANDIDATE
12824,S80_SL4_TP12,USDC/USDT,-,2026-08-14T04:00:00+00:00,2026-08-15T04:00:00+00:00,1.00088,1.00088,0.0,-0.2,0.2,-2.0,COST_ONLY_CANDIDATE
12828,S80_SL4_TP12,U/USDT,-,2026-08-14T10:00:00+00:00,2026-08-15T10:00:00+00:00,1.0006,1.0006,0.0,-0.2,0.2,-2.0,COST_ONLY_CANDIDATE
12893,S80_SL4_TP15,USDE/USDT,-,2026-07-26T16:00:00+00:00,2026-07-27T16:00:00+00:00,1.0009,1.0009,0.0,-0.2,0.2,-2.0,COST_ONLY_CANDIDATE
13103,S80_SL4_TP15,RLUSD/USDT,-,2026-08-12T18:00:00+00:00,2026-08-13T18:00:00+00:00,1.0011,1.0011,0.0,-0.2,0.2,-2.0,COST_ONLY_CANDIDATE
13150,S80_SL4_TP15,RLUSD/USDT,-,2026-08-16T12:00:00+00:00,2026-08-17T12:00:00+00:00,1.0012,1.0012,0.0,-0.2,0.2,-2.0,COST_ONLY_CANDIDATE
13190,S80_SL5_TP8,USDE/USDT,-,2026-07-26T16:00:00+00:00,2026-07-27T16:00:00+00:00,1.0009,1.0009,0.0,-0.2,0.2,-2.0,COST_ONLY_CANDIDATE
13211,S80_SL5_TP8,U/USDT,-,2026-07-28T13:00:00+00:00,2026-07-29T13:00:00+00:00,1.0008,1.0008,0.0,-0.2,0.2,-2.0,COST_ONLY_CANDIDATE
13337,S80_SL5_TP8,ALPINE/USDT,-,2026-08-07T07:00:00+00:00,2026-08-08T07:00:00+00:00,0.321,0.321,0.0,-0.2,0.2,-2.0,COST_ONLY_CANDIDATE
13421,S80_SL5_TP8,USDC/USDT,-,2026-08-14T04:00:00+00:00,2026-08-15T04:00:00+00:00,1.00088,1.00088,0.0,-0.2,0.2,-2.0,COST_ONLY_CANDIDATE
13493,S80_SL5_TP10,USDE/USDT,-,2026-07-26T16:00:00+00:00,2026-07-27T16:00:00+00:00,1.0009,1.0009,0.0,-0.2,0.2,-2.0,COST_ONLY_CANDIDATE
13514,S80_SL5_TP10,U/USDT,-,2026-07-28T13:00:00+00:00,2026-07-29T13:00:00+00:00,1.0008,1.0008,0.0,-0.2,0.2,-2.0,COST_ONLY_CANDIDATE
13682,S80_SL5_TP10,WLD/USDT,-,2026-08-11T01:00:00+00:00,2026-08-12T01:00:00+00:00,0.3406,0.3406,0.0,-0.2,0.2,-2.0,COST_ONLY_CANDIDATE
13719,S80_SL5_TP10,U/USDT,-,2026-08-14T09:00:00+00:00,2026-08-15T09:00:00+00:00,1.0005,1.0005,0.0,-0.2,0.2,-2.0,COST_ONLY_CANDIDATE
13741,S80_SL5_TP10,U/USDT,-,2026-08-16T01:00:00+00:00,2026-08-17T01:00:00+00:00,1.0005,1.0005,0.0,-0.2,0.2,-2.0,COST_ONLY_CANDIDATE
13783,S80_SL5_TP12,USDE/USDT,-,2026-07-26T16:00:00+00:00,2026-07-27T16:00:00+00:00,1.0009,1.0009,0.0,-0.2,0.2,-2.0,COST_ONLY_CANDIDATE
13804,S80_SL5_TP12,U/USDT,-,2026-07-28T13:00:00+00:00,2026-07-29T13:00:00+00:00,1.0008,1.0008,0.0,-0.2,0.2,-2.0,COST_ONLY_CANDIDATE
13921,S80_SL5_TP12,TREE/USDT,-,2026-08-07T04:00:00+00:00,2026-08-08T04:00:00+00:00,0.0359,0.0359,0.0,-0.2,0.2,-2.0,COST_ONLY_CANDIDATE
13922,S80_SL5_TP12,ALPINE/USDT,-,2026-08-07T07:00:00+00:00,2026-08-08T07:00:00+00:00,0.321,0.321,0.0,-0.2,0.2,-2.0,COST_ONLY_CANDIDATE
14072,S80_SL5_TP15,USDE/USDT,-,2026-07-26T16:00:00+00:00,2026-07-27T16:00:00+00:00,1.0009,1.0009,0.0,-0.2,0.2,-2.0,COST_ONLY_CANDIDATE
14093,S80_SL5_TP15,U/USDT,-,2026-07-28T13:00:00+00:00,2026-07-29T13:00:00+00:00,1.0008,1.0008,0.0,-0.2,0.2,-2.0,COST_ONLY_CANDIDATE
14272,S80_SL5_TP15,RLUSD/USDT,-,2026-08-12T18:00:00+00:00,2026-08-13T18:00:00+00:00,1.0011,1.0011,0.0,-0.2,0.2,-2.0,COST_ONLY_CANDIDATE
14312,S80_SL5_TP15,U/USDT,-,2026-08-16T01:00:00+00:00,2026-08-17T01:00:00+00:00,1.0005,1.0005,0.0,-0.2,0.2,-2.0,COST_ONLY_CANDIDATE
14352,S80_SL6_TP8,USDE/USDT,-,2026-07-26T16:00:00+00:00,2026-07-27T16:00:00+00:00,1.0009,1.0009,0.0,-0.2,0.2,-2.0,COST_ONLY_CANDIDATE
14537,S80_SL6_TP8,WLD/USDT,-,2026-08-11T01:00:00+00:00,2026-08-12T01:00:00+00:00,0.3406,0.3406,0.0,-0.2,0.2,-2.0,COST_ONLY_CANDIDATE
14575,S80_SL6_TP8,USDC/USDT,-,2026-08-14T04:00:00+00:00,2026-08-15T04:00:00+00:00,1.00088,1.00088,0.0,-0.2,0.2,-2.0,COST_ONLY_CANDIDATE
14577,S80_SL6_TP8,U/USDT,-,2026-08-14T09:00:00+00:00,2026-08-15T09:00:00+00:00,1.0005,1.0005,0.0,-0.2,0.2,-2.0,COST_ONLY_CANDIDATE
14597,S80_SL6_TP8,U/USDT,-,2026-08-16T01:00:00+00:00,2026-08-17T01:00:00+00:00,1.0005,1.0005,0.0,-0.2,0.2,-2.0,COST_ONLY_CANDIDATE
14601,S80_SL6_TP8,RLUSD/USDT,-,2026-08-16T12:00:00+00:00,2026-08-17T12:00:00+00:00,1.0012,1.0012,0.0,-0.2,0.2,-2.0,COST_ONLY_CANDIDATE
14646,S80_SL6_TP10,USDE/USDT,-,2026-07-26T16:00:00+00:00,2026-07-27T16:00:00+00:00,1.0009,1.0009,0.0,-0.2,0.2,-2.0,COST_ONLY_CANDIDATE
14859,S80_SL6_TP10,USDC/USDT,-,2026-08-14T04:00:00+00:00,2026-08-15T04:00:00+00:00,1.00088,1.00088,0.0,-0.2,0.2,-2.0,COST_ONLY_CANDIDATE
14882,S80_SL6_TP10,U/USDT,-,2026-08-16T01:00:00+00:00,2026-08-17T01:00:00+00:00,1.0005,1.0005,0.0,-0.2,0.2,-2.0,COST_ONLY_CANDIDATE
14925,S80_SL6_TP12,USDE/USDT,-,2026-07-26T16:00:00+00:00,2026-07-27T16:00:00+00:00,1.0009,1.0009,0.0,-0.2,0.2,-2.0,COST_ONLY_CANDIDATE
15167,S80_SL6_TP12,RLUSD/USDT,-,2026-08-16T12:00:00+00:00,2026-08-17T12:00:00+00:00,1.0012,1.0012,0.0,-0.2,0.2,-2.0,COST_ONLY_CANDIDATE
15206,S80_SL6_TP15,USDE/USDT,-,2026-07-26T16:00:00+00:00,2026-07-27T16:00:00+00:00,1.0009,1.0009,0.0,-0.2,0.2,-2.0,COST_ONLY_CANDIDATE
15337,S80_SL6_TP15,TREE/USDT,-,2026-08-07T04:00:00+00:00,2026-08-08T04:00:00+00:00,0.0359,0.0359,0.0,-0.2,0.2,-2.0,COST_ONLY_CANDIDATE
15349,S80_SL6_TP15,PEPE/USDT,-,2026-08-08T11:00:00+00:00,2026-08-09T11:00:00+00:00,2.87e-06,2.87e-06,0.0,-0.2,0.2,-2.0,COST_ONLY_CANDIDATE
15354,S80_SL6_TP15,PLUME/USDT,-,2026-08-09T00:00:00+00:00,2026-08-10T00:00:00+00:00,0.012,0.012,0.0,-0.2,0.2,-2.0,COST_ONLY_CANDIDATE
15415,S80_SL6_TP15,USDC/USDT,-,2026-08-14T04:00:00+00:00,2026-08-15T04:00:00+00:00,1.00088,1.00088,0.0,-0.2,0.2,-2.0,COST_ONLY_CANDIDATE
15437,S80_SL6_TP15,U/USDT,-,2026-08-16T01:00:00+00:00,2026-08-17T01:00:00+00:00,1.0005,1.0005,0.0,-0.2,0.2,-2.0,COST_ONLY_CANDIDATE
15441,S80_SL6_TP15,RLUSD/USDT,-,2026-08-16T12:00:00+00:00,2026-08-17T12:00:00+00:00,1.0012,1.0012,0.0,-0.2,0.2,-2.0,COST_ONLY_CANDIDATE
15482,S82_SL4_TP8,USDE/USDT,-,2026-07-26T16:00:00+00:00,2026-07-27T16:00:00+00:00,1.0009,1.0009,0.0,-0.2,0.2,-2.0,COST_ONLY_CANDIDATE
15630,S82_SL4_TP8,ALPINE/USDT,-,2026-08-07T07:00:00+00:00,2026-08-08T07:00:00+00:00,0.321,0.321,0.0,-0.2,0.2,-2.0,COST_ONLY_CANDIDATE
15719,S82_SL4_TP8,USDC/USDT,-,2026-08-14T04:00:00+00:00,2026-08-15T04:00:00+00:00,1.00088,1.00088,0.0,-0.2,0.2,-2.0,COST_ONLY_CANDIDATE
15722,S82_SL4_TP8,U/USDT,-,2026-08-14T09:00:00+00:00,2026-08-15T09:00:00+00:00,1.0005,1.0005,0.0,-0.2,0.2,-2.0,COST_ONLY_CANDIDATE
15749,S82_SL4_TP8,RLUSD/USDT,-,2026-08-16T12:00:00+00:00,2026-08-17T12:00:00+00:00,1.0012,1.0012,0.0,-0.2,0.2,-2.0,COST_ONLY_CANDIDATE
15794,S82_SL4_TP10,USDE/USDT,-,2026-07-26T16:00:00+00:00,2026-07-27T16:00:00+00:00,1.0009,1.0009,0.0,-0.2,0.2,-2.0,COST_ONLY_CANDIDATE
15965,S82_SL4_TP10,TREE/USDT,-,2026-08-09T03:00:00+00:00,2026-08-10T03:00:00+00:00,0.0375,0.0375,0.0,-0.2,0.2,-2.0,COST_ONLY_CANDIDATE
16024,S82_SL4_TP10,USDC/USDT,-,2026-08-14T04:00:00+00:00,2026-08-15T04:00:00+00:00,1.00088,1.00088,0.0,-0.2,0.2,-2.0,COST_ONLY_CANDIDATE
16050,S82_SL4_TP10,U/USDT,-,2026-08-16T01:00:00+00:00,2026-08-17T01:00:00+00:00,1.0005,1.0005,0.0,-0.2,0.2,-2.0,COST_ONLY_CANDIDATE
16054,S82_SL4_TP10,RLUSD/USDT,-,2026-08-16T12:00:00+00:00,2026-08-17T12:00:00+00:00,1.0012,1.0012,0.0,-0.2,0.2,-2.0,COST_ONLY_CANDIDATE
16098,S82_SL4_TP12,USDE/USDT,-,2026-07-26T16:00:00+00:00,2026-07-27T16:00:00+00:00,1.0009,1.0009,0.0,-0.2,0.2,-2.0,COST_ONLY_CANDIDATE
16259,S82_SL4_TP12,EURI/USDT,-,2026-08-09T00:00:00+00:00,2026-08-10T00:00:00+00:00,1.1559,1.1559,0.0,-0.2,0.2,-2.0,COST_ONLY_CANDIDATE
16321,S82_SL4_TP12,XUSD/USDT,-,2026-08-14T02:00:00+00:00,2026-08-15T02:00:00+00:00,1.0013,1.0013,0.0,-0.2,0.2,-2.0,COST_ONLY_CANDIDATE
16322,S82_SL4_TP12,USDC/USDT,-,2026-08-14T04:00:00+00:00,2026-08-15T04:00:00+00:00,1.00088,1.00088,0.0,-0.2,0.2,-2.0,COST_ONLY_CANDIDATE
16348,S82_SL4_TP12,U/USDT,-,2026-08-16T01:00:00+00:00,2026-08-17T01:00:00+00:00,1.0005,1.0005,0.0,-0.2,0.2,-2.0,COST_ONLY_CANDIDATE
16352,S82_SL4_TP12,RLUSD/USDT,-,2026-08-16T12:00:00+00:00,2026-08-17T12:00:00+00:00,1.0012,1.0012,0.0,-0.2,0.2,-2.0,COST_ONLY_CANDIDATE
16393,S82_SL4_TP15,USDE/USDT,-,2026-07-26T16:00:00+00:00,2026-07-27T16:00:00+00:00,1.0009,1.0009,0.0,-0.2,0.2,-2.0,COST_ONLY_CANDIDATE
16550,S82_SL4_TP15,PLUME/USDT,-,2026-08-09T00:00:00+00:00,2026-08-10T00:00:00+00:00,0.012,0.012,0.0,-0.2,0.2,-2.0,COST_ONLY_CANDIDATE
16551,S82_SL4_TP15,EURI/USDT,-,2026-08-09T00:00:00+00:00,2026-08-10T00:00:00+00:00,1.1559,1.1559,0.0,-0.2,0.2,-2.0,COST_ONLY_CANDIDATE
16614,S82_SL4_TP15,USDC/USDT,-,2026-08-14T04:00:00+00:00,2026-08-15T04:00:00+00:00,1.00088,1.00088,0.0,-0.2,0.2,-2.0,COST_ONLY_CANDIDATE
16643,S82_SL4_TP15,RLUSD/USDT,-,2026-08-16T12:00:00+00:00,2026-08-17T12:00:00+00:00,1.0012,1.0012,0.0,-0.2,0.2,-2.0,COST_ONLY_CANDIDATE
16686,S82_SL5_TP8,USDE/USDT,-,2026-07-26T16:00:00+00:00,2026-07-27T16:00:00+00:00,1.0009,1.0009,0.0,-0.2,0.2,-2.0,COST_ONLY_CANDIDATE
16707,S82_SL5_TP8,U/USDT,-,2026-07-28T13:00:00+00:00,2026-07-29T13:00:00+00:00,1.0008,1.0008,0.0,-0.2,0.2,-2.0,COST_ONLY_CANDIDATE
16847,S82_SL5_TP8,PEPE/USDT,-,2026-08-08T16:00:00+00:00,2026-08-09T16:00:00+00:00,2.89e-06,2.89e-06,0.0,-0.2,0.2,-2.0,COST_ONLY_CANDIDATE
16911,S82_SL5_TP8,USDC/USDT,-,2026-08-14T04:00:00+00:00,2026-08-15T04:00:00+00:00,1.00088,1.00088,0.0,-0.2,0.2,-2.0,COST_ONLY_CANDIDATE
16915,S82_SL5_TP8,U/USDT,-,2026-08-14T10:00:00+00:00,2026-08-15T10:00:00+00:00,1.0006,1.0006,0.0,-0.2,0.2,-2.0,COST_ONLY_CANDIDATE
16987,S82_SL5_TP10,USDE/USDT,-,2026-07-26T16:00:00+00:00,2026-07-27T16:00:00+00:00,1.0009,1.0009,0.0,-0.2,0.2,-2.0,COST_ONLY_CANDIDATE
17008,S82_SL5_TP10,U/USDT,-,2026-07-28T13:00:00+00:00,2026-07-29T13:00:00+00:00,1.0008,1.0008,0.0,-0.2,0.2,-2.0,COST_ONLY_CANDIDATE
17205,S82_SL5_TP10,USDC/USDT,-,2026-08-14T04:00:00+00:00,2026-08-15T04:00:00+00:00,1.00088,1.00088,0.0,-0.2,0.2,-2.0,COST_ONLY_CANDIDATE
17273,S82_SL5_TP12,USDE/USDT,-,2026-07-26T16:00:00+00:00,2026-07-27T16:00:00+00:00,1.0009,1.0009,0.0,-0.2,0.2,-2.0,COST_ONLY_CANDIDATE
17294,S82_SL5_TP12,U/USDT,-,2026-07-28T13:00:00+00:00,2026-07-29T13:00:00+00:00,1.0008,1.0008,0.0,-0.2,0.2,-2.0,COST_ONLY_CANDIDATE
17492,S82_SL5_TP12,USDC/USDT,-,2026-08-14T04:00:00+00:00,2026-08-15T04:00:00+00:00,1.00088,1.00088,0.0,-0.2,0.2,-2.0,COST_ONLY_CANDIDATE
17495,S82_SL5_TP12,U/USDT,-,2026-08-14T09:00:00+00:00,2026-08-15T09:00:00+00:00,1.0005,1.0005,0.0,-0.2,0.2,-2.0,COST_ONLY_CANDIDATE
17517,S82_SL5_TP12,U/USDT,-,2026-08-16T01:00:00+00:00,2026-08-17T01:00:00+00:00,1.0005,1.0005,0.0,-0.2,0.2,-2.0,COST_ONLY_CANDIDATE
17520,S82_SL5_TP12,RLUSD/USDT,-,2026-08-16T12:00:00+00:00,2026-08-17T12:00:00+00:00,1.0012,1.0012,0.0,-0.2,0.2,-2.0,COST_ONLY_CANDIDATE
17560,S82_SL5_TP15,USDE/USDT,-,2026-07-26T16:00:00+00:00,2026-07-27T16:00:00+00:00,1.0009,1.0009,0.0,-0.2,0.2,-2.0,COST_ONLY_CANDIDATE
17581,S82_SL5_TP15,U/USDT,-,2026-07-28T13:00:00+00:00,2026-07-29T13:00:00+00:00,1.0008,1.0008,0.0,-0.2,0.2,-2.0,COST_ONLY_CANDIDATE
17692,S82_SL5_TP15,TREE/USDT,-,2026-08-07T04:00:00+00:00,2026-08-08T04:00:00+00:00,0.0359,0.0359,0.0,-0.2,0.2,-2.0,COST_ONLY_CANDIDATE
17757,S82_SL5_TP15,RLUSD/USDT,-,2026-08-12T18:00:00+00:00,2026-08-13T18:00:00+00:00,1.0011,1.0011,0.0,-0.2,0.2,-2.0,COST_ONLY_CANDIDATE
17771,S82_SL5_TP15,USDC/USDT,-,2026-08-14T04:00:00+00:00,2026-08-15T04:00:00+00:00,1.00088,1.00088,0.0,-0.2,0.2,-2.0,COST_ONLY_CANDIDATE
17775,S82_SL5_TP15,U/USDT,-,2026-08-14T09:00:00+00:00,2026-08-15T09:00:00+00:00,1.0005,1.0005,0.0,-0.2,0.2,-2.0,COST_ONLY_CANDIDATE
17796,S82_SL5_TP15,U/USDT,-,2026-08-16T01:00:00+00:00,2026-08-17T01:00:00+00:00,1.0005,1.0005,0.0,-0.2,0.2,-2.0,COST_ONLY_CANDIDATE
17801,S82_SL5_TP15,RLUSD/USDT,-,2026-08-16T12:00:00+00:00,2026-08-17T12:00:00+00:00,1.0012,1.0012,0.0,-0.2,0.2,-2.0,COST_ONLY_CANDIDATE
17841,S82_SL6_TP8,USDE/USDT,-,2026-07-26T16:00:00+00:00,2026-07-27T16:00:00+00:00,1.0009,1.0009,0.0,-0.2,0.2,-2.0,COST_ONLY_CANDIDATE
17994,S82_SL6_TP8,PEPE/USDT,-,2026-08-08T16:00:00+00:00,2026-08-09T16:00:00+00:00,2.89e-06,2.89e-06,0.0,-0.2,0.2,-2.0,COST_ONLY_CANDIDATE
18056,S82_SL6_TP8,USDC/USDT,-,2026-08-14T04:00:00+00:00,2026-08-15T04:00:00+00:00,1.00088,1.00088,0.0,-0.2,0.2,-2.0,COST_ONLY_CANDIDATE
18060,S82_SL6_TP8,U/USDT,-,2026-08-14T10:00:00+00:00,2026-08-15T10:00:00+00:00,1.0006,1.0006,0.0,-0.2,0.2,-2.0,COST_ONLY_CANDIDATE
18080,S82_SL6_TP8,U/USDT,-,2026-08-16T01:00:00+00:00,2026-08-17T01:00:00+00:00,1.0005,1.0005,0.0,-0.2,0.2,-2.0,COST_ONLY_CANDIDATE
18084,S82_SL6_TP8,RLUSD/USDT,-,2026-08-16T12:00:00+00:00,2026-08-17T12:00:00+00:00,1.0012,1.0012,0.0,-0.2,0.2,-2.0,COST_ONLY_CANDIDATE
18131,S82_SL6_TP10,USDE/USDT,-,2026-07-26T16:00:00+00:00,2026-07-27T16:00:00+00:00,1.0009,1.0009,0.0,-0.2,0.2,-2.0,COST_ONLY_CANDIDATE
18267,S82_SL6_TP10,ALPINE/USDT,-,2026-08-07T07:00:00+00:00,2026-08-08T07:00:00+00:00,0.321,0.321,0.0,-0.2,0.2,-2.0,COST_ONLY_CANDIDATE
18346,S82_SL6_TP10,USDC/USDT,-,2026-08-14T04:00:00+00:00,2026-08-15T04:00:00+00:00,1.00088,1.00088,0.0,-0.2,0.2,-2.0,COST_ONLY_CANDIDATE
18350,S82_SL6_TP10,U/USDT,-,2026-08-14T09:00:00+00:00,2026-08-15T09:00:00+00:00,1.0005,1.0005,0.0,-0.2,0.2,-2.0,COST_ONLY_CANDIDATE
18371,S82_SL6_TP10,U/USDT,-,2026-08-16T01:00:00+00:00,2026-08-17T01:00:00+00:00,1.0005,1.0005,0.0,-0.2,0.2,-2.0,COST_ONLY_CANDIDATE
18375,S82_SL6_TP10,RLUSD/USDT,-,2026-08-16T12:00:00+00:00,2026-08-17T12:00:00+00:00,1.0012,1.0012,0.0,-0.2,0.2,-2.0,COST_ONLY_CANDIDATE
18414,S82_SL6_TP12,USDE/USDT,-,2026-07-26T16:00:00+00:00,2026-07-27T16:00:00+00:00,1.0009,1.0009,0.0,-0.2,0.2,-2.0,COST_ONLY_CANDIDATE
18441,S82_SL6_TP12,U/USDT,-,2026-07-29T03:00:00+00:00,2026-07-30T03:00:00+00:00,1.0009,1.0009,0.0,-0.2,0.2,-2.0,COST_ONLY_CANDIDATE
18564,S82_SL6_TP12,PEPE/USDT,-,2026-08-08T11:00:00+00:00,2026-08-09T11:00:00+00:00,2.87e-06,2.87e-06,0.0,-0.2,0.2,-2.0,COST_ONLY_CANDIDATE
18660,S82_SL6_TP12,RLUSD/USDT,-,2026-08-16T12:00:00+00:00,2026-08-17T12:00:00+00:00,1.0012,1.0012,0.0,-0.2,0.2,-2.0,COST_ONLY_CANDIDATE
18700,S82_SL6_TP15,USDE/USDT,-,2026-07-26T16:00:00+00:00,2026-07-27T16:00:00+00:00,1.0009,1.0009,0.0,-0.2,0.2,-2.0,COST_ONLY_CANDIDATE
18727,S82_SL6_TP15,U/USDT,-,2026-07-29T03:00:00+00:00,2026-07-30T03:00:00+00:00,1.0009,1.0009,0.0,-0.2,0.2,-2.0,COST_ONLY_CANDIDATE
18910,S82_SL6_TP15,USDC/USDT,-,2026-08-14T04:00:00+00:00,2026-08-15T04:00:00+00:00,1.00088,1.00088,0.0,-0.2,0.2,-2.0,COST_ONLY_CANDIDATE
18932,S82_SL6_TP15,U/USDT,-,2026-08-16T01:00:00+00:00,2026-08-17T01:00:00+00:00,1.0005,1.0005,0.0,-0.2,0.2,-2.0,COST_ONLY_CANDIDATE
18936,S82_SL6_TP15,RLUSD/USDT,-,2026-08-16T12:00:00+00:00,2026-08-17T12:00:00+00:00,1.0012,1.0012,0.0,-0.2,0.2,-2.0,COST_ONLY_CANDIDATE
18975,S85_SL4_TP8,USDE/USDT,-,2026-07-26T16:00:00+00:00,2026-07-27T16:00:00+00:00,1.0009,1.0009,0.0,-0.2,0.2,-2.0,COST_ONLY_CANDIDATE
19191,S85_SL4_TP8,USDC/USDT,-,2026-08-14T04:00:00+00:00,2026-08-15T04:00:00+00:00,1.00088,1.00088,0.0,-0.2,0.2,-2.0,COST_ONLY_CANDIDATE
19264,S85_SL4_TP10,USDE/USDT,-,2026-07-26T16:00:00+00:00,2026-07-27T16:00:00+00:00,1.0009,1.0009,0.0,-0.2,0.2,-2.0,COST_ONLY_CANDIDATE
19404,S85_SL4_TP10,PEPE/USDT,-,2026-08-08T11:00:00+00:00,2026-08-09T11:00:00+00:00,2.87e-06,2.87e-06,0.0,-0.2,0.2,-2.0,COST_ONLY_CANDIDATE
19409,S85_SL4_TP10,PLUME/USDT,-,2026-08-09T00:00:00+00:00,2026-08-10T00:00:00+00:00,0.012,0.012,0.0,-0.2,0.2,-2.0,COST_ONLY_CANDIDATE
19454,S85_SL4_TP10,RLUSD/USDT,-,2026-08-12T18:00:00+00:00,2026-08-13T18:00:00+00:00,1.0011,1.0011,0.0,-0.2,0.2,-2.0,COST_ONLY_CANDIDATE
19469,S85_SL4_TP10,USDC/USDT,-,2026-08-14T04:00:00+00:00,2026-08-15T04:00:00+00:00,1.00088,1.00088,0.0,-0.2,0.2,-2.0,COST_ONLY_CANDIDATE
19539,S85_SL4_TP12,USDE/USDT,-,2026-07-26T16:00:00+00:00,2026-07-27T16:00:00+00:00,1.0009,1.0009,0.0,-0.2,0.2,-2.0,COST_ONLY_CANDIDATE
19683,S85_SL4_TP12,PLUME/USDT,-,2026-08-09T00:00:00+00:00,2026-08-10T00:00:00+00:00,0.012,0.012,0.0,-0.2,0.2,-2.0,COST_ONLY_CANDIDATE
19745,S85_SL4_TP12,USDC/USDT,-,2026-08-14T04:00:00+00:00,2026-08-15T04:00:00+00:00,1.00088,1.00088,0.0,-0.2,0.2,-2.0,COST_ONLY_CANDIDATE
19813,S85_SL4_TP15,USDE/USDT,-,2026-07-26T16:00:00+00:00,2026-07-27T16:00:00+00:00,1.0009,1.0009,0.0,-0.2,0.2,-2.0,COST_ONLY_CANDIDATE
19957,S85_SL4_TP15,PLUME/USDT,-,2026-08-09T00:00:00+00:00,2026-08-10T00:00:00+00:00,0.012,0.012,0.0,-0.2,0.2,-2.0,COST_ONLY_CANDIDATE
20002,S85_SL4_TP15,RLUSD/USDT,-,2026-08-12T18:00:00+00:00,2026-08-13T18:00:00+00:00,1.0011,1.0011,0.0,-0.2,0.2,-2.0,COST_ONLY_CANDIDATE
20015,S85_SL4_TP15,USDC/USDT,-,2026-08-14T04:00:00+00:00,2026-08-15T04:00:00+00:00,1.00088,1.00088,0.0,-0.2,0.2,-2.0,COST_ONLY_CANDIDATE
20020,S85_SL4_TP15,U/USDT,-,2026-08-14T09:00:00+00:00,2026-08-15T09:00:00+00:00,1.0005,1.0005,0.0,-0.2,0.2,-2.0,COST_ONLY_CANDIDATE
20084,S85_SL5_TP8,USDE/USDT,-,2026-07-26T16:00:00+00:00,2026-07-27T16:00:00+00:00,1.0009,1.0009,0.0,-0.2,0.2,-2.0,COST_ONLY_CANDIDATE
20104,S85_SL5_TP8,U/USDT,-,2026-07-28T13:00:00+00:00,2026-07-29T13:00:00+00:00,1.0008,1.0008,0.0,-0.2,0.2,-2.0,COST_ONLY_CANDIDATE
20232,S85_SL5_TP8,PLUME/USDT,-,2026-08-09T00:00:00+00:00,2026-08-10T00:00:00+00:00,0.012,0.012,0.0,-0.2,0.2,-2.0,COST_ONLY_CANDIDATE
20291,S85_SL5_TP8,USDC/USDT,-,2026-08-14T04:00:00+00:00,2026-08-15T04:00:00+00:00,1.00088,1.00088,0.0,-0.2,0.2,-2.0,COST_ONLY_CANDIDATE
20295,S85_SL5_TP8,U/USDT,-,2026-08-14T09:00:00+00:00,2026-08-15T09:00:00+00:00,1.0005,1.0005,0.0,-0.2,0.2,-2.0,COST_ONLY_CANDIDATE
20364,S85_SL5_TP10,USDE/USDT,-,2026-07-26T16:00:00+00:00,2026-07-27T16:00:00+00:00,1.0009,1.0009,0.0,-0.2,0.2,-2.0,COST_ONLY_CANDIDATE
20384,S85_SL5_TP10,U/USDT,-,2026-07-28T13:00:00+00:00,2026-07-29T13:00:00+00:00,1.0008,1.0008,0.0,-0.2,0.2,-2.0,COST_ONLY_CANDIDATE
20503,S85_SL5_TP10,PEPE/USDT,-,2026-08-08T11:00:00+00:00,2026-08-09T11:00:00+00:00,2.87e-06,2.87e-06,0.0,-0.2,0.2,-2.0,COST_ONLY_CANDIDATE
20566,S85_SL5_TP10,USDC/USDT,-,2026-08-14T04:00:00+00:00,2026-08-15T04:00:00+00:00,1.00088,1.00088,0.0,-0.2,0.2,-2.0,COST_ONLY_CANDIDATE
20570,S85_SL5_TP10,U/USDT,-,2026-08-14T09:00:00+00:00,2026-08-15T09:00:00+00:00,1.0005,1.0005,0.0,-0.2,0.2,-2.0,COST_ONLY_CANDIDATE
20638,S85_SL5_TP12,USDE/USDT,-,2026-07-26T16:00:00+00:00,2026-07-27T16:00:00+00:00,1.0009,1.0009,0.0,-0.2,0.2,-2.0,COST_ONLY_CANDIDATE
20658,S85_SL5_TP12,U/USDT,-,2026-07-28T13:00:00+00:00,2026-07-29T13:00:00+00:00,1.0008,1.0008,0.0,-0.2,0.2,-2.0,COST_ONLY_CANDIDATE
20764,S85_SL5_TP12,ALPINE/USDT,-,2026-08-07T07:00:00+00:00,2026-08-08T07:00:00+00:00,0.321,0.321,0.0,-0.2,0.2,-2.0,COST_ONLY_CANDIDATE
20829,S85_SL5_TP12,RLUSD/USDT,-,2026-08-12T18:00:00+00:00,2026-08-13T18:00:00+00:00,1.0011,1.0011,0.0,-0.2,0.2,-2.0,COST_ONLY_CANDIDATE
20842,S85_SL5_TP12,USDC/USDT,-,2026-08-14T04:00:00+00:00,2026-08-15T04:00:00+00:00,1.00088,1.00088,0.0,-0.2,0.2,-2.0,COST_ONLY_CANDIDATE
20845,S85_SL5_TP12,U/USDT,-,2026-08-14T09:00:00+00:00,2026-08-15T09:00:00+00:00,1.0005,1.0005,0.0,-0.2,0.2,-2.0,COST_ONLY_CANDIDATE
20908,S85_SL5_TP15,USDE/USDT,-,2026-07-26T16:00:00+00:00,2026-07-27T16:00:00+00:00,1.0009,1.0009,0.0,-0.2,0.2,-2.0,COST_ONLY_CANDIDATE
20928,S85_SL5_TP15,U/USDT,-,2026-07-28T13:00:00+00:00,2026-07-29T13:00:00+00:00,1.0008,1.0008,0.0,-0.2,0.2,-2.0,COST_ONLY_CANDIDATE
21032,S85_SL5_TP15,ALPINE/USDT,-,2026-08-07T07:00:00+00:00,2026-08-08T07:00:00+00:00,0.321,0.321,0.0,-0.2,0.2,-2.0,COST_ONLY_CANDIDATE
21046,S85_SL5_TP15,PEPE/USDT,-,2026-08-08T11:00:00+00:00,2026-08-09T11:00:00+00:00,2.87e-06,2.87e-06,0.0,-0.2,0.2,-2.0,COST_ONLY_CANDIDATE
21093,S85_SL5_TP15,RLUSD/USDT,-,2026-08-12T18:00:00+00:00,2026-08-13T18:00:00+00:00,1.0011,1.0011,0.0,-0.2,0.2,-2.0,COST_ONLY_CANDIDATE
21107,S85_SL5_TP15,USDC/USDT,-,2026-08-14T04:00:00+00:00,2026-08-15T04:00:00+00:00,1.00088,1.00088,0.0,-0.2,0.2,-2.0,COST_ONLY_CANDIDATE
21170,S85_SL6_TP8,USDE/USDT,-,2026-07-26T16:00:00+00:00,2026-07-27T16:00:00+00:00,1.0009,1.0009,0.0,-0.2,0.2,-2.0,COST_ONLY_CANDIDATE
21314,S85_SL6_TP8,PLUME/USDT,-,2026-08-09T00:00:00+00:00,2026-08-10T00:00:00+00:00,0.012,0.012,0.0,-0.2,0.2,-2.0,COST_ONLY_CANDIDATE
21359,S85_SL6_TP8,RLUSD/USDT,-,2026-08-12T18:00:00+00:00,2026-08-13T18:00:00+00:00,1.0011,1.0011,0.0,-0.2,0.2,-2.0,COST_ONLY_CANDIDATE
21373,S85_SL6_TP8,USDC/USDT,-,2026-08-14T04:00:00+00:00,2026-08-15T04:00:00+00:00,1.00088,1.00088,0.0,-0.2,0.2,-2.0,COST_ONLY_CANDIDATE
21444,S85_SL6_TP10,USDE/USDT,-,2026-07-26T16:00:00+00:00,2026-07-27T16:00:00+00:00,1.0009,1.0009,0.0,-0.2,0.2,-2.0,COST_ONLY_CANDIDATE
21631,S85_SL6_TP10,RLUSD/USDT,-,2026-08-12T18:00:00+00:00,2026-08-13T18:00:00+00:00,1.0011,1.0011,0.0,-0.2,0.2,-2.0,COST_ONLY_CANDIDATE
21644,S85_SL6_TP10,USDC/USDT,-,2026-08-14T04:00:00+00:00,2026-08-15T04:00:00+00:00,1.00088,1.00088,0.0,-0.2,0.2,-2.0,COST_ONLY_CANDIDATE
21714,S85_SL6_TP12,USDE/USDT,-,2026-07-26T16:00:00+00:00,2026-07-27T16:00:00+00:00,1.0009,1.0009,0.0,-0.2,0.2,-2.0,COST_ONLY_CANDIDATE
21836,S85_SL6_TP12,ALPINE/USDT,-,2026-08-07T07:00:00+00:00,2026-08-08T07:00:00+00:00,0.321,0.321,0.0,-0.2,0.2,-2.0,COST_ONLY_CANDIDATE
21901,S85_SL6_TP12,RLUSD/USDT,-,2026-08-12T18:00:00+00:00,2026-08-13T18:00:00+00:00,1.0011,1.0011,0.0,-0.2,0.2,-2.0,COST_ONLY_CANDIDATE
21913,S85_SL6_TP12,USDC/USDT,-,2026-08-14T04:00:00+00:00,2026-08-15T04:00:00+00:00,1.00088,1.00088,0.0,-0.2,0.2,-2.0,COST_ONLY_CANDIDATE
21916,S85_SL6_TP12,U/USDT,-,2026-08-14T09:00:00+00:00,2026-08-15T09:00:00+00:00,1.0005,1.0005,0.0,-0.2,0.2,-2.0,COST_ONLY_CANDIDATE
21980,S85_SL6_TP15,USDE/USDT,-,2026-07-26T16:00:00+00:00,2026-07-27T16:00:00+00:00,1.0009,1.0009,0.0,-0.2,0.2,-2.0,COST_ONLY_CANDIDATE
22118,S85_SL6_TP15,PLUME/USDT,-,2026-08-09T00:00:00+00:00,2026-08-10T00:00:00+00:00,0.012,0.012,0.0,-0.2,0.2,-2.0,COST_ONLY_CANDIDATE
22176,S85_SL6_TP15,USDC/USDT,-,2026-08-14T04:00:00+00:00,2026-08-15T04:00:00+00:00,1.00088,1.00088,0.0,-0.2,0.2,-2.0,COST_ONLY_CANDIDATE
22272,CD6_E1_P5,USDE/USDT,-,2026-07-26T16:00:00+00:00,2026-07-27T16:00:00+00:00,1.0009,1.0009,0.0,-0.2,0.2,-2.0,COST_ONLY_CANDIDATE
22407,CD6_E1_P5,RLUSD/USDT,-,2026-08-16T12:00:00+00:00,2026-08-17T12:00:00+00:00,1.0012,1.0012,0.0,-0.2,0.2,-2.0,COST_ONLY_CANDIDATE
22472,CD6_E1_P7,USDE/USDT,-,2026-07-26T16:00:00+00:00,2026-07-27T16:00:00+00:00,1.0009,1.0009,0.0,-0.2,0.2,-2.0,COST_ONLY_CANDIDATE
22623,CD6_E1_P7,RLUSD/USDT,-,2026-08-12T18:00:00+00:00,2026-08-13T18:00:00+00:00,1.0011,1.0011,0.0,-0.2,0.2,-2.0,COST_ONLY_CANDIDATE
22636,CD6_E1_P7,U/USDT,-,2026-08-14T09:00:00+00:00,2026-08-15T09:00:00+00:00,1.0005,1.0005,0.0,-0.2,0.2,-2.0,COST_ONLY_CANDIDATE
22657,CD6_E1_P7,RLUSD/USDT,-,2026-08-16T12:00:00+00:00,2026-08-17T12:00:00+00:00,1.0012,1.0012,0.0,-0.2,0.2,-2.0,COST_ONLY_CANDIDATE
22736,CD6_E1_P10,USDE/USDT,-,2026-07-26T16:00:00+00:00,2026-07-27T16:00:00+00:00,1.0009,1.0009,0.0,-0.2,0.2,-2.0,COST_ONLY_CANDIDATE
22862,CD6_E1_P10,FDUSD/USDT,-,2026-08-06T01:00:00+00:00,2026-08-07T01:00:00+00:00,0.9982,0.9982,0.0,-0.2,0.2,-2.0,COST_ONLY_CANDIDATE
22901,CD6_E1_P10,TREE/USDT,-,2026-08-09T03:00:00+00:00,2026-08-10T03:00:00+00:00,0.0375,0.0375,0.0,-0.2,0.2,-2.0,COST_ONLY_CANDIDATE
22962,CD6_E1_P10,USDC/USDT,-,2026-08-14T04:00:00+00:00,2026-08-15T04:00:00+00:00,1.00088,1.00088,0.0,-0.2,0.2,-2.0,COST_ONLY_CANDIDATE
22964,CD6_E1_P10,USDE/USDT,-,2026-08-14T10:00:00+00:00,2026-08-15T10:00:00+00:00,1.0009,1.0009,0.0,-0.2,0.2,-2.0,COST_ONLY_CANDIDATE
22992,CD6_E1_P10,RLUSD/USDT,-,2026-08-16T12:00:00+00:00,2026-08-17T12:00:00+00:00,1.0012,1.0012,0.0,-0.2,0.2,-2.0,COST_ONLY_CANDIDATE
23091,CD6_E1_P15,USDE/USDT,-,2026-07-26T16:00:00+00:00,2026-07-27T16:00:00+00:00,1.0009,1.0009,0.0,-0.2,0.2,-2.0,COST_ONLY_CANDIDATE
23119,CD6_E1_P15,ALPINE/USDT,-,2026-07-28T09:00:00+00:00,2026-07-29T09:00:00+00:00,0.307,0.307,0.0,-0.2,0.2,-2.0,COST_ONLY_CANDIDATE
23284,CD6_E1_P15,FDUSD/USDT,-,2026-08-06T13:00:00+00:00,2026-08-07T13:00:00+00:00,0.9983,0.9983,0.0,-0.2,0.2,-2.0,COST_ONLY_CANDIDATE
23418,CD6_E1_P15,USDC/USDT,-,2026-08-14T04:00:00+00:00,2026-08-15T04:00:00+00:00,1.00088,1.00088,0.0,-0.2,0.2,-2.0,COST_ONLY_CANDIDATE
23422,CD6_E1_P15,U/USDT,-,2026-08-14T09:00:00+00:00,2026-08-15T09:00:00+00:00,1.0005,1.0005,0.0,-0.2,0.2,-2.0,COST_ONLY_CANDIDATE
23562,CD6_E2_P5,USDE/USDT,-,2026-07-26T16:00:00+00:00,2026-07-27T16:00:00+00:00,1.0009,1.0009,0.0,-0.2,0.2,-2.0,COST_ONLY_CANDIDATE
23697,CD6_E2_P5,RLUSD/USDT,-,2026-08-16T12:00:00+00:00,2026-08-17T12:00:00+00:00,1.0012,1.0012,0.0,-0.2,0.2,-2.0,COST_ONLY_CANDIDATE
23762,CD6_E2_P7,USDE/USDT,-,2026-07-26T16:00:00+00:00,2026-07-27T16:00:00+00:00,1.0009,1.0009,0.0,-0.2,0.2,-2.0,COST_ONLY_CANDIDATE
23867,CD6_E2_P7,ALPINE/USDT,-,2026-08-07T07:00:00+00:00,2026-08-08T07:00:00+00:00,0.321,0.321,0.0,-0.2,0.2,-2.0,COST_ONLY_CANDIDATE
23913,CD6_E2_P7,RLUSD/USDT,-,2026-08-12T18:00:00+00:00,2026-08-13T18:00:00+00:00,1.0011,1.0011,0.0,-0.2,0.2,-2.0,COST_ONLY_CANDIDATE
23926,CD6_E2_P7,U/USDT,-,2026-08-14T09:00:00+00:00,2026-08-15T09:00:00+00:00,1.0005,1.0005,0.0,-0.2,0.2,-2.0,COST_ONLY_CANDIDATE
23948,CD6_E2_P7,RLUSD/USDT,-,2026-08-16T12:00:00+00:00,2026-08-17T12:00:00+00:00,1.0012,1.0012,0.0,-0.2,0.2,-2.0,COST_ONLY_CANDIDATE
24025,CD6_E2_P10,USDE/USDT,-,2026-07-26T16:00:00+00:00,2026-07-27T16:00:00+00:00,1.0009,1.0009,0.0,-0.2,0.2,-2.0,COST_ONLY_CANDIDATE
24174,CD6_E2_P10,ALPINE/USDT,-,2026-08-07T07:00:00+00:00,2026-08-08T07:00:00+00:00,0.321,0.321,0.0,-0.2,0.2,-2.0,COST_ONLY_CANDIDATE
24194,CD6_E2_P10,TREE/USDT,-,2026-08-09T03:00:00+00:00,2026-08-10T03:00:00+00:00,0.0375,0.0375,0.0,-0.2,0.2,-2.0,COST_ONLY_CANDIDATE
24239,CD6_E2_P10,RLUSD/USDT,-,2026-08-12T18:00:00+00:00,2026-08-13T18:00:00+00:00,1.0011,1.0011,0.0,-0.2,0.2,-2.0,COST_ONLY_CANDIDATE
24258,CD6_E2_P10,U/USDT,-,2026-08-14T09:00:00+00:00,2026-08-15T09:00:00+00:00,1.0005,1.0005,0.0,-0.2,0.2,-2.0,COST_ONLY_CANDIDATE
24280,CD6_E2_P10,U/USDT,-,2026-08-16T01:00:00+00:00,2026-08-17T01:00:00+00:00,1.0005,1.0005,0.0,-0.2,0.2,-2.0,COST_ONLY_CANDIDATE
24385,CD6_E2_P15,USDE/USDT,-,2026-07-26T16:00:00+00:00,2026-07-27T16:00:00+00:00,1.0009,1.0009,0.0,-0.2,0.2,-2.0,COST_ONLY_CANDIDATE
24413,CD6_E2_P15,ALPINE/USDT,-,2026-07-28T09:00:00+00:00,2026-07-29T09:00:00+00:00,0.307,0.307,0.0,-0.2,0.2,-2.0,COST_ONLY_CANDIDATE
24620,CD6_E2_P15,PEPE/USDT,-,2026-08-08T11:00:00+00:00,2026-08-09T11:00:00+00:00,2.87e-06,2.87e-06,0.0,-0.2,0.2,-2.0,COST_ONLY_CANDIDATE
24719,CD6_E2_P15,U/USDT,-,2026-08-14T09:00:00+00:00,2026-08-15T09:00:00+00:00,1.0005,1.0005,0.0,-0.2,0.2,-2.0,COST_ONLY_CANDIDATE
24761,CD6_E2_P15,RLUSD/USDT,-,2026-08-16T12:00:00+00:00,2026-08-17T12:00:00+00:00,1.0012,1.0012,0.0,-0.2,0.2,-2.0,COST_ONLY_CANDIDATE
24861,CD12_E1_P5,USDE/USDT,-,2026-07-26T16:00:00+00:00,2026-07-27T16:00:00+00:00,1.0009,1.0009,0.0,-0.2,0.2,-2.0,COST_ONLY_CANDIDATE
24926,CD12_E1_P5,FDUSD/USDT,-,2026-08-06T01:00:00+00:00,2026-08-07T01:00:00+00:00,0.9982,0.9982,0.0,-0.2,0.2,-2.0,COST_ONLY_CANDIDATE
24972,CD12_E1_P5,USDC/USDT,-,2026-08-14T04:00:00+00:00,2026-08-15T04:00:00+00:00,1.00088,1.00088,0.0,-0.2,0.2,-2.0,COST_ONLY_CANDIDATE
24988,CD12_E1_P5,RLUSD/USDT,-,2026-08-16T12:00:00+00:00,2026-08-17T12:00:00+00:00,1.0012,1.0012,0.0,-0.2,0.2,-2.0,COST_ONLY_CANDIDATE
25051,CD12_E1_P7,USDE/USDT,-,2026-07-26T16:00:00+00:00,2026-07-27T16:00:00+00:00,1.0009,1.0009,0.0,-0.2,0.2,-2.0,COST_ONLY_CANDIDATE
25199,CD12_E1_P7,RLUSD/USDT,-,2026-08-12T18:00:00+00:00,2026-08-13T18:00:00+00:00,1.0011,1.0011,0.0,-0.2,0.2,-2.0,COST_ONLY_CANDIDATE
25209,CD12_E1_P7,USDC/USDT,-,2026-08-14T04:00:00+00:00,2026-08-15T04:00:00+00:00,1.00088,1.00088,0.0,-0.2,0.2,-2.0,COST_ONLY_CANDIDATE
25212,CD12_E1_P7,U/USDT,-,2026-08-14T09:00:00+00:00,2026-08-15T09:00:00+00:00,1.0005,1.0005,0.0,-0.2,0.2,-2.0,COST_ONLY_CANDIDATE
25316,CD12_E1_P15,USDE/USDT,-,2026-07-26T16:00:00+00:00,2026-07-27T16:00:00+00:00,1.0009,1.0009,0.0,-0.2,0.2,-2.0,COST_ONLY_CANDIDATE
25344,CD12_E1_P15,ALPINE/USDT,-,2026-07-28T09:00:00+00:00,2026-07-29T09:00:00+00:00,0.307,0.307,0.0,-0.2,0.2,-2.0,COST_ONLY_CANDIDATE
25675,CD12_E1_P15,U/USDT,-,2026-08-15T20:00:00+00:00,2026-08-16T20:00:00+00:00,1.0004,1.0004,0.0,-0.2,0.2,-2.0,COST_ONLY_CANDIDATE
25784,CD12_E2_P5,USDE/USDT,-,2026-07-26T16:00:00+00:00,2026-07-27T16:00:00+00:00,1.0009,1.0009,0.0,-0.2,0.2,-2.0,COST_ONLY_CANDIDATE
25849,CD12_E2_P5,FDUSD/USDT,-,2026-08-06T01:00:00+00:00,2026-08-07T01:00:00+00:00,0.9982,0.9982,0.0,-0.2,0.2,-2.0,COST_ONLY_CANDIDATE
25895,CD12_E2_P5,USDC/USDT,-,2026-08-14T04:00:00+00:00,2026-08-15T04:00:00+00:00,1.00088,1.00088,0.0,-0.2,0.2,-2.0,COST_ONLY_CANDIDATE
25912,CD12_E2_P5,RLUSD/USDT,-,2026-08-16T12:00:00+00:00,2026-08-17T12:00:00+00:00,1.0012,1.0012,0.0,-0.2,0.2,-2.0,COST_ONLY_CANDIDATE
25975,CD12_E2_P7,USDE/USDT,-,2026-07-26T16:00:00+00:00,2026-07-27T16:00:00+00:00,1.0009,1.0009,0.0,-0.2,0.2,-2.0,COST_ONLY_CANDIDATE
26136,CD12_E2_P7,USDC/USDT,-,2026-08-14T04:00:00+00:00,2026-08-15T04:00:00+00:00,1.00088,1.00088,0.0,-0.2,0.2,-2.0,COST_ONLY_CANDIDATE
26159,CD12_E2_P7,RLUSD/USDT,-,2026-08-16T12:00:00+00:00,2026-08-17T12:00:00+00:00,1.0012,1.0012,0.0,-0.2,0.2,-2.0,COST_ONLY_CANDIDATE
26238,CD12_E2_P10,USDE/USDT,-,2026-07-26T16:00:00+00:00,2026-07-27T16:00:00+00:00,1.0009,1.0009,0.0,-0.2,0.2,-2.0,COST_ONLY_CANDIDATE
26448,CD12_E2_P10,RLUSD/USDT,-,2026-08-12T18:00:00+00:00,2026-08-13T18:00:00+00:00,1.0011,1.0011,0.0,-0.2,0.2,-2.0,COST_ONLY_CANDIDATE
26467,CD12_E2_P10,USDC/USDT,-,2026-08-14T04:00:00+00:00,2026-08-15T04:00:00+00:00,1.00088,1.00088,0.0,-0.2,0.2,-2.0,COST_ONLY_CANDIDATE
26470,CD12_E2_P10,U/USDT,-,2026-08-14T09:00:00+00:00,2026-08-15T09:00:00+00:00,1.0005,1.0005,0.0,-0.2,0.2,-2.0,COST_ONLY_CANDIDATE
26492,CD12_E2_P10,U/USDT,-,2026-08-16T01:00:00+00:00,2026-08-17T01:00:00+00:00,1.0005,1.0005,0.0,-0.2,0.2,-2.0,COST_ONLY_CANDIDATE
26588,CD12_E2_P15,USDE/USDT,-,2026-07-26T16:00:00+00:00,2026-07-27T16:00:00+00:00,1.0009,1.0009,0.0,-0.2,0.2,-2.0,COST_ONLY_CANDIDATE
26616,CD12_E2_P15,ALPINE/USDT,-,2026-07-28T09:00:00+00:00,2026-07-29T09:00:00+00:00,0.307,0.307,0.0,-0.2,0.2,-2.0,COST_ONLY_CANDIDATE
26799,CD12_E2_P15,ALPINE/USDT,-,2026-08-07T07:00:00+00:00,2026-08-08T07:00:00+00:00,0.321,0.321,0.0,-0.2,0.2,-2.0,COST_ONLY_CANDIDATE
26867,CD12_E2_P15,RLUSD/USDT,-,2026-08-11T05:00:00+00:00,2026-08-12T05:00:00+00:00,1.001,1.001,0.0,-0.2,0.2,-2.0,COST_ONLY_CANDIDATE
26923,CD12_E2_P15,U/USDT,-,2026-08-14T10:00:00+00:00,2026-08-15T10:00:00+00:00,1.0006,1.0006,0.0,-0.2,0.2,-2.0,COST_ONLY_CANDIDATE
26961,CD12_E2_P15,RLUSD/USDT,-,2026-08-16T12:00:00+00:00,2026-08-17T12:00:00+00:00,1.0012,1.0012,0.0,-0.2,0.2,-2.0,COST_ONLY_CANDIDATE
27062,CD24_E1_P5,USDE/USDT,-,2026-07-26T16:00:00+00:00,2026-07-27T16:00:00+00:00,1.0009,1.0009,0.0,-0.2,0.2,-2.0,COST_ONLY_CANDIDATE
27125,CD24_E1_P5,FDUSD/USDT,-,2026-08-06T01:00:00+00:00,2026-08-07T01:00:00+00:00,0.9982,0.9982,0.0,-0.2,0.2,-2.0,COST_ONLY_CANDIDATE
27255,CD24_E1_P7,USDE/USDT,-,2026-07-26T16:00:00+00:00,2026-07-27T16:00:00+00:00,1.0009,1.0009,0.0,-0.2,0.2,-2.0,COST_ONLY_CANDIDATE
27343,CD24_E1_P7,FDUSD/USDT,-,2026-08-06T01:00:00+00:00,2026-08-07T01:00:00+00:00,0.9982,0.9982,0.0,-0.2,0.2,-2.0,COST_ONLY_CANDIDATE
27365,CD24_E1_P7,KORUB/USDT,-,2026-08-08T22:00:00+00:00,2026-08-09T22:00:00+00:00,17.46,17.46,0.0,-0.2,0.2,-2.0,COST_ONLY_CANDIDATE
27399,CD24_E1_P7,RLUSD/USDT,-,2026-08-12T18:00:00+00:00,2026-08-13T18:00:00+00:00,1.0011,1.0011,0.0,-0.2,0.2,-2.0,COST_ONLY_CANDIDATE
27411,CD24_E1_P7,U/USDT,-,2026-08-14T09:00:00+00:00,2026-08-15T09:00:00+00:00,1.0005,1.0005,0.0,-0.2,0.2,-2.0,COST_ONLY_CANDIDATE
27430,CD24_E1_P7,RLUSD/USDT,-,2026-08-16T12:00:00+00:00,2026-08-17T12:00:00+00:00,1.0012,1.0012,0.0,-0.2,0.2,-2.0,COST_ONLY_CANDIDATE
27509,CD24_E1_P10,USDE/USDT,-,2026-07-26T16:00:00+00:00,2026-07-27T16:00:00+00:00,1.0009,1.0009,0.0,-0.2,0.2,-2.0,COST_ONLY_CANDIDATE
27700,CD24_E1_P10,RLUSD/USDT,-,2026-08-11T05:00:00+00:00,2026-08-12T05:00:00+00:00,1.001,1.001,0.0,-0.2,0.2,-2.0,COST_ONLY_CANDIDATE
27737,CD24_E1_P10,USDE/USDT,-,2026-08-14T10:00:00+00:00,2026-08-15T10:00:00+00:00,1.0009,1.0009,0.0,-0.2,0.2,-2.0,COST_ONLY_CANDIDATE
27759,CD24_E1_P10,U/USDT,-,2026-08-16T01:00:00+00:00,2026-08-17T01:00:00+00:00,1.0005,1.0005,0.0,-0.2,0.2,-2.0,COST_ONLY_CANDIDATE
27856,CD24_E1_P15,USDE/USDT,-,2026-07-26T16:00:00+00:00,2026-07-27T16:00:00+00:00,1.0009,1.0009,0.0,-0.2,0.2,-2.0,COST_ONLY_CANDIDATE
27882,CD24_E1_P15,ALPINE/USDT,-,2026-07-28T09:00:00+00:00,2026-07-29T09:00:00+00:00,0.307,0.307,0.0,-0.2,0.2,-2.0,COST_ONLY_CANDIDATE
28126,CD24_E1_P15,RLUSD/USDT,-,2026-08-11T02:00:00+00:00,2026-08-12T02:00:00+00:00,1.001,1.001,0.0,-0.2,0.2,-2.0,COST_ONLY_CANDIDATE
28178,CD24_E1_P15,U/USDT,-,2026-08-14T06:00:00+00:00,2026-08-15T06:00:00+00:00,1.0003,1.0003,0.0,-0.2,0.2,-2.0,COST_ONLY_CANDIDATE
28224,CD24_E1_P15,USDE/USDT,-,2026-08-16T20:00:00+00:00,2026-08-17T20:00:00+00:00,1.001,1.001,0.0,-0.2,0.2,-2.0,COST_ONLY_CANDIDATE
28319,CD24_E2_P5,USDE/USDT,-,2026-07-26T16:00:00+00:00,2026-07-27T16:00:00+00:00,1.0009,1.0009,0.0,-0.2,0.2,-2.0,COST_ONLY_CANDIDATE
28382,CD24_E2_P5,FDUSD/USDT,-,2026-08-06T01:00:00+00:00,2026-08-07T01:00:00+00:00,0.9982,0.9982,0.0,-0.2,0.2,-2.0,COST_ONLY_CANDIDATE
28512,CD24_E2_P7,USDE/USDT,-,2026-07-26T16:00:00+00:00,2026-07-27T16:00:00+00:00,1.0009,1.0009,0.0,-0.2,0.2,-2.0,COST_ONLY_CANDIDATE
28600,CD24_E2_P7,FDUSD/USDT,-,2026-08-06T01:00:00+00:00,2026-08-07T01:00:00+00:00,0.9982,0.9982,0.0,-0.2,0.2,-2.0,COST_ONLY_CANDIDATE
28622,CD24_E2_P7,KORUB/USDT,-,2026-08-08T22:00:00+00:00,2026-08-09T22:00:00+00:00,17.46,17.46,0.0,-0.2,0.2,-2.0,COST_ONLY_CANDIDATE
28656,CD24_E2_P7,RLUSD/USDT,-,2026-08-12T18:00:00+00:00,2026-08-13T18:00:00+00:00,1.0011,1.0011,0.0,-0.2,0.2,-2.0,COST_ONLY_CANDIDATE
28668,CD24_E2_P7,U/USDT,-,2026-08-14T09:00:00+00:00,2026-08-15T09:00:00+00:00,1.0005,1.0005,0.0,-0.2,0.2,-2.0,COST_ONLY_CANDIDATE
28687,CD24_E2_P7,RLUSD/USDT,-,2026-08-16T12:00:00+00:00,2026-08-17T12:00:00+00:00,1.0012,1.0012,0.0,-0.2,0.2,-2.0,COST_ONLY_CANDIDATE
28766,CD24_E2_P10,USDE/USDT,-,2026-07-26T16:00:00+00:00,2026-07-27T16:00:00+00:00,1.0009,1.0009,0.0,-0.2,0.2,-2.0,COST_ONLY_CANDIDATE
28957,CD24_E2_P10,RLUSD/USDT,-,2026-08-11T05:00:00+00:00,2026-08-12T05:00:00+00:00,1.001,1.001,0.0,-0.2,0.2,-2.0,COST_ONLY_CANDIDATE
28994,CD24_E2_P10,USDE/USDT,-,2026-08-14T10:00:00+00:00,2026-08-15T10:00:00+00:00,1.0009,1.0009,0.0,-0.2,0.2,-2.0,COST_ONLY_CANDIDATE
29016,CD24_E2_P10,U/USDT,-,2026-08-16T01:00:00+00:00,2026-08-17T01:00:00+00:00,1.0005,1.0005,0.0,-0.2,0.2,-2.0,COST_ONLY_CANDIDATE
29113,CD24_E2_P15,USDE/USDT,-,2026-07-26T16:00:00+00:00,2026-07-27T16:00:00+00:00,1.0009,1.0009,0.0,-0.2,0.2,-2.0,COST_ONLY_CANDIDATE
29139,CD24_E2_P15,ALPINE/USDT,-,2026-07-28T09:00:00+00:00,2026-07-29T09:00:00+00:00,0.307,0.307,0.0,-0.2,0.2,-2.0,COST_ONLY_CANDIDATE
29383,CD24_E2_P15,RLUSD/USDT,-,2026-08-11T02:00:00+00:00,2026-08-12T02:00:00+00:00,1.001,1.001,0.0,-0.2,0.2,-2.0,COST_ONLY_CANDIDATE
29435,CD24_E2_P15,U/USDT,-,2026-08-14T06:00:00+00:00,2026-08-15T06:00:00+00:00,1.0003,1.0003,0.0,-0.2,0.2,-2.0,COST_ONLY_CANDIDATE
29481,CD24_E2_P15,USDE/USDT,-,2026-08-16T20:00:00+00:00,2026-08-17T20:00:00+00:00,1.001,1.001,0.0,-0.2,0.2,-2.0,COST_ONLY_CANDIDATE
29589,COST_0.15,USDE/USDT,-,2026-07-26T16:00:00+00:00,2026-07-27T16:00:00+00:00,1.0009,1.0009,0.0,-0.3,0.3,-3.0,COST_ONLY_CANDIDATE
29795,COST_0.15,RLUSD/USDT,-,2026-08-12T18:00:00+00:00,2026-08-13T18:00:00+00:00,1.0011,1.0011,0.0,-0.3,0.3,-3.0,COST_ONLY_CANDIDATE
29811,COST_0.15,USDC/USDT,-,2026-08-14T04:00:00+00:00,2026-08-15T04:00:00+00:00,1.00088,1.00088,0.0,-0.3,0.3,-3.0,COST_ONLY_CANDIDATE
29816,COST_0.15,U/USDT,-,2026-08-14T09:00:00+00:00,2026-08-15T09:00:00+00:00,1.0005,1.0005,0.0,-0.3,0.3,-3.0,COST_ONLY_CANDIDATE
29842,COST_0.15,RLUSD/USDT,-,2026-08-16T12:00:00+00:00,2026-08-17T12:00:00+00:00,1.0012,1.0012,0.0,-0.3,0.3,-3.0,COST_ONLY_CANDIDATE
29933,COST_0.20,USDE/USDT,-,2026-07-26T16:00:00+00:00,2026-07-27T16:00:00+00:00,1.0009,1.0009,0.0,-0.4,0.4,-4.0,COST_ONLY_CANDIDATE
30139,COST_0.20,RLUSD/USDT,-,2026-08-12T18:00:00+00:00,2026-08-13T18:00:00+00:00,1.0011,1.0011,0.0,-0.4,0.4,-4.0,COST_ONLY_CANDIDATE
30155,COST_0.20,USDC/USDT,-,2026-08-14T04:00:00+00:00,2026-08-15T04:00:00+00:00,1.00088,1.00088,0.0,-0.4,0.4,-4.0,COST_ONLY_CANDIDATE
30160,COST_0.20,U/USDT,-,2026-08-14T09:00:00+00:00,2026-08-15T09:00:00+00:00,1.0005,1.0005,0.0,-0.4,0.4,-4.0,COST_ONLY_CANDIDATE
30186,COST_0.20,RLUSD/USDT,-,2026-08-16T12:00:00+00:00,2026-08-17T12:00:00+00:00,1.0012,1.0012,0.0,-0.4,0.4,-4.0,COST_ONLY_CANDIDATE
30277,COST_0.30,USDE/USDT,-,2026-07-26T16:00:00+00:00,2026-07-27T16:00:00+00:00,1.0009,1.0009,0.0,-0.6,0.6,-6.0,COST_ONLY_CANDIDATE
30483,COST_0.30,RLUSD/USDT,-,2026-08-12T18:00:00+00:00,2026-08-13T18:00:00+00:00,1.0011,1.0011,0.0,-0.6,0.6,-6.0,COST_ONLY_CANDIDATE
30499,COST_0.30,USDC/USDT,-,2026-08-14T04:00:00+00:00,2026-08-15T04:00:00+00:00,1.00088,1.00088,0.0,-0.6,0.6,-6.0,COST_ONLY_CANDIDATE
30504,COST_0.30,U/USDT,-,2026-08-14T09:00:00+00:00,2026-08-15T09:00:00+00:00,1.0005,1.0005,0.0,-0.6,0.6,-6.0,COST_ONLY_CANDIDATE
30530,COST_0.30,RLUSD/USDT,-,2026-08-16T12:00:00+00:00,2026-08-17T12:00:00+00:00,1.0012,1.0012,0.0,-0.6,0.6,-6.0,COST_ONLY_CANDIDATE
30628,ROBUST_72_SL5_TP10_CD6_P7,USDE/USDT,-,2026-07-26T16:00:00+00:00,2026-07-27T16:00:00+00:00,1.0009,1.0009,0.0,-0.2,0.2,-2.0,COST_ONLY_CANDIDATE
30775,ROBUST_72_SL5_TP10_CD6_P7,RLUSD/USDT,-,2026-08-12T18:00:00+00:00,2026-08-13T18:00:00+00:00,1.0011,1.0011,0.0,-0.2,0.2,-2.0,COST_ONLY_CANDIDATE
30788,ROBUST_72_SL5_TP10_CD6_P7,U/USDT,-,2026-08-14T09:00:00+00:00,2026-08-15T09:00:00+00:00,1.0005,1.0005,0.0,-0.2,0.2,-2.0,COST_ONLY_CANDIDATE
30809,ROBUST_72_SL5_TP10_CD6_P7,RLUSD/USDT,-,2026-08-16T12:00:00+00:00,2026-08-17T12:00:00+00:00,1.0012,1.0012,0.0,-0.2,0.2,-2.0,COST_ONLY_CANDIDATE
30839,ROBUST_78_SL5_TP10_CD6_P7,USDE/USDT,-,2026-07-26T16:00:00+00:00,2026-07-27T16:00:00+00:00,1.0009,1.0009,0.0,-0.2,0.2,-2.0,COST_ONLY_CANDIDATE
30853,ROBUST_78_SL5_TP10_CD6_P7,U/USDT,-,2026-07-28T13:00:00+00:00,2026-07-29T13:00:00+00:00,1.0008,1.0008,0.0,-0.2,0.2,-2.0,COST_ONLY_CANDIDATE
30997,ROBUST_78_SL5_TP10_CD6_P7,USDC/USDT,-,2026-08-14T04:00:00+00:00,2026-08-15T04:00:00+00:00,1.00088,1.00088,0.0,-0.2,0.2,-2.0,COST_ONLY_CANDIDATE
31000,ROBUST_78_SL5_TP10_CD6_P7,U/USDT,-,2026-08-14T09:00:00+00:00,2026-08-15T09:00:00+00:00,1.0005,1.0005,0.0,-0.2,0.2,-2.0,COST_ONLY_CANDIDATE
31050,ROBUST_78_SL5_TP12_CD6_P7,USDE/USDT,-,2026-07-26T16:00:00+00:00,2026-07-27T16:00:00+00:00,1.0009,1.0009,0.0,-0.2,0.2,-2.0,COST_ONLY_CANDIDATE
31064,ROBUST_78_SL5_TP12_CD6_P7,U/USDT,-,2026-07-28T13:00:00+00:00,2026-07-29T13:00:00+00:00,1.0008,1.0008,0.0,-0.2,0.2,-2.0,COST_ONLY_CANDIDATE
31205,ROBUST_78_SL5_TP12_CD6_P7,U/USDT,-,2026-08-14T09:00:00+00:00,2026-08-15T09:00:00+00:00,1.0005,1.0005,0.0,-0.2,0.2,-2.0,COST_ONLY_CANDIDATE
31224,ROBUST_78_SL5_TP12_CD6_P7,RLUSD/USDT,-,2026-08-16T12:00:00+00:00,2026-08-17T12:00:00+00:00,1.0012,1.0012,0.0,-0.2,0.2,-2.0,COST_ONLY_CANDIDATE
31252,ROBUST_78_SL4_TP12_CD6_P7,USDE/USDT,-,2026-07-26T16:00:00+00:00,2026-07-27T16:00:00+00:00,1.0009,1.0009,0.0,-0.2,0.2,-2.0,COST_ONLY_CANDIDATE
31347,ROBUST_78_SL4_TP12_CD6_P7,FDUSD/USDT,-,2026-08-06T01:00:00+00:00,2026-08-07T01:00:00+00:00,0.9982,0.9982,0.0,-0.2,0.2,-2.0,COST_ONLY_CANDIDATE
31369,ROBUST_78_SL4_TP12_CD6_P7,TREE/USDT,-,2026-08-09T04:00:00+00:00,2026-08-10T04:00:00+00:00,0.0377,0.0377,0.0,-0.2,0.2,-2.0,COST_ONLY_CANDIDATE
31462,ROBUST_78_SL5_TP10_CD24_P5,USDE/USDT,-,2026-07-26T16:00:00+00:00,2026-07-27T16:00:00+00:00,1.0009,1.0009,0.0,-0.2,0.2,-2.0,COST_ONLY_CANDIDATE
31523,ROBUST_78_SL5_TP10_CD24_P5,FDUSD/USDT,-,2026-08-06T01:00:00+00:00,2026-08-07T01:00:00+00:00,0.9982,0.9982,0.0,-0.2,0.2,-2.0,COST_ONLY_CANDIDATE
31572,ROBUST_78_SL5_TP10_CD24_P5,USDC/USDT,-,2026-08-14T04:00:00+00:00,2026-08-15T04:00:00+00:00,1.00088,1.00088,0.0,-0.2,0.2,-2.0,COST_ONLY_CANDIDATE
31609,ROBUST_78_SL5_TP12_CD24_P5,USDE/USDT,-,2026-07-26T16:00:00+00:00,2026-07-27T16:00:00+00:00,1.0009,1.0009,0.0,-0.2,0.2,-2.0,COST_ONLY_CANDIDATE
31668,ROBUST_78_SL5_TP12_CD24_P5,FDUSD/USDT,-,2026-08-06T01:00:00+00:00,2026-08-07T01:00:00+00:00,0.9982,0.9982,0.0,-0.2,0.2,-2.0,COST_ONLY_CANDIDATE
31733,ROBUST_78_SL5_TP12_CD24_P5,RLUSD/USDT,-,2026-08-16T12:00:00+00:00,2026-08-17T12:00:00+00:00,1.0012,1.0012,0.0,-0.2,0.2,-2.0,COST_ONLY_CANDIDATE
