type,category,scenario,symbol,row,detail
REAL_DATA_ISSUE,FLAT_PRICE_NONZERO_RETURN,S72_SL4_TP8,USDE/USDT,75,"entry=exit=1.0009, return_pct=-0.20000000%"
REAL_DATA_ISSUE,FLAT_PRICE_NONZERO_RETURN,S72_SL4_TP8,XUSD/USDT,93,"entry=exit=1.0012, return_pct=-0.20000000%"
REAL_DATA_ISSUE,FLAT_PRICE_NONZERO_RETURN,S72_SL4_TP8,GPS/USDT,233,"entry=exit=0.00991, return_pct=-0.20000000%"
REAL_DATA_ISSUE,FLAT_PRICE_NONZERO_RETURN,S72_SL4_TP8,TREE/USDT,250,"entry=exit=0.0377, return_pct=-0.20000000%"
REAL_DATA_ISSUE,FLAT_PRICE_NONZERO_RETURN,S72_SL4_TP8,RLUSD/USDT,349,"entry=exit=1.0012, return_pct=-0.20000000%"
REAL_DATA_ISSUE,FLAT_PRICE_NONZERO_RETURN,S72_SL4_TP10,USDE/USDT,471,"entry=exit=1.0009, return_pct=-0.20000000%"
REAL_DATA_ISSUE,FLAT_PRICE_NONZERO_RETURN,S72_SL4_TP10,XUSD/USDT,489,"entry=exit=1.0012, return_pct=-0.20000000%"
REAL_DATA_ISSUE,FLAT_PRICE_NONZERO_RETURN,S72_SL4_TP10,USDC/USDT,704,"entry=exit=1.00088, return_pct=-0.20000000%"
REAL_DATA_ISSUE,FLAT_PRICE_NONZERO_RETURN,S72_SL4_TP12,USDE/USDT,844,"entry=exit=1.0009, return_pct=-0.20000000%"
REAL_DATA_ISSUE,FLAT_PRICE_NONZERO_RETURN,S72_SL4_TP12,XUSD/USDT,862,"entry=exit=1.0012, return_pct=-0.20000000%"
REAL_DATA_ISSUE,FLAT_PRICE_NONZERO_RETURN,S72_SL4_TP12,GPS/USDT,993,"entry=exit=0.00991, return_pct=-0.20000000%"
REAL_DATA_ISSUE,FLAT_PRICE_NONZERO_RETURN,S72_SL4_TP12,USDC/USDT,1073,"entry=exit=1.00088, return_pct=-0.20000000%"
REAL_DATA_ISSUE,FLAT_PRICE_NONZERO_RETURN,S72_SL4_TP12,U/USDT,1077,"entry=exit=1.0005, return_pct=-0.20000000%"
REAL_DATA_ISSUE,FLAT_PRICE_NONZERO_RETURN,S72_SL4_TP12,RLUSD/USDT,1104,"entry=exit=1.0012, return_pct=-0.20000000%"
REAL_DATA_ISSUE,FLAT_PRICE_NONZERO_RETURN,S72_SL4_TP15,USDE/USDT,1219,"entry=exit=1.0009, return_pct=-0.20000000%"
REAL_DATA_ISSUE,FLAT_PRICE_NONZERO_RETURN,S72_SL4_TP15,XUSD/USDT,1237,"entry=exit=1.0012, return_pct=-0.20000000%"
REAL_DATA_ISSUE,FLAT_PRICE_NONZERO_RETURN,S72_SL4_TP15,USDC/USDT,1441,"entry=exit=1.00088, return_pct=-0.20000000%"
REAL_DATA_ISSUE,FLAT_PRICE_NONZERO_RETURN,S72_SL4_TP15,U/USDT,1443,"entry=exit=1.0005, return_pct=-0.20000000%"
REAL_DATA_ISSUE,FLAT_PRICE_NONZERO_RETURN,S72_SL4_TP15,RLUSD/USDT,1472,"entry=exit=1.0012, return_pct=-0.20000000%"
REAL_DATA_ISSUE,FLAT_PRICE_NONZERO_RETURN,S72_SL5_TP8,USDE/USDT,1587,"entry=exit=1.0009, return_pct=-0.20000000%"
REAL_DATA_ISSUE,FLAT_PRICE_NONZERO_RETURN,S72_SL5_TP8,XUSD/USDT,1605,"entry=exit=1.0012, return_pct=-0.20000000%"
REAL_DATA_ISSUE,FLAT_PRICE_NONZERO_RETURN,S72_SL5_TP8,TREE/USDT,1731,"entry=exit=0.0359, return_pct=-0.20000000%"
REAL_DATA_ISSUE,FLAT_PRICE_NONZERO_RETURN,S72_SL5_TP8,U/USDT,1840,"entry=exit=1.0005, return_pct=-0.20000000%"
REAL_DATA_ISSUE,FLAT_PRICE_NONZERO_RETURN,S72_SL5_TP10,USDE/USDT,1958,"entry=exit=1.0009, return_pct=-0.20000000%"
REAL_DATA_ISSUE,FLAT_PRICE_NONZERO_RETURN,S72_SL5_TP10,RLUSD/USDT,2160,"entry=exit=1.0011, return_pct=-0.20000000%"
REAL_DATA_ISSUE,FLAT_PRICE_NONZERO_RETURN,S72_SL5_TP10,U/USDT,2182,"entry=exit=1.0005, return_pct=-0.20000000%"
REAL_DATA_ISSUE,FLAT_PRICE_NONZERO_RETURN,S72_SL5_TP10,RLUSD/USDT,2208,"entry=exit=1.0012, return_pct=-0.20000000%"
REAL_DATA_ISSUE,FLAT_PRICE_NONZERO_RETURN,S72_SL5_TP12,USDE/USDT,2319,"entry=exit=1.0009, return_pct=-0.20000000%"
REAL_DATA_ISSUE,FLAT_PRICE_NONZERO_RETURN,S72_SL5_TP12,U/USDT,2541,"entry=exit=1.0005, return_pct=-0.20000000%"
REAL_DATA_ISSUE,FLAT_PRICE_NONZERO_RETURN,S72_SL5_TP12,U/USDT,2566,"entry=exit=1.0005, return_pct=-0.20000000%"
REAL_DATA_ISSUE,FLAT_PRICE_NONZERO_RETURN,S72_SL5_TP15,USDE/USDT,2674,"entry=exit=1.0009, return_pct=-0.20000000%"
REAL_DATA_ISSUE,FLAT_PRICE_NONZERO_RETURN,S72_SL5_TP15,RLUSD/USDT,2874,"entry=exit=1.0011, return_pct=-0.20000000%"
REAL_DATA_ISSUE,FLAT_PRICE_NONZERO_RETURN,S72_SL5_TP15,U/USDT,2894,"entry=exit=1.0005, return_pct=-0.20000000%"
REAL_DATA_ISSUE,FLAT_PRICE_NONZERO_RETURN,S72_SL6_TP8,USDE/USDT,3026,"entry=exit=1.0009, return_pct=-0.20000000%"
REAL_DATA_ISSUE,FLAT_PRICE_NONZERO_RETURN,S72_SL6_TP8,XUSD/USDT,3044,"entry=exit=1.0012, return_pct=-0.20000000%"
REAL_DATA_ISSUE,FLAT_PRICE_NONZERO_RETURN,S72_SL6_TP8,TREE/USDT,3188,"entry=exit=0.0377, return_pct=-0.20000000%"
REAL_DATA_ISSUE,FLAT_PRICE_NONZERO_RETURN,S72_SL6_TP8,USDC/USDT,3246,"entry=exit=1.00088, return_pct=-0.20000000%"
REAL_DATA_ISSUE,FLAT_PRICE_NONZERO_RETURN,S72_SL6_TP8,U/USDT,3270,"entry=exit=1.0005, return_pct=-0.20000000%"
REAL_DATA_ISSUE,FLAT_PRICE_NONZERO_RETURN,S72_SL6_TP8,RLUSD/USDT,3277,"entry=exit=1.0012, return_pct=-0.20000000%"
REAL_DATA_ISSUE,FLAT_PRICE_NONZERO_RETURN,S72_SL6_TP10,USDE/USDT,3391,"entry=exit=1.0009, return_pct=-0.20000000%"
REAL_DATA_ISSUE,FLAT_PRICE_NONZERO_RETURN,S72_SL6_TP10,U/USDT,3611,"entry=exit=1.0005, return_pct=-0.20000000%"
REAL_DATA_ISSUE,FLAT_PRICE_NONZERO_RETURN,S72_SL6_TP10,U/USDT,3631,"entry=exit=1.0005, return_pct=-0.20000000%"
REAL_DATA_ISSUE,FLAT_PRICE_NONZERO_RETURN,S72_SL6_TP10,RLUSD/USDT,3636,"entry=exit=1.0012, return_pct=-0.20000000%"
REAL_DATA_ISSUE,FLAT_PRICE_NONZERO_RETURN,S72_SL6_TP12,USDE/USDT,3742,"entry=exit=1.0009, return_pct=-0.20000000%"
REAL_DATA_ISSUE,FLAT_PRICE_NONZERO_RETURN,S72_SL6_TP12,USDC/USDT,3957,"entry=exit=1.00088, return_pct=-0.20000000%"
REAL_DATA_ISSUE,FLAT_PRICE_NONZERO_RETURN,S72_SL6_TP12,U/USDT,3960,"entry=exit=1.0005, return_pct=-0.20000000%"
REAL_DATA_ISSUE,FLAT_PRICE_NONZERO_RETURN,S72_SL6_TP12,U/USDT,3982,"entry=exit=1.0005, return_pct=-0.20000000%"
REAL_DATA_ISSUE,FLAT_PRICE_NONZERO_RETURN,S72_SL6_TP12,RLUSD/USDT,3984,"entry=exit=1.0012, return_pct=-0.20000000%"
REAL_DATA_ISSUE,FLAT_PRICE_NONZERO_RETURN,S72_SL6_TP15,USDE/USDT,4095,"entry=exit=1.0009, return_pct=-0.20000000%"
REAL_DATA_ISSUE,FLAT_PRICE_NONZERO_RETURN,S72_SL6_TP15,RLUSD/USDT,4293,"entry=exit=1.0011, return_pct=-0.20000000%"
REAL_DATA_ISSUE,FLAT_PRICE_NONZERO_RETURN,S72_SL6_TP15,U/USDT,4312,"entry=exit=1.0005, return_pct=-0.20000000%"
REAL_DATA_ISSUE,FLAT_PRICE_NONZERO_RETURN,S72_SL6_TP15,U/USDT,4331,"entry=exit=1.0005, return_pct=-0.20000000%"
REAL_DATA_ISSUE,FLAT_PRICE_NONZERO_RETURN,S75_SL4_TP8,USDE/USDT,4426,"entry=exit=1.0009, return_pct=-0.20000000%"
REAL_DATA_ISSUE,FLAT_PRICE_NONZERO_RETURN,S75_SL4_TP8,U/USDT,4655,"entry=exit=1.0005, return_pct=-0.20000000%"
REAL_DATA_ISSUE,FLAT_PRICE_NONZERO_RETURN,S75_SL4_TP8,RLUSD/USDT,4682,"entry=exit=1.0012, return_pct=-0.20000000%"
REAL_DATA_ISSUE,FLAT_PRICE_NONZERO_RETURN,S75_SL4_TP10,USDE/USDT,4783,"entry=exit=1.0009, return_pct=-0.20000000%"
REAL_DATA_ISSUE,FLAT_PRICE_NONZERO_RETURN,S75_SL4_TP10,RLUSD/USDT,4817,"entry=exit=1.0013, return_pct=-0.20000000%"
REAL_DATA_ISSUE,FLAT_PRICE_NONZERO_RETURN,S75_SL4_TP10,ALPINE/USDT,4925,"entry=exit=0.321, return_pct=-0.20000000%"
REAL_DATA_ISSUE,FLAT_PRICE_NONZERO_RETURN,S75_SL4_TP12,USDE/USDT,5128,"entry=exit=1.0009, return_pct=-0.20000000%"
REAL_DATA_ISSUE,FLAT_PRICE_NONZERO_RETURN,S75_SL4_TP12,RLUSD/USDT,5161,"entry=exit=1.0013, return_pct=-0.20000000%"
REAL_DATA_ISSUE,FLAT_PRICE_NONZERO_RETURN,S75_SL4_TP12,U/USDT,5358,"entry=exit=1.0005, return_pct=-0.20000000%"
REAL_DATA_ISSUE,FLAT_PRICE_NONZERO_RETURN,S75_SL4_TP12,RLUSD/USDT,5385,"entry=exit=1.0012, return_pct=-0.20000000%"
REAL_DATA_ISSUE,FLAT_PRICE_NONZERO_RETURN,S75_SL4_TP15,USDE/USDT,5478,"entry=exit=1.0009, return_pct=-0.20000000%"
REAL_DATA_ISSUE,FLAT_PRICE_NONZERO_RETURN,S75_SL4_TP15,RLUSD/USDT,5510,"entry=exit=1.0013, return_pct=-0.20000000%"
REAL_DATA_ISSUE,FLAT_PRICE_NONZERO_RETURN,S75_SL4_TP15,RLUSD/USDT,5679,"entry=exit=1.0011, return_pct=-0.20000000%"
REAL_DATA_ISSUE,FLAT_PRICE_NONZERO_RETURN,S75_SL4_TP15,USDC/USDT,5695,"entry=exit=1.00088, return_pct=-0.20000000%"
REAL_DATA_ISSUE,FLAT_PRICE_NONZERO_RETURN,S75_SL4_TP15,U/USDT,5697,"entry=exit=1.0005, return_pct=-0.20000000%"
REAL_DATA_ISSUE,FLAT_PRICE_NONZERO_RETURN,S75_SL4_TP15,RLUSD/USDT,5722,"entry=exit=1.0012, return_pct=-0.20000000%"
REAL_DATA_ISSUE,FLAT_PRICE_NONZERO_RETURN,S75_SL5_TP8,USDE/USDT,5816,"entry=exit=1.0009, return_pct=-0.20000000%"
REAL_DATA_ISSUE,FLAT_PRICE_NONZERO_RETURN,S75_SL5_TP8,TREE/USDT,5953,"entry=exit=0.0359, return_pct=-0.20000000%"
REAL_DATA_ISSUE,FLAT_PRICE_NONZERO_RETURN,S75_SL5_TP8,GPS/USDT,5960,"entry=exit=0.00991, return_pct=-0.20000000%"
REAL_DATA_ISSUE,FLAT_PRICE_NONZERO_RETURN,S75_SL5_TP8,RLUSD/USDT,6019,"entry=exit=1.0011, return_pct=-0.20000000%"
REAL_DATA_ISSUE,FLAT_PRICE_NONZERO_RETURN,S75_SL5_TP8,USDC/USDT,6035,"entry=exit=1.00088, return_pct=-0.20000000%"
REAL_DATA_ISSUE,FLAT_PRICE_NONZERO_RETURN,S75_SL5_TP8,U/USDT,6039,"entry=exit=1.0005, return_pct=-0.20000000%"
REAL_DATA_ISSUE,FLAT_PRICE_NONZERO_RETURN,S75_SL5_TP10,USDE/USDT,6162,"entry=exit=1.0009, return_pct=-0.20000000%"
REAL_DATA_ISSUE,FLAT_PRICE_NONZERO_RETURN,S75_SL5_TP10,RLUSD/USDT,6368,"entry=exit=1.0011, return_pct=-0.20000000%"
REAL_DATA_ISSUE,FLAT_PRICE_NONZERO_RETURN,S75_SL5_TP10,USDC/USDT,6384,"entry=exit=1.00088, return_pct=-0.20000000%"
REAL_DATA_ISSUE,FLAT_PRICE_NONZERO_RETURN,S75_SL5_TP10,U/USDT,6389,"entry=exit=1.0005, return_pct=-0.20000000%"
REAL_DATA_ISSUE,FLAT_PRICE_NONZERO_RETURN,S75_SL5_TP10,RLUSD/USDT,6415,"entry=exit=1.0012, return_pct=-0.20000000%"
REAL_DATA_ISSUE,FLAT_PRICE_NONZERO_RETURN,S75_SL5_TP12,USDE/USDT,6506,"entry=exit=1.0009, return_pct=-0.20000000%"
REAL_DATA_ISSUE,FLAT_PRICE_NONZERO_RETURN,S75_SL5_TP12,RLUSD/USDT,6755,"entry=exit=1.0012, return_pct=-0.20000000%"
REAL_DATA_ISSUE,FLAT_PRICE_NONZERO_RETURN,S75_SL5_TP15,USDE/USDT,6847,"entry=exit=1.0009, return_pct=-0.20000000%"
REAL_DATA_ISSUE,FLAT_PRICE_NONZERO_RETURN,S75_SL5_TP15,PEPE/USDT,7000,"entry=exit=2.89e-06, return_pct=-0.20000000%"
REAL_DATA_ISSUE,FLAT_PRICE_NONZERO_RETURN,S75_SL5_TP15,USDC/USDT,7064,"entry=exit=1.00088, return_pct=-0.20000000%"
REAL_DATA_ISSUE,FLAT_PRICE_NONZERO_RETURN,S75_SL5_TP15,U/USDT,7067,"entry=exit=1.0005, return_pct=-0.20000000%"
REAL_DATA_ISSUE,FLAT_PRICE_NONZERO_RETURN,S75_SL6_TP8,USDE/USDT,7182,"entry=exit=1.0009, return_pct=-0.20000000%"
REAL_DATA_ISSUE,FLAT_PRICE_NONZERO_RETURN,S75_SL6_TP8,U/USDT,7404,"entry=exit=1.0005, return_pct=-0.20000000%"
REAL_DATA_ISSUE,FLAT_PRICE_NONZERO_RETURN,S75_SL6_TP10,USDE/USDT,7524,"entry=exit=1.0009, return_pct=-0.20000000%"
REAL_DATA_ISSUE,FLAT_PRICE_NONZERO_RETURN,S75_SL6_TP10,USDC/USDT,7742,"entry=exit=1.00088, return_pct=-0.20000000%"
REAL_DATA_ISSUE,FLAT_PRICE_NONZERO_RETURN,S75_SL6_TP10,U/USDT,7745,"entry=exit=1.0005, return_pct=-0.20000000%"
REAL_DATA_ISSUE,FLAT_PRICE_NONZERO_RETURN,S75_SL6_TP10,U/USDT,7765,"entry=exit=1.0005, return_pct=-0.20000000%"
REAL_DATA_ISSUE,FLAT_PRICE_NONZERO_RETURN,S75_SL6_TP12,USDE/USDT,7858,"entry=exit=1.0009, return_pct=-0.20000000%"
REAL_DATA_ISSUE,FLAT_PRICE_NONZERO_RETURN,S75_SL6_TP12,USDC/USDT,8072,"entry=exit=1.00088, return_pct=-0.20000000%"
REAL_DATA_ISSUE,FLAT_PRICE_NONZERO_RETURN,S75_SL6_TP12,U/USDT,8075,"entry=exit=1.0005, return_pct=-0.20000000%"
REAL_DATA_ISSUE,FLAT_PRICE_NONZERO_RETURN,S75_SL6_TP12,U/USDT,8095,"entry=exit=1.0005, return_pct=-0.20000000%"
REAL_DATA_ISSUE,FLAT_PRICE_NONZERO_RETURN,S75_SL6_TP15,USDE/USDT,8188,"entry=exit=1.0009, return_pct=-0.20000000%"
REAL_DATA_ISSUE,FLAT_PRICE_NONZERO_RETURN,S78_SL4_TP8,USDE/USDT,8474,"entry=exit=1.0009, return_pct=-0.20000000%"
REAL_DATA_ISSUE,FLAT_PRICE_NONZERO_RETURN,S78_SL4_TP8,PEPE/USDT,8642,"entry=exit=2.87e-06, return_pct=-0.20000000%"
REAL_DATA_ISSUE,FLAT_PRICE_NONZERO_RETURN,S78_SL4_TP8,U/USDT,8712,"entry=exit=1.0003, return_pct=-0.20000000%"
REAL_DATA_ISSUE,FLAT_PRICE_NONZERO_RETURN,S78_SL4_TP10,USDE/USDT,8787,"entry=exit=1.0009, return_pct=-0.20000000%"
REAL_DATA_ISSUE,FLAT_PRICE_NONZERO_RETURN,S78_SL4_TP10,GPS/USDT,8941,"entry=exit=0.00991, return_pct=-0.20000000%"
REAL_DATA_ISSUE,FLAT_PRICE_NONZERO_RETURN,S78_SL4_TP10,XUSD/USDT,9020,"entry=exit=1.0013, return_pct=-0.20000000%"
REAL_DATA_ISSUE,FLAT_PRICE_NONZERO_RETURN,S78_SL4_TP10,USDC/USDT,9021,"entry=exit=1.00088, return_pct=-0.20000000%"
REAL_DATA_ISSUE,FLAT_PRICE_NONZERO_RETURN,S78_SL4_TP12,USDE/USDT,9088,"entry=exit=1.0009, return_pct=-0.20000000%"
REAL_DATA_ISSUE,FLAT_PRICE_NONZERO_RETURN,S78_SL4_TP12,U/USDT,9320,"entry=exit=1.0005, return_pct=-0.20000000%"
REAL_DATA_ISSUE,FLAT_PRICE_NONZERO_RETURN,S78_SL4_TP15,USDE/USDT,9388,"entry=exit=1.0009, return_pct=-0.20000000%"
REAL_DATA_ISSUE,FLAT_PRICE_NONZERO_RETURN,S78_SL4_TP15,XUSD/USDT,9614,"entry=exit=1.0011, return_pct=-0.20000000%"
REAL_DATA_ISSUE,FLAT_PRICE_NONZERO_RETURN,S78_SL5_TP8,USDE/USDT,9679,"entry=exit=1.0009, return_pct=-0.20000000%"
REAL_DATA_ISSUE,FLAT_PRICE_NONZERO_RETURN,S78_SL5_TP8,U/USDT,9700,"entry=exit=1.0008, return_pct=-0.20000000%"
REAL_DATA_ISSUE,FLAT_PRICE_NONZERO_RETURN,S78_SL5_TP8,USDC/USDT,9901,"entry=exit=1.00088, return_pct=-0.20000000%"
REAL_DATA_ISSUE,FLAT_PRICE_NONZERO_RETURN,S78_SL5_TP8,U/USDT,9906,"entry=exit=1.0006, return_pct=-0.20000000%"
REAL_DATA_ISSUE,FLAT_PRICE_NONZERO_RETURN,S78_SL5_TP10,USDE/USDT,9978,"entry=exit=1.0009, return_pct=-0.20000000%"
REAL_DATA_ISSUE,FLAT_PRICE_NONZERO_RETURN,S78_SL5_TP10,U/USDT,9999,"entry=exit=1.0008, return_pct=-0.20000000%"
REAL_DATA_ISSUE,FLAT_PRICE_NONZERO_RETURN,S78_SL5_TP10,USDC/USDT,10202,"entry=exit=1.00088, return_pct=-0.20000000%"
REAL_DATA_ISSUE,FLAT_PRICE_NONZERO_RETURN,S78_SL5_TP10,U/USDT,10206,"entry=exit=1.0005, return_pct=-0.20000000%"
REAL_DATA_ISSUE,FLAT_PRICE_NONZERO_RETURN,S78_SL5_TP10,RLUSD/USDT,10231,"entry=exit=1.0012, return_pct=-0.20000000%"
REAL_DATA_ISSUE,FLAT_PRICE_NONZERO_RETURN,S78_SL5_TP12,USDE/USDT,10272,"entry=exit=1.0009, return_pct=-0.20000000%"
REAL_DATA_ISSUE,FLAT_PRICE_NONZERO_RETURN,S78_SL5_TP12,U/USDT,10293,"entry=exit=1.0008, return_pct=-0.20000000%"
REAL_DATA_ISSUE,FLAT_PRICE_NONZERO_RETURN,S78_SL5_TP12,USDC/USDT,10493,"entry=exit=1.00088, return_pct=-0.20000000%"
REAL_DATA_ISSUE,FLAT_PRICE_NONZERO_RETURN,S78_SL5_TP12,U/USDT,10498,"entry=exit=1.0005, return_pct=-0.20000000%"
REAL_DATA_ISSUE,FLAT_PRICE_NONZERO_RETURN,S78_SL5_TP12,RLUSD/USDT,10522,"entry=exit=1.0012, return_pct=-0.20000000%"
REAL_DATA_ISSUE,FLAT_PRICE_NONZERO_RETURN,S78_SL5_TP15,USDE/USDT,10561,"entry=exit=1.0009, return_pct=-0.20000000%"
REAL_DATA_ISSUE,FLAT_PRICE_NONZERO_RETURN,S78_SL5_TP15,U/USDT,10582,"entry=exit=1.0008, return_pct=-0.20000000%"
REAL_DATA_ISSUE,FLAT_PRICE_NONZERO_RETURN,S78_SL5_TP15,EURI/USDT,10714,"entry=exit=1.1559, return_pct=-0.20000000%"
REAL_DATA_ISSUE,FLAT_PRICE_NONZERO_RETURN,S78_SL5_TP15,USDC/USDT,10776,"entry=exit=1.00088, return_pct=-0.20000000%"
REAL_DATA_ISSUE,FLAT_PRICE_NONZERO_RETURN,S78_SL5_TP15,U/USDT,10779,"entry=exit=1.0005, return_pct=-0.20000000%"
REAL_DATA_ISSUE,FLAT_PRICE_NONZERO_RETURN,S78_SL5_TP15,U/USDT,10801,"entry=exit=1.0005, return_pct=-0.20000000%"
REAL_DATA_ISSUE,FLAT_PRICE_NONZERO_RETURN,S78_SL5_TP15,RLUSD/USDT,10805,"entry=exit=1.0012, return_pct=-0.20000000%"
REAL_DATA_ISSUE,FLAT_PRICE_NONZERO_RETURN,S78_SL6_TP8,USDE/USDT,10845,"entry=exit=1.0009, return_pct=-0.20000000%"
REAL_DATA_ISSUE,FLAT_PRICE_NONZERO_RETURN,S78_SL6_TP8,ALPINE/USDT,10985,"entry=exit=0.321, return_pct=-0.20000000%"
REAL_DATA_ISSUE,FLAT_PRICE_NONZERO_RETURN,S78_SL6_TP8,USDC/USDT,11066,"entry=exit=1.00088, return_pct=-0.20000000%"
REAL_DATA_ISSUE,FLAT_PRICE_NONZERO_RETURN,S78_SL6_TP8,U/USDT,11068,"entry=exit=1.0005, return_pct=-0.20000000%"
REAL_DATA_ISSUE,FLAT_PRICE_NONZERO_RETURN,S78_SL6_TP10,USDE/USDT,11137,"entry=exit=1.0009, return_pct=-0.20000000%"
REAL_DATA_ISSUE,FLAT_PRICE_NONZERO_RETURN,S78_SL6_TP10,U/USDT,11360,"entry=exit=1.0005, return_pct=-0.20000000%"
REAL_DATA_ISSUE,FLAT_PRICE_NONZERO_RETURN,S78_SL6_TP10,XUSD/USDT,11361,"entry=exit=1.0011, return_pct=-0.20000000%"
REAL_DATA_ISSUE,FLAT_PRICE_NONZERO_RETURN,S78_SL6_TP10,BMT/USDT,11400,"entry=exit=0.01605, return_pct=-0.20000000%"
REAL_DATA_ISSUE,FLAT_PRICE_NONZERO_RETURN,S78_SL6_TP12,USDE/USDT,11421,"entry=exit=1.0009, return_pct=-0.20000000%"
REAL_DATA_ISSUE,FLAT_PRICE_NONZERO_RETURN,S78_SL6_TP12,ALPINE/USDT,11557,"entry=exit=0.321, return_pct=-0.20000000%"
REAL_DATA_ISSUE,FLAT_PRICE_NONZERO_RETURN,S78_SL6_TP12,KORUB/USDT,11577,"entry=exit=17.46, return_pct=-0.20000000%"
REAL_DATA_ISSUE,FLAT_PRICE_NONZERO_RETURN,S78_SL6_TP12,USDC/USDT,11636,"entry=exit=1.00088, return_pct=-0.20000000%"
REAL_DATA_ISSUE,FLAT_PRICE_NONZERO_RETURN,S78_SL6_TP12,U/USDT,11638,"entry=exit=1.0005, return_pct=-0.20000000%"
REAL_DATA_ISSUE,FLAT_PRICE_NONZERO_RETURN,S78_SL6_TP12,U/USDT,11661,"entry=exit=1.0005, return_pct=-0.20000000%"
REAL_DATA_ISSUE,FLAT_PRICE_NONZERO_RETURN,S78_SL6_TP15,USDE/USDT,11703,"entry=exit=1.0009, return_pct=-0.20000000%"
REAL_DATA_ISSUE,FLAT_PRICE_NONZERO_RETURN,S78_SL6_TP15,TREE/USDT,11833,"entry=exit=0.0359, return_pct=-0.20000000%"
REAL_DATA_ISSUE,FLAT_PRICE_NONZERO_RETURN,S78_SL6_TP15,TREE/USDT,11856,"entry=exit=0.0377, return_pct=-0.20000000%"
REAL_DATA_ISSUE,FLAT_PRICE_NONZERO_RETURN,S78_SL6_TP15,USDC/USDT,11911,"entry=exit=1.00088, return_pct=-0.20000000%"
REAL_DATA_ISSUE,FLAT_PRICE_NONZERO_RETURN,S78_SL6_TP15,U/USDT,11933,"entry=exit=1.0005, return_pct=-0.20000000%"
REAL_DATA_ISSUE,FLAT_PRICE_NONZERO_RETURN,S78_SL6_TP15,RLUSD/USDT,11937,"entry=exit=1.0012, return_pct=-0.20000000%"
REAL_DATA_ISSUE,FLAT_PRICE_NONZERO_RETURN,S80_SL4_TP8,USDE/USDT,11977,"entry=exit=1.0009, return_pct=-0.20000000%"
REAL_DATA_ISSUE,FLAT_PRICE_NONZERO_RETURN,S80_SL4_TP8,GPS/USDT,12133,"entry=exit=0.00991, return_pct=-0.20000000%"
REAL_DATA_ISSUE,FLAT_PRICE_NONZERO_RETURN,S80_SL4_TP8,USDC/USDT,12210,"entry=exit=1.00088, return_pct=-0.20000000%"
REAL_DATA_ISSUE,FLAT_PRICE_NONZERO_RETURN,S80_SL4_TP8,RLUSD/USDT,12242,"entry=exit=1.0012, return_pct=-0.20000000%"
REAL_DATA_ISSUE,FLAT_PRICE_NONZERO_RETURN,S80_SL4_TP10,USDE/USDT,12290,"entry=exit=1.0009, return_pct=-0.20000000%"
REAL_DATA_ISSUE,FLAT_PRICE_NONZERO_RETURN,S80_SL4_TP10,ALPINE/USDT,12443,"entry=exit=0.321, return_pct=-0.20000000%"
REAL_DATA_ISSUE,FLAT_PRICE_NONZERO_RETURN,S80_SL4_TP10,RLUSD/USDT,12511,"entry=exit=1.0011, return_pct=-0.20000000%"
REAL_DATA_ISSUE,FLAT_PRICE_NONZERO_RETURN,S80_SL4_TP10,USDC/USDT,12529,"entry=exit=1.00088, return_pct=-0.20000000%"
REAL_DATA_ISSUE,FLAT_PRICE_NONZERO_RETURN,S80_SL4_TP12,USDE/USDT,12597,"entry=exit=1.0009, return_pct=-0.20000000%"
REAL_DATA_ISSUE,FLAT_PRICE_NONZERO_RETURN,S80_SL4_TP12,PLUME/USDT,12762,"entry=exit=0.012, return_pct=-0.20000000%"
REAL_DATA_ISSUE,FLAT_PRICE_NONZERO_RETURN,S80_SL4_TP12,USDC/USDT,12824,"entry=exit=1.00088, return_pct=-0.20000000%"
REAL_DATA_ISSUE,FLAT_PRICE_NONZERO_RETURN,S80_SL4_TP12,U/USDT,12828,"entry=exit=1.0006, return_pct=-0.20000000%"
REAL_DATA_ISSUE,FLAT_PRICE_NONZERO_RETURN,S80_SL4_TP15,USDE/USDT,12893,"entry=exit=1.0009, return_pct=-0.20000000%"
REAL_DATA_ISSUE,FLAT_PRICE_NONZERO_RETURN,S80_SL4_TP15,RLUSD/USDT,13103,"entry=exit=1.0011, return_pct=-0.20000000%"
REAL_DATA_ISSUE,FLAT_PRICE_NONZERO_RETURN,S80_SL4_TP15,RLUSD/USDT,13150,"entry=exit=1.0012, return_pct=-0.20000000%"
REAL_DATA_ISSUE,FLAT_PRICE_NONZERO_RETURN,S80_SL5_TP8,USDE/USDT,13190,"entry=exit=1.0009, return_pct=-0.20000000%"
REAL_DATA_ISSUE,FLAT_PRICE_NONZERO_RETURN,S80_SL5_TP8,U/USDT,13211,"entry=exit=1.0008, return_pct=-0.20000000%"
REAL_DATA_ISSUE,FLAT_PRICE_NONZERO_RETURN,S80_SL5_TP8,ALPINE/USDT,13337,"entry=exit=0.321, return_pct=-0.20000000%"
REAL_DATA_ISSUE,FLAT_PRICE_NONZERO_RETURN,S80_SL5_TP8,USDC/USDT,13421,"entry=exit=1.00088, return_pct=-0.20000000%"
REAL_DATA_ISSUE,FLAT_PRICE_NONZERO_RETURN,S80_SL5_TP10,USDE/USDT,13493,"entry=exit=1.0009, return_pct=-0.20000000%"
REAL_DATA_ISSUE,FLAT_PRICE_NONZERO_RETURN,S80_SL5_TP10,U/USDT,13514,"entry=exit=1.0008, return_pct=-0.20000000%"
REAL_DATA_ISSUE,FLAT_PRICE_NONZERO_RETURN,S80_SL5_TP10,WLD/USDT,13682,"entry=exit=0.3406, return_pct=-0.20000000%"
REAL_DATA_ISSUE,FLAT_PRICE_NONZERO_RETURN,S80_SL5_TP10,U/USDT,13719,"entry=exit=1.0005, return_pct=-0.20000000%"
REAL_DATA_ISSUE,FLAT_PRICE_NONZERO_RETURN,S80_SL5_TP10,U/USDT,13741,"entry=exit=1.0005, return_pct=-0.20000000%"
REAL_DATA_ISSUE,FLAT_PRICE_NONZERO_RETURN,S80_SL5_TP12,USDE/USDT,13783,"entry=exit=1.0009, return_pct=-0.20000000%"
REAL_DATA_ISSUE,FLAT_PRICE_NONZERO_RETURN,S80_SL5_TP12,U/USDT,13804,"entry=exit=1.0008, return_pct=-0.20000000%"
REAL_DATA_ISSUE,FLAT_PRICE_NONZERO_RETURN,S80_SL5_TP12,TREE/USDT,13921,"entry=exit=0.0359, return_pct=-0.20000000%"
REAL_DATA_ISSUE,FLAT_PRICE_NONZERO_RETURN,S80_SL5_TP12,ALPINE/USDT,13922,"entry=exit=0.321, return_pct=-0.20000000%"
REAL_DATA_ISSUE,FLAT_PRICE_NONZERO_RETURN,S80_SL5_TP15,USDE/USDT,14072,"entry=exit=1.0009, return_pct=-0.20000000%"
REAL_DATA_ISSUE,FLAT_PRICE_NONZERO_RETURN,S80_SL5_TP15,U/USDT,14093,"entry=exit=1.0008, return_pct=-0.20000000%"
REAL_DATA_ISSUE,FLAT_PRICE_NONZERO_RETURN,S80_SL5_TP15,RLUSD/USDT,14272,"entry=exit=1.0011, return_pct=-0.20000000%"
REAL_DATA_ISSUE,FLAT_PRICE_NONZERO_RETURN,S80_SL5_TP15,U/USDT,14312,"entry=exit=1.0005, return_pct=-0.20000000%"
REAL_DATA_ISSUE,FLAT_PRICE_NONZERO_RETURN,S80_SL6_TP8,USDE/USDT,14352,"entry=exit=1.0009, return_pct=-0.20000000%"
REAL_DATA_ISSUE,FLAT_PRICE_NONZERO_RETURN,S80_SL6_TP8,WLD/USDT,14537,"entry=exit=0.3406, return_pct=-0.20000000%"
REAL_DATA_ISSUE,FLAT_PRICE_NONZERO_RETURN,S80_SL6_TP8,USDC/USDT,14575,"entry=exit=1.00088, return_pct=-0.20000000%"
REAL_DATA_ISSUE,FLAT_PRICE_NONZERO_RETURN,S80_SL6_TP8,U/USDT,14577,"entry=exit=1.0005, return_pct=-0.20000000%"
REAL_DATA_ISSUE,FLAT_PRICE_NONZERO_RETURN,S80_SL6_TP8,U/USDT,14597,"entry=exit=1.0005, return_pct=-0.20000000%"
REAL_DATA_ISSUE,FLAT_PRICE_NONZERO_RETURN,S80_SL6_TP8,RLUSD/USDT,14601,"entry=exit=1.0012, return_pct=-0.20000000%"
REAL_DATA_ISSUE,FLAT_PRICE_NONZERO_RETURN,S80_SL6_TP10,USDE/USDT,14646,"entry=exit=1.0009, return_pct=-0.20000000%"
REAL_DATA_ISSUE,FLAT_PRICE_NONZERO_RETURN,S80_SL6_TP10,USDC/USDT,14859,"entry=exit=1.00088, return_pct=-0.20000000%"
REAL_DATA_ISSUE,FLAT_PRICE_NONZERO_RETURN,S80_SL6_TP10,U/USDT,14882,"entry=exit=1.0005, return_pct=-0.20000000%"
REAL_DATA_ISSUE,FLAT_PRICE_NONZERO_RETURN,S80_SL6_TP12,USDE/USDT,14925,"entry=exit=1.0009, return_pct=-0.20000000%"
REAL_DATA_ISSUE,FLAT_PRICE_NONZERO_RETURN,S80_SL6_TP12,RLUSD/USDT,15167,"entry=exit=1.0012, return_pct=-0.20000000%"
REAL_DATA_ISSUE,FLAT_PRICE_NONZERO_RETURN,S80_SL6_TP15,USDE/USDT,15206,"entry=exit=1.0009, return_pct=-0.20000000%"
REAL_DATA_ISSUE,FLAT_PRICE_NONZERO_RETURN,S80_SL6_TP15,TREE/USDT,15337,"entry=exit=0.0359, return_pct=-0.20000000%"
REAL_DATA_ISSUE,FLAT_PRICE_NONZERO_RETURN,S80_SL6_TP15,PEPE/USDT,15349,"entry=exit=2.87e-06, return_pct=-0.20000000%"
REAL_DATA_ISSUE,FLAT_PRICE_NONZERO_RETURN,S80_SL6_TP15,PLUME/USDT,15354,"entry=exit=0.012, return_pct=-0.20000000%"
REAL_DATA_ISSUE,FLAT_PRICE_NONZERO_RETURN,S80_SL6_TP15,USDC/USDT,15415,"entry=exit=1.00088, return_pct=-0.20000000%"
REAL_DATA_ISSUE,FLAT_PRICE_NONZERO_RETURN,S80_SL6_TP15,U/USDT,15437,"entry=exit=1.0005, return_pct=-0.20000000%"
REAL_DATA_ISSUE,FLAT_PRICE_NONZERO_RETURN,S80_SL6_TP15,RLUSD/USDT,15441,"entry=exit=1.0012, return_pct=-0.20000000%"
REAL_DATA_ISSUE,FLAT_PRICE_NONZERO_RETURN,S82_SL4_TP8,USDE/USDT,15482,"entry=exit=1.0009, return_pct=-0.20000000%"
REAL_DATA_ISSUE,FLAT_PRICE_NONZERO_RETURN,S82_SL4_TP8,ALPINE/USDT,15630,"entry=exit=0.321, return_pct=-0.20000000%"
REAL_DATA_ISSUE,FLAT_PRICE_NONZERO_RETURN,S82_SL4_TP8,USDC/USDT,15719,"entry=exit=1.00088, return_pct=-0.20000000%"
REAL_DATA_ISSUE,FLAT_PRICE_NONZERO_RETURN,S82_SL4_TP8,U/USDT,15722,"entry=exit=1.0005, return_pct=-0.20000000%"
REAL_DATA_ISSUE,FLAT_PRICE_NONZERO_RETURN,S82_SL4_TP8,RLUSD/USDT,15749,"entry=exit=1.0012, return_pct=-0.20000000%"
REAL_DATA_ISSUE,FLAT_PRICE_NONZERO_RETURN,S82_SL4_TP10,USDE/USDT,15794,"entry=exit=1.0009, return_pct=-0.20000000%"
REAL_DATA_ISSUE,FLAT_PRICE_NONZERO_RETURN,S82_SL4_TP10,TREE/USDT,15965,"entry=exit=0.0375, return_pct=-0.20000000%"
REAL_DATA_ISSUE,FLAT_PRICE_NONZERO_RETURN,S82_SL4_TP10,USDC/USDT,16024,"entry=exit=1.00088, return_pct=-0.20000000%"
REAL_DATA_ISSUE,FLAT_PRICE_NONZERO_RETURN,S82_SL4_TP10,U/USDT,16050,"entry=exit=1.0005, return_pct=-0.20000000%"
REAL_DATA_ISSUE,FLAT_PRICE_NONZERO_RETURN,S82_SL4_TP10,RLUSD/USDT,16054,"entry=exit=1.0012, return_pct=-0.20000000%"
REAL_DATA_ISSUE,FLAT_PRICE_NONZERO_RETURN,S82_SL4_TP12,USDE/USDT,16098,"entry=exit=1.0009, return_pct=-0.20000000%"
REAL_DATA_ISSUE,FLAT_PRICE_NONZERO_RETURN,S82_SL4_TP12,EURI/USDT,16259,"entry=exit=1.1559, return_pct=-0.20000000%"
REAL_DATA_ISSUE,FLAT_PRICE_NONZERO_RETURN,S82_SL4_TP12,XUSD/USDT,16321,"entry=exit=1.0013, return_pct=-0.20000000%"
REAL_DATA_ISSUE,FLAT_PRICE_NONZERO_RETURN,S82_SL4_TP12,USDC/USDT,16322,"entry=exit=1.00088, return_pct=-0.20000000%"
REAL_DATA_ISSUE,FLAT_PRICE_NONZERO_RETURN,S82_SL4_TP12,U/USDT,16348,"entry=exit=1.0005, return_pct=-0.20000000%"
REAL_DATA_ISSUE,FLAT_PRICE_NONZERO_RETURN,S82_SL4_TP12,RLUSD/USDT,16352,"entry=exit=1.0012, return_pct=-0.20000000%"
REAL_DATA_ISSUE,FLAT_PRICE_NONZERO_RETURN,S82_SL4_TP15,USDE/USDT,16393,"entry=exit=1.0009, return_pct=-0.20000000%"
REAL_DATA_ISSUE,FLAT_PRICE_NONZERO_RETURN,S82_SL4_TP15,PLUME/USDT,16550,"entry=exit=0.012, return_pct=-0.20000000%"
REAL_DATA_ISSUE,FLAT_PRICE_NONZERO_RETURN,S82_SL4_TP15,EURI/USDT,16551,"entry=exit=1.1559, return_pct=-0.20000000%"
REAL_DATA_ISSUE,FLAT_PRICE_NONZERO_RETURN,S82_SL4_TP15,USDC/USDT,16614,"entry=exit=1.00088, return_pct=-0.20000000%"
REAL_DATA_ISSUE,FLAT_PRICE_NONZERO_RETURN,S82_SL4_TP15,RLUSD/USDT,16643,"entry=exit=1.0012, return_pct=-0.20000000%"
REAL_DATA_ISSUE,FLAT_PRICE_NONZERO_RETURN,S82_SL5_TP8,USDE/USDT,16686,"entry=exit=1.0009, return_pct=-0.20000000%"
REAL_DATA_ISSUE,FLAT_PRICE_NONZERO_RETURN,S82_SL5_TP8,U/USDT,16707,"entry=exit=1.0008, return_pct=-0.20000000%"
REAL_DATA_ISSUE,FLAT_PRICE_NONZERO_RETURN,S82_SL5_TP8,PEPE/USDT,16847,"entry=exit=2.89e-06, return_pct=-0.20000000%"
REAL_DATA_ISSUE,FLAT_PRICE_NONZERO_RETURN,S82_SL5_TP8,USDC/USDT,16911,"entry=exit=1.00088, return_pct=-0.20000000%"
REAL_DATA_ISSUE,FLAT_PRICE_NONZERO_RETURN,S82_SL5_TP8,U/USDT,16915,"entry=exit=1.0006, return_pct=-0.20000000%"
REAL_DATA_ISSUE,FLAT_PRICE_NONZERO_RETURN,S82_SL5_TP10,USDE/USDT,16987,"entry=exit=1.0009, return_pct=-0.20000000%"
REAL_DATA_ISSUE,FLAT_PRICE_NONZERO_RETURN,S82_SL5_TP10,U/USDT,17008,"entry=exit=1.0008, return_pct=-0.20000000%"
REAL_DATA_ISSUE,FLAT_PRICE_NONZERO_RETURN,S82_SL5_TP10,USDC/USDT,17205,"entry=exit=1.00088, return_pct=-0.20000000%"
REAL_DATA_ISSUE,FLAT_PRICE_NONZERO_RETURN,S82_SL5_TP12,USDE/USDT,17273,"entry=exit=1.0009, return_pct=-0.20000000%"
REAL_DATA_ISSUE,FLAT_PRICE_NONZERO_RETURN,S82_SL5_TP12,U/USDT,17294,"entry=exit=1.0008, return_pct=-0.20000000%"
REAL_DATA_ISSUE,FLAT_PRICE_NONZERO_RETURN,S82_SL5_TP12,USDC/USDT,17492,"entry=exit=1.00088, return_pct=-0.20000000%"
REAL_DATA_ISSUE,FLAT_PRICE_NONZERO_RETURN,S82_SL5_TP12,U/USDT,17495,"entry=exit=1.0005, return_pct=-0.20000000%"
REAL_DATA_ISSUE,FLAT_PRICE_NONZERO_RETURN,S82_SL5_TP12,U/USDT,17517,"entry=exit=1.0005, return_pct=-0.20000000%"
REAL_DATA_ISSUE,FLAT_PRICE_NONZERO_RETURN,S82_SL5_TP12,RLUSD/USDT,17520,"entry=exit=1.0012, return_pct=-0.20000000%"
REAL_DATA_ISSUE,FLAT_PRICE_NONZERO_RETURN,S82_SL5_TP15,USDE/USDT,17560,"entry=exit=1.0009, return_pct=-0.20000000%"
REAL_DATA_ISSUE,FLAT_PRICE_NONZERO_RETURN,S82_SL5_TP15,U/USDT,17581,"entry=exit=1.0008, return_pct=-0.20000000%"
REAL_DATA_ISSUE,FLAT_PRICE_NONZERO_RETURN,S82_SL5_TP15,TREE/USDT,17692,"entry=exit=0.0359, return_pct=-0.20000000%"
REAL_DATA_ISSUE,FLAT_PRICE_NONZERO_RETURN,S82_SL5_TP15,RLUSD/USDT,17757,"entry=exit=1.0011, return_pct=-0.20000000%"
REAL_DATA_ISSUE,FLAT_PRICE_NONZERO_RETURN,S82_SL5_TP15,USDC/USDT,17771,"entry=exit=1.00088, return_pct=-0.20000000%"
REAL_DATA_ISSUE,FLAT_PRICE_NONZERO_RETURN,S82_SL5_TP15,U/USDT,17775,"entry=exit=1.0005, return_pct=-0.20000000%"
REAL_DATA_ISSUE,FLAT_PRICE_NONZERO_RETURN,S82_SL5_TP15,U/USDT,17796,"entry=exit=1.0005, return_pct=-0.20000000%"
REAL_DATA_ISSUE,FLAT_PRICE_NONZERO_RETURN,S82_SL5_TP15,RLUSD/USDT,17801,"entry=exit=1.0012, return_pct=-0.20000000%"
REAL_DATA_ISSUE,FLAT_PRICE_NONZERO_RETURN,S82_SL6_TP8,USDE/USDT,17841,"entry=exit=1.0009, return_pct=-0.20000000%"
REAL_DATA_ISSUE,FLAT_PRICE_NONZERO_RETURN,S82_SL6_TP8,PEPE/USDT,17994,"entry=exit=2.89e-06, return_pct=-0.20000000%"
REAL_DATA_ISSUE,FLAT_PRICE_NONZERO_RETURN,S82_SL6_TP8,USDC/USDT,18056,"entry=exit=1.00088, return_pct=-0.20000000%"
REAL_DATA_ISSUE,FLAT_PRICE_NONZERO_RETURN,S82_SL6_TP8,U/USDT,18060,"entry=exit=1.0006, return_pct=-0.20000000%"
REAL_DATA_ISSUE,FLAT_PRICE_NONZERO_RETURN,S82_SL6_TP8,U/USDT,18080,"entry=exit=1.0005, return_pct=-0.20000000%"
REAL_DATA_ISSUE,FLAT_PRICE_NONZERO_RETURN,S82_SL6_TP8,RLUSD/USDT,18084,"entry=exit=1.0012, return_pct=-0.20000000%"
REAL_DATA_ISSUE,FLAT_PRICE_NONZERO_RETURN,S82_SL6_TP10,USDE/USDT,18131,"entry=exit=1.0009, return_pct=-0.20000000%"
REAL_DATA_ISSUE,FLAT_PRICE_NONZERO_RETURN,S82_SL6_TP10,ALPINE/USDT,18267,"entry=exit=0.321, return_pct=-0.20000000%"
REAL_DATA_ISSUE,FLAT_PRICE_NONZERO_RETURN,S82_SL6_TP10,USDC/USDT,18346,"entry=exit=1.00088, return_pct=-0.20000000%"
REAL_DATA_ISSUE,FLAT_PRICE_NONZERO_RETURN,S82_SL6_TP10,U/USDT,18350,"entry=exit=1.0005, return_pct=-0.20000000%"
REAL_DATA_ISSUE,FLAT_PRICE_NONZERO_RETURN,S82_SL6_TP10,U/USDT,18371,"entry=exit=1.0005, return_pct=-0.20000000%"
REAL_DATA_ISSUE,FLAT_PRICE_NONZERO_RETURN,S82_SL6_TP10,RLUSD/USDT,18375,"entry=exit=1.0012, return_pct=-0.20000000%"
REAL_DATA_ISSUE,FLAT_PRICE_NONZERO_RETURN,S82_SL6_TP12,USDE/USDT,18414,"entry=exit=1.0009, return_pct=-0.20000000%"
REAL_DATA_ISSUE,FLAT_PRICE_NONZERO_RETURN,S82_SL6_TP12,U/USDT,18441,"entry=exit=1.0009, return_pct=-0.20000000%"
REAL_DATA_ISSUE,FLAT_PRICE_NONZERO_RETURN,S82_SL6_TP12,PEPE/USDT,18564,"entry=exit=2.87e-06, return_pct=-0.20000000%"
REAL_DATA_ISSUE,FLAT_PRICE_NONZERO_RETURN,S82_SL6_TP12,RLUSD/USDT,18660,"entry=exit=1.0012, return_pct=-0.20000000%"
REAL_DATA_ISSUE,FLAT_PRICE_NONZERO_RETURN,S82_SL6_TP15,USDE/USDT,18700,"entry=exit=1.0009, return_pct=-0.20000000%"
REAL_DATA_ISSUE,FLAT_PRICE_NONZERO_RETURN,S82_SL6_TP15,U/USDT,18727,"entry=exit=1.0009, return_pct=-0.20000000%"
REAL_DATA_ISSUE,FLAT_PRICE_NONZERO_RETURN,S82_SL6_TP15,USDC/USDT,18910,"entry=exit=1.00088, return_pct=-0.20000000%"
REAL_DATA_ISSUE,FLAT_PRICE_NONZERO_RETURN,S82_SL6_TP15,U/USDT,18932,"entry=exit=1.0005, return_pct=-0.20000000%"
REAL_DATA_ISSUE,FLAT_PRICE_NONZERO_RETURN,S82_SL6_TP15,RLUSD/USDT,18936,"entry=exit=1.0012, return_pct=-0.20000000%"
REAL_DATA_ISSUE,FLAT_PRICE_NONZERO_RETURN,S85_SL4_TP8,USDE/USDT,18975,"entry=exit=1.0009, return_pct=-0.20000000%"
REAL_DATA_ISSUE,FLAT_PRICE_NONZERO_RETURN,S85_SL4_TP8,USDC/USDT,19191,"entry=exit=1.00088, return_pct=-0.20000000%"
REAL_DATA_ISSUE,FLAT_PRICE_NONZERO_RETURN,S85_SL4_TP10,USDE/USDT,19264,"entry=exit=1.0009, return_pct=-0.20000000%"
REAL_DATA_ISSUE,FLAT_PRICE_NONZERO_RETURN,S85_SL4_TP10,PEPE/USDT,19404,"entry=exit=2.87e-06, return_pct=-0.20000000%"
REAL_DATA_ISSUE,FLAT_PRICE_NONZERO_RETURN,S85_SL4_TP10,PLUME/USDT,19409,"entry=exit=0.012, return_pct=-0.20000000%"
REAL_DATA_ISSUE,FLAT_PRICE_NONZERO_RETURN,S85_SL4_TP10,RLUSD/USDT,19454,"entry=exit=1.0011, return_pct=-0.20000000%"
REAL_DATA_ISSUE,FLAT_PRICE_NONZERO_RETURN,S85_SL4_TP10,USDC/USDT,19469,"entry=exit=1.00088, return_pct=-0.20000000%"
REAL_DATA_ISSUE,FLAT_PRICE_NONZERO_RETURN,S85_SL4_TP12,USDE/USDT,19539,"entry=exit=1.0009, return_pct=-0.20000000%"
REAL_DATA_ISSUE,FLAT_PRICE_NONZERO_RETURN,S85_SL4_TP12,PLUME/USDT,19683,"entry=exit=0.012, return_pct=-0.20000000%"
REAL_DATA_ISSUE,FLAT_PRICE_NONZERO_RETURN,S85_SL4_TP12,USDC/USDT,19745,"entry=exit=1.00088, return_pct=-0.20000000%"
REAL_DATA_ISSUE,FLAT_PRICE_NONZERO_RETURN,S85_SL4_TP15,USDE/USDT,19813,"entry=exit=1.0009, return_pct=-0.20000000%"
REAL_DATA_ISSUE,FLAT_PRICE_NONZERO_RETURN,S85_SL4_TP15,PLUME/USDT,19957,"entry=exit=0.012, return_pct=-0.20000000%"
REAL_DATA_ISSUE,FLAT_PRICE_NONZERO_RETURN,S85_SL4_TP15,RLUSD/USDT,20002,"entry=exit=1.0011, return_pct=-0.20000000%"
REAL_DATA_ISSUE,FLAT_PRICE_NONZERO_RETURN,S85_SL4_TP15,USDC/USDT,20015,"entry=exit=1.00088, return_pct=-0.20000000%"
REAL_DATA_ISSUE,FLAT_PRICE_NONZERO_RETURN,S85_SL4_TP15,U/USDT,20020,"entry=exit=1.0005, return_pct=-0.20000000%"
REAL_DATA_ISSUE,FLAT_PRICE_NONZERO_RETURN,S85_SL5_TP8,USDE/USDT,20084,"entry=exit=1.0009, return_pct=-0.20000000%"
REAL_DATA_ISSUE,FLAT_PRICE_NONZERO_RETURN,S85_SL5_TP8,U/USDT,20104,"entry=exit=1.0008, return_pct=-0.20000000%"
REAL_DATA_ISSUE,FLAT_PRICE_NONZERO_RETURN,S85_SL5_TP8,PLUME/USDT,20232,"entry=exit=0.012, return_pct=-0.20000000%"
REAL_DATA_ISSUE,FLAT_PRICE_NONZERO_RETURN,S85_SL5_TP8,USDC/USDT,20291,"entry=exit=1.00088, return_pct=-0.20000000%"
REAL_DATA_ISSUE,FLAT_PRICE_NONZERO_RETURN,S85_SL5_TP8,U/USDT,20295,"entry=exit=1.0005, return_pct=-0.20000000%"
REAL_DATA_ISSUE,FLAT_PRICE_NONZERO_RETURN,S85_SL5_TP10,USDE/USDT,20364,"entry=exit=1.0009, return_pct=-0.20000000%"
REAL_DATA_ISSUE,FLAT_PRICE_NONZERO_RETURN,S85_SL5_TP10,U/USDT,20384,"entry=exit=1.0008, return_pct=-0.20000000%"
REAL_DATA_ISSUE,FLAT_PRICE_NONZERO_RETURN,S85_SL5_TP10,PEPE/USDT,20503,"entry=exit=2.87e-06, return_pct=-0.20000000%"
REAL_DATA_ISSUE,FLAT_PRICE_NONZERO_RETURN,S85_SL5_TP10,USDC/USDT,20566,"entry=exit=1.00088, return_pct=-0.20000000%"
REAL_DATA_ISSUE,FLAT_PRICE_NONZERO_RETURN,S85_SL5_TP10,U/USDT,20570,"entry=exit=1.0005, return_pct=-0.20000000%"
REAL_DATA_ISSUE,FLAT_PRICE_NONZERO_RETURN,S85_SL5_TP12,USDE/USDT,20638,"entry=exit=1.0009, return_pct=-0.20000000%"
REAL_DATA_ISSUE,FLAT_PRICE_NONZERO_RETURN,S85_SL5_TP12,U/USDT,20658,"entry=exit=1.0008, return_pct=-0.20000000%"
REAL_DATA_ISSUE,FLAT_PRICE_NONZERO_RETURN,S85_SL5_TP12,ALPINE/USDT,20764,"entry=exit=0.321, return_pct=-0.20000000%"
REAL_DATA_ISSUE,FLAT_PRICE_NONZERO_RETURN,S85_SL5_TP12,RLUSD/USDT,20829,"entry=exit=1.0011, return_pct=-0.20000000%"
REAL_DATA_ISSUE,FLAT_PRICE_NONZERO_RETURN,S85_SL5_TP12,USDC/USDT,20842,"entry=exit=1.00088, return_pct=-0.20000000%"
REAL_DATA_ISSUE,FLAT_PRICE_NONZERO_RETURN,S85_SL5_TP12,U/USDT,20845,"entry=exit=1.0005, return_pct=-0.20000000%"
REAL_DATA_ISSUE,FLAT_PRICE_NONZERO_RETURN,S85_SL5_TP15,USDE/USDT,20908,"entry=exit=1.0009, return_pct=-0.20000000%"
REAL_DATA_ISSUE,FLAT_PRICE_NONZERO_RETURN,S85_SL5_TP15,U/USDT,20928,"entry=exit=1.0008, return_pct=-0.20000000%"
REAL_DATA_ISSUE,FLAT_PRICE_NONZERO_RETURN,S85_SL5_TP15,ALPINE/USDT,21032,"entry=exit=0.321, return_pct=-0.20000000%"
REAL_DATA_ISSUE,FLAT_PRICE_NONZERO_RETURN,S85_SL5_TP15,PEPE/USDT,21046,"entry=exit=2.87e-06, return_pct=-0.20000000%"
REAL_DATA_ISSUE,FLAT_PRICE_NONZERO_RETURN,S85_SL5_TP15,RLUSD/USDT,21093,"entry=exit=1.0011, return_pct=-0.20000000%"
REAL_DATA_ISSUE,FLAT_PRICE_NONZERO_RETURN,S85_SL5_TP15,USDC/USDT,21107,"entry=exit=1.00088, return_pct=-0.20000000%"
REAL_DATA_ISSUE,FLAT_PRICE_NONZERO_RETURN,S85_SL6_TP8,USDE/USDT,21170,"entry=exit=1.0009, return_pct=-0.20000000%"
REAL_DATA_ISSUE,FLAT_PRICE_NONZERO_RETURN,S85_SL6_TP8,PLUME/USDT,21314,"entry=exit=0.012, return_pct=-0.20000000%"
REAL_DATA_ISSUE,FLAT_PRICE_NONZERO_RETURN,S85_SL6_TP8,RLUSD/USDT,21359,"entry=exit=1.0011, return_pct=-0.20000000%"
REAL_DATA_ISSUE,FLAT_PRICE_NONZERO_RETURN,S85_SL6_TP8,USDC/USDT,21373,"entry=exit=1.00088, return_pct=-0.20000000%"
REAL_DATA_ISSUE,FLAT_PRICE_NONZERO_RETURN,S85_SL6_TP10,USDE/USDT,21444,"entry=exit=1.0009, return_pct=-0.20000000%"
REAL_DATA_ISSUE,FLAT_PRICE_NONZERO_RETURN,S85_SL6_TP10,RLUSD/USDT,21631,"entry=exit=1.0011, return_pct=-0.20000000%"
REAL_DATA_ISSUE,FLAT_PRICE_NONZERO_RETURN,S85_SL6_TP10,USDC/USDT,21644,"entry=exit=1.00088, return_pct=-0.20000000%"
REAL_DATA_ISSUE,FLAT_PRICE_NONZERO_RETURN,S85_SL6_TP12,USDE/USDT,21714,"entry=exit=1.0009, return_pct=-0.20000000%"
REAL_DATA_ISSUE,FLAT_PRICE_NONZERO_RETURN,S85_SL6_TP12,ALPINE/USDT,21836,"entry=exit=0.321, return_pct=-0.20000000%"
REAL_DATA_ISSUE,FLAT_PRICE_NONZERO_RETURN,S85_SL6_TP12,RLUSD/USDT,21901,"entry=exit=1.0011, return_pct=-0.20000000%"
REAL_DATA_ISSUE,FLAT_PRICE_NONZERO_RETURN,S85_SL6_TP12,USDC/USDT,21913,"entry=exit=1.00088, return_pct=-0.20000000%"
REAL_DATA_ISSUE,FLAT_PRICE_NONZERO_RETURN,S85_SL6_TP12,U/USDT,21916,"entry=exit=1.0005, return_pct=-0.20000000%"
REAL_DATA_ISSUE,FLAT_PRICE_NONZERO_RETURN,S85_SL6_TP15,USDE/USDT,21980,"entry=exit=1.0009, return_pct=-0.20000000%"
REAL_DATA_ISSUE,FLAT_PRICE_NONZERO_RETURN,S85_SL6_TP15,PLUME/USDT,22118,"entry=exit=0.012, return_pct=-0.20000000%"
REAL_DATA_ISSUE,FLAT_PRICE_NONZERO_RETURN,S85_SL6_TP15,USDC/USDT,22176,"entry=exit=1.00088, return_pct=-0.20000000%"
REAL_DATA_ISSUE,FLAT_PRICE_NONZERO_RETURN,CD6_E1_P5,USDE/USDT,22272,"entry=exit=1.0009, return_pct=-0.20000000%"
REAL_DATA_ISSUE,FLAT_PRICE_NONZERO_RETURN,CD6_E1_P5,RLUSD/USDT,22407,"entry=exit=1.0012, return_pct=-0.20000000%"
REAL_DATA_ISSUE,FLAT_PRICE_NONZERO_RETURN,CD6_E1_P7,USDE/USDT,22472,"entry=exit=1.0009, return_pct=-0.20000000%"
REAL_DATA_ISSUE,FLAT_PRICE_NONZERO_RETURN,CD6_E1_P7,RLUSD/USDT,22623,"entry=exit=1.0011, return_pct=-0.20000000%"
REAL_DATA_ISSUE,FLAT_PRICE_NONZERO_RETURN,CD6_E1_P7,U/USDT,22636,"entry=exit=1.0005, return_pct=-0.20000000%"
REAL_DATA_ISSUE,FLAT_PRICE_NONZERO_RETURN,CD6_E1_P7,RLUSD/USDT,22657,"entry=exit=1.0012, return_pct=-0.20000000%"
REAL_DATA_ISSUE,FLAT_PRICE_NONZERO_RETURN,CD6_E1_P10,USDE/USDT,22736,"entry=exit=1.0009, return_pct=-0.20000000%"
REAL_DATA_ISSUE,FLAT_PRICE_NONZERO_RETURN,CD6_E1_P10,FDUSD/USDT,22862,"entry=exit=0.9982, return_pct=-0.20000000%"
REAL_DATA_ISSUE,FLAT_PRICE_NONZERO_RETURN,CD6_E1_P10,TREE/USDT,22901,"entry=exit=0.0375, return_pct=-0.20000000%"
REAL_DATA_ISSUE,FLAT_PRICE_NONZERO_RETURN,CD6_E1_P10,USDC/USDT,22962,"entry=exit=1.00088, return_pct=-0.20000000%"
REAL_DATA_ISSUE,FLAT_PRICE_NONZERO_RETURN,CD6_E1_P10,USDE/USDT,22964,"entry=exit=1.0009, return_pct=-0.20000000%"
REAL_DATA_ISSUE,FLAT_PRICE_NONZERO_RETURN,CD6_E1_P10,RLUSD/USDT,22992,"entry=exit=1.0012, return_pct=-0.20000000%"
REAL_DATA_ISSUE,FLAT_PRICE_NONZERO_RETURN,CD6_E1_P15,USDE/USDT,23091,"entry=exit=1.0009, return_pct=-0.20000000%"
REAL_DATA_ISSUE,FLAT_PRICE_NONZERO_RETURN,CD6_E1_P15,ALPINE/USDT,23119,"entry=exit=0.307, return_pct=-0.20000000%"
REAL_DATA_ISSUE,FLAT_PRICE_NONZERO_RETURN,CD6_E1_P15,FDUSD/USDT,23284,"entry=exit=0.9983, return_pct=-0.20000000%"
REAL_DATA_ISSUE,FLAT_PRICE_NONZERO_RETURN,CD6_E1_P15,USDC/USDT,23418,"entry=exit=1.00088, return_pct=-0.20000000%"
REAL_DATA_ISSUE,FLAT_PRICE_NONZERO_RETURN,CD6_E1_P15,U/USDT,23422,"entry=exit=1.0005, return_pct=-0.20000000%"
REAL_DATA_ISSUE,FLAT_PRICE_NONZERO_RETURN,CD6_E2_P5,USDE/USDT,23562,"entry=exit=1.0009, return_pct=-0.20000000%"
REAL_DATA_ISSUE,FLAT_PRICE_NONZERO_RETURN,CD6_E2_P5,RLUSD/USDT,23697,"entry=exit=1.0012, return_pct=-0.20000000%"
REAL_DATA_ISSUE,FLAT_PRICE_NONZERO_RETURN,CD6_E2_P7,USDE/USDT,23762,"entry=exit=1.0009, return_pct=-0.20000000%"
REAL_DATA_ISSUE,FLAT_PRICE_NONZERO_RETURN,CD6_E2_P7,ALPINE/USDT,23867,"entry=exit=0.321, return_pct=-0.20000000%"
REAL_DATA_ISSUE,FLAT_PRICE_NONZERO_RETURN,CD6_E2_P7,RLUSD/USDT,23913,"entry=exit=1.0011, return_pct=-0.20000000%"
REAL_DATA_ISSUE,FLAT_PRICE_NONZERO_RETURN,CD6_E2_P7,U/USDT,23926,"entry=exit=1.0005, return_pct=-0.20000000%"
REAL_DATA_ISSUE,FLAT_PRICE_NONZERO_RETURN,CD6_E2_P7,RLUSD/USDT,23948,"entry=exit=1.0012, return_pct=-0.20000000%"
REAL_DATA_ISSUE,FLAT_PRICE_NONZERO_RETURN,CD6_E2_P10,USDE/USDT,24025,"entry=exit=1.0009, return_pct=-0.20000000%"
REAL_DATA_ISSUE,FLAT_PRICE_NONZERO_RETURN,CD6_E2_P10,ALPINE/USDT,24174,"entry=exit=0.321, return_pct=-0.20000000%"
REAL_DATA_ISSUE,FLAT_PRICE_NONZERO_RETURN,CD6_E2_P10,TREE/USDT,24194,"entry=exit=0.0375, return_pct=-0.20000000%"
REAL_DATA_ISSUE,FLAT_PRICE_NONZERO_RETURN,CD6_E2_P10,RLUSD/USDT,24239,"entry=exit=1.0011, return_pct=-0.20000000%"
REAL_DATA_ISSUE,FLAT_PRICE_NONZERO_RETURN,CD6_E2_P10,U/USDT,24258,"entry=exit=1.0005, return_pct=-0.20000000%"
REAL_DATA_ISSUE,FLAT_PRICE_NONZERO_RETURN,CD6_E2_P10,U/USDT,24280,"entry=exit=1.0005, return_pct=-0.20000000%"
REAL_DATA_ISSUE,FLAT_PRICE_NONZERO_RETURN,CD6_E2_P15,USDE/USDT,24385,"entry=exit=1.0009, return_pct=-0.20000000%"
REAL_DATA_ISSUE,FLAT_PRICE_NONZERO_RETURN,CD6_E2_P15,ALPINE/USDT,24413,"entry=exit=0.307, return_pct=-0.20000000%"
REAL_DATA_ISSUE,FLAT_PRICE_NONZERO_RETURN,CD6_E2_P15,PEPE/USDT,24620,"entry=exit=2.87e-06, return_pct=-0.20000000%"
REAL_DATA_ISSUE,FLAT_PRICE_NONZERO_RETURN,CD6_E2_P15,U/USDT,24719,"entry=exit=1.0005, return_pct=-0.20000000%"
REAL_DATA_ISSUE,FLAT_PRICE_NONZERO_RETURN,CD6_E2_P15,RLUSD/USDT,24761,"entry=exit=1.0012, return_pct=-0.20000000%"
REAL_DATA_ISSUE,FLAT_PRICE_NONZERO_RETURN,CD12_E1_P5,USDE/USDT,24861,"entry=exit=1.0009, return_pct=-0.20000000%"
REAL_DATA_ISSUE,FLAT_PRICE_NONZERO_RETURN,CD12_E1_P5,FDUSD/USDT,24926,"entry=exit=0.9982, return_pct=-0.20000000%"
REAL_DATA_ISSUE,FLAT_PRICE_NONZERO_RETURN,CD12_E1_P5,USDC/USDT,24972,"entry=exit=1.00088, return_pct=-0.20000000%"
REAL_DATA_ISSUE,FLAT_PRICE_NONZERO_RETURN,CD12_E1_P5,RLUSD/USDT,24988,"entry=exit=1.0012, return_pct=-0.20000000%"
REAL_DATA_ISSUE,FLAT_PRICE_NONZERO_RETURN,CD12_E1_P7,USDE/USDT,25051,"entry=exit=1.0009, return_pct=-0.20000000%"
REAL_DATA_ISSUE,FLAT_PRICE_NONZERO_RETURN,CD12_E1_P7,RLUSD/USDT,25199,"entry=exit=1.0011, return_pct=-0.20000000%"
REAL_DATA_ISSUE,FLAT_PRICE_NONZERO_RETURN,CD12_E1_P7,USDC/USDT,25209,"entry=exit=1.00088, return_pct=-0.20000000%"
REAL_DATA_ISSUE,FLAT_PRICE_NONZERO_RETURN,CD12_E1_P7,U/USDT,25212,"entry=exit=1.0005, return_pct=-0.20000000%"
REAL_DATA_ISSUE,FLAT_PRICE_NONZERO_RETURN,CD12_E1_P15,USDE/USDT,25316,"entry=exit=1.0009, return_pct=-0.20000000%"
REAL_DATA_ISSUE,FLAT_PRICE_NONZERO_RETURN,CD12_E1_P15,ALPINE/USDT,25344,"entry=exit=0.307, return_pct=-0.20000000%"
REAL_DATA_ISSUE,FLAT_PRICE_NONZERO_RETURN,CD12_E1_P15,U/USDT,25675,"entry=exit=1.0004, return_pct=-0.20000000%"
REAL_DATA_ISSUE,FLAT_PRICE_NONZERO_RETURN,CD12_E2_P5,USDE/USDT,25784,"entry=exit=1.0009, return_pct=-0.20000000%"
REAL_DATA_ISSUE,FLAT_PRICE_NONZERO_RETURN,CD12_E2_P5,FDUSD/USDT,25849,"entry=exit=0.9982, return_pct=-0.20000000%"
REAL_DATA_ISSUE,FLAT_PRICE_NONZERO_RETURN,CD12_E2_P5,USDC/USDT,25895,"entry=exit=1.00088, return_pct=-0.20000000%"
REAL_DATA_ISSUE,FLAT_PRICE_NONZERO_RETURN,CD12_E2_P5,RLUSD/USDT,25912,"entry=exit=1.0012, return_pct=-0.20000000%"
REAL_DATA_ISSUE,FLAT_PRICE_NONZERO_RETURN,CD12_E2_P7,USDE/USDT,25975,"entry=exit=1.0009, return_pct=-0.20000000%"
REAL_DATA_ISSUE,FLAT_PRICE_NONZERO_RETURN,CD12_E2_P7,USDC/USDT,26136,"entry=exit=1.00088, return_pct=-0.20000000%"
REAL_DATA_ISSUE,FLAT_PRICE_NONZERO_RETURN,CD12_E2_P7,RLUSD/USDT,26159,"entry=exit=1.0012, return_pct=-0.20000000%"
REAL_DATA_ISSUE,FLAT_PRICE_NONZERO_RETURN,CD12_E2_P10,USDE/USDT,26238,"entry=exit=1.0009, return_pct=-0.20000000%"
REAL_DATA_ISSUE,FLAT_PRICE_NONZERO_RETURN,CD12_E2_P10,RLUSD/USDT,26448,"entry=exit=1.0011, return_pct=-0.20000000%"
REAL_DATA_ISSUE,FLAT_PRICE_NONZERO_RETURN,CD12_E2_P10,USDC/USDT,26467,"entry=exit=1.00088, return_pct=-0.20000000%"
REAL_DATA_ISSUE,FLAT_PRICE_NONZERO_RETURN,CD12_E2_P10,U/USDT,26470,"entry=exit=1.0005, return_pct=-0.20000000%"
REAL_DATA_ISSUE,FLAT_PRICE_NONZERO_RETURN,CD12_E2_P10,U/USDT,26492,"entry=exit=1.0005, return_pct=-0.20000000%"
REAL_DATA_ISSUE,FLAT_PRICE_NONZERO_RETURN,CD12_E2_P15,USDE/USDT,26588,"entry=exit=1.0009, return_pct=-0.20000000%"
REAL_DATA_ISSUE,FLAT_PRICE_NONZERO_RETURN,CD12_E2_P15,ALPINE/USDT,26616,"entry=exit=0.307, return_pct=-0.20000000%"
REAL_DATA_ISSUE,FLAT_PRICE_NONZERO_RETURN,CD12_E2_P15,ALPINE/USDT,26799,"entry=exit=0.321, return_pct=-0.20000000%"
REAL_DATA_ISSUE,FLAT_PRICE_NONZERO_RETURN,CD12_E2_P15,RLUSD/USDT,26867,"entry=exit=1.001, return_pct=-0.20000000%"
REAL_DATA_ISSUE,FLAT_PRICE_NONZERO_RETURN,CD12_E2_P15,U/USDT,26923,"entry=exit=1.0006, return_pct=-0.20000000%"
REAL_DATA_ISSUE,FLAT_PRICE_NONZERO_RETURN,CD12_E2_P15,RLUSD/USDT,26961,"entry=exit=1.0012, return_pct=-0.20000000%"
REAL_DATA_ISSUE,FLAT_PRICE_NONZERO_RETURN,CD24_E1_P5,USDE/USDT,27062,"entry=exit=1.0009, return_pct=-0.20000000%"
REAL_DATA_ISSUE,FLAT_PRICE_NONZERO_RETURN,CD24_E1_P5,FDUSD/USDT,27125,"entry=exit=0.9982, return_pct=-0.20000000%"
REAL_DATA_ISSUE,FLAT_PRICE_NONZERO_RETURN,CD24_E1_P7,USDE/USDT,27255,"entry=exit=1.0009, return_pct=-0.20000000%"
REAL_DATA_ISSUE,FLAT_PRICE_NONZERO_RETURN,CD24_E1_P7,FDUSD/USDT,27343,"entry=exit=0.9982, return_pct=-0.20000000%"
REAL_DATA_ISSUE,FLAT_PRICE_NONZERO_RETURN,CD24_E1_P7,KORUB/USDT,27365,"entry=exit=17.46, return_pct=-0.20000000%"
REAL_DATA_ISSUE,FLAT_PRICE_NONZERO_RETURN,CD24_E1_P7,RLUSD/USDT,27399,"entry=exit=1.0011, return_pct=-0.20000000%"
REAL_DATA_ISSUE,FLAT_PRICE_NONZERO_RETURN,CD24_E1_P7,U/USDT,27411,"entry=exit=1.0005, return_pct=-0.20000000%"
REAL_DATA_ISSUE,FLAT_PRICE_NONZERO_RETURN,CD24_E1_P7,RLUSD/USDT,27430,"entry=exit=1.0012, return_pct=-0.20000000%"
REAL_DATA_ISSUE,FLAT_PRICE_NONZERO_RETURN,CD24_E1_P10,USDE/USDT,27509,"entry=exit=1.0009, return_pct=-0.20000000%"
REAL_DATA_ISSUE,FLAT_PRICE_NONZERO_RETURN,CD24_E1_P10,RLUSD/USDT,27700,"entry=exit=1.001, return_pct=-0.20000000%"
REAL_DATA_ISSUE,FLAT_PRICE_NONZERO_RETURN,CD24_E1_P10,USDE/USDT,27737,"entry=exit=1.0009, return_pct=-0.20000000%"
REAL_DATA_ISSUE,FLAT_PRICE_NONZERO_RETURN,CD24_E1_P10,U/USDT,27759,"entry=exit=1.0005, return_pct=-0.20000000%"
REAL_DATA_ISSUE,FLAT_PRICE_NONZERO_RETURN,CD24_E1_P15,USDE/USDT,27856,"entry=exit=1.0009, return_pct=-0.20000000%"
REAL_DATA_ISSUE,FLAT_PRICE_NONZERO_RETURN,CD24_E1_P15,ALPINE/USDT,27882,"entry=exit=0.307, return_pct=-0.20000000%"
REAL_DATA_ISSUE,FLAT_PRICE_NONZERO_RETURN,CD24_E1_P15,RLUSD/USDT,28126,"entry=exit=1.001, return_pct=-0.20000000%"
REAL_DATA_ISSUE,FLAT_PRICE_NONZERO_RETURN,CD24_E1_P15,U/USDT,28178,"entry=exit=1.0003, return_pct=-0.20000000%"
REAL_DATA_ISSUE,FLAT_PRICE_NONZERO_RETURN,CD24_E1_P15,USDE/USDT,28224,"entry=exit=1.001, return_pct=-0.20000000%"
REAL_DATA_ISSUE,FLAT_PRICE_NONZERO_RETURN,CD24_E2_P5,USDE/USDT,28319,"entry=exit=1.0009, return_pct=-0.20000000%"
REAL_DATA_ISSUE,FLAT_PRICE_NONZERO_RETURN,CD24_E2_P5,FDUSD/USDT,28382,"entry=exit=0.9982, return_pct=-0.20000000%"
REAL_DATA_ISSUE,FLAT_PRICE_NONZERO_RETURN,CD24_E2_P7,USDE/USDT,28512,"entry=exit=1.0009, return_pct=-0.20000000%"
REAL_DATA_ISSUE,FLAT_PRICE_NONZERO_RETURN,CD24_E2_P7,FDUSD/USDT,28600,"entry=exit=0.9982, return_pct=-0.20000000%"
REAL_DATA_ISSUE,FLAT_PRICE_NONZERO_RETURN,CD24_E2_P7,KORUB/USDT,28622,"entry=exit=17.46, return_pct=-0.20000000%"
REAL_DATA_ISSUE,FLAT_PRICE_NONZERO_RETURN,CD24_E2_P7,RLUSD/USDT,28656,"entry=exit=1.0011, return_pct=-0.20000000%"
REAL_DATA_ISSUE,FLAT_PRICE_NONZERO_RETURN,CD24_E2_P7,U/USDT,28668,"entry=exit=1.0005, return_pct=-0.20000000%"
REAL_DATA_ISSUE,FLAT_PRICE_NONZERO_RETURN,CD24_E2_P7,RLUSD/USDT,28687,"entry=exit=1.0012, return_pct=-0.20000000%"
REAL_DATA_ISSUE,FLAT_PRICE_NONZERO_RETURN,CD24_E2_P10,USDE/USDT,28766,"entry=exit=1.0009, return_pct=-0.20000000%"
REAL_DATA_ISSUE,FLAT_PRICE_NONZERO_RETURN,CD24_E2_P10,RLUSD/USDT,28957,"entry=exit=1.001, return_pct=-0.20000000%"
REAL_DATA_ISSUE,FLAT_PRICE_NONZERO_RETURN,CD24_E2_P10,USDE/USDT,28994,"entry=exit=1.0009, return_pct=-0.20000000%"
REAL_DATA_ISSUE,FLAT_PRICE_NONZERO_RETURN,CD24_E2_P10,U/USDT,29016,"entry=exit=1.0005, return_pct=-0.20000000%"
REAL_DATA_ISSUE,FLAT_PRICE_NONZERO_RETURN,CD24_E2_P15,USDE/USDT,29113,"entry=exit=1.0009, return_pct=-0.20000000%"
REAL_DATA_ISSUE,FLAT_PRICE_NONZERO_RETURN,CD24_E2_P15,ALPINE/USDT,29139,"entry=exit=0.307, return_pct=-0.20000000%"
REAL_DATA_ISSUE,FLAT_PRICE_NONZERO_RETURN,CD24_E2_P15,RLUSD/USDT,29383,"entry=exit=1.001, return_pct=-0.20000000%"
REAL_DATA_ISSUE,FLAT_PRICE_NONZERO_RETURN,CD24_E2_P15,U/USDT,29435,"entry=exit=1.0003, return_pct=-0.20000000%"
REAL_DATA_ISSUE,FLAT_PRICE_NONZERO_RETURN,CD24_E2_P15,USDE/USDT,29481,"entry=exit=1.001, return_pct=-0.20000000%"
REAL_DATA_ISSUE,FLAT_PRICE_NONZERO_RETURN,COST_0.15,USDE/USDT,29589,"entry=exit=1.0009, return_pct=-0.30000000%"
REAL_DATA_ISSUE,FLAT_PRICE_NONZERO_RETURN,COST_0.15,RLUSD/USDT,29795,"entry=exit=1.0011, return_pct=-0.30000000%"
REAL_DATA_ISSUE,FLAT_PRICE_NONZERO_RETURN,COST_0.15,USDC/USDT,29811,"entry=exit=1.00088, return_pct=-0.30000000%"
REAL_DATA_ISSUE,FLAT_PRICE_NONZERO_RETURN,COST_0.15,U/USDT,29816,"entry=exit=1.0005, return_pct=-0.30000000%"
REAL_DATA_ISSUE,FLAT_PRICE_NONZERO_RETURN,COST_0.15,RLUSD/USDT,29842,"entry=exit=1.0012, return_pct=-0.30000000%"
REAL_DATA_ISSUE,FLAT_PRICE_NONZERO_RETURN,COST_0.20,USDE/USDT,29933,"entry=exit=1.0009, return_pct=-0.40000000%"
REAL_DATA_ISSUE,FLAT_PRICE_NONZERO_RETURN,COST_0.20,RLUSD/USDT,30139,"entry=exit=1.0011, return_pct=-0.40000000%"
REAL_DATA_ISSUE,FLAT_PRICE_NONZERO_RETURN,COST_0.20,USDC/USDT,30155,"entry=exit=1.00088, return_pct=-0.40000000%"
REAL_DATA_ISSUE,FLAT_PRICE_NONZERO_RETURN,COST_0.20,U/USDT,30160,"entry=exit=1.0005, return_pct=-0.40000000%"
REAL_DATA_ISSUE,FLAT_PRICE_NONZERO_RETURN,COST_0.20,RLUSD/USDT,30186,"entry=exit=1.0012, return_pct=-0.40000000%"
REAL_DATA_ISSUE,FLAT_PRICE_NONZERO_RETURN,COST_0.30,USDE/USDT,30277,"entry=exit=1.0009, return_pct=-0.60000000%"
REAL_DATA_ISSUE,FLAT_PRICE_NONZERO_RETURN,COST_0.30,RLUSD/USDT,30483,"entry=exit=1.0011, return_pct=-0.60000000%"
REAL_DATA_ISSUE,FLAT_PRICE_NONZERO_RETURN,COST_0.30,USDC/USDT,30499,"entry=exit=1.00088, return_pct=-0.60000000%"
REAL_DATA_ISSUE,FLAT_PRICE_NONZERO_RETURN,COST_0.30,U/USDT,30504,"entry=exit=1.0005, return_pct=-0.60000000%"
REAL_DATA_ISSUE,FLAT_PRICE_NONZERO_RETURN,COST_0.30,RLUSD/USDT,30530,"entry=exit=1.0012, return_pct=-0.60000000%"
REAL_DATA_ISSUE,FLAT_PRICE_NONZERO_RETURN,ROBUST_72_SL5_TP10_CD6_P7,USDE/USDT,30628,"entry=exit=1.0009, return_pct=-0.20000000%"
REAL_DATA_ISSUE,FLAT_PRICE_NONZERO_RETURN,ROBUST_72_SL5_TP10_CD6_P7,RLUSD/USDT,30775,"entry=exit=1.0011, return_pct=-0.20000000%"
REAL_DATA_ISSUE,FLAT_PRICE_NONZERO_RETURN,ROBUST_72_SL5_TP10_CD6_P7,U/USDT,30788,"entry=exit=1.0005, return_pct=-0.20000000%"
REAL_DATA_ISSUE,FLAT_PRICE_NONZERO_RETURN,ROBUST_72_SL5_TP10_CD6_P7,RLUSD/USDT,30809,"entry=exit=1.0012, return_pct=-0.20000000%"
REAL_DATA_ISSUE,FLAT_PRICE_NONZERO_RETURN,ROBUST_78_SL5_TP10_CD6_P7,USDE/USDT,30839,"entry=exit=1.0009, return_pct=-0.20000000%"
REAL_DATA_ISSUE,FLAT_PRICE_NONZERO_RETURN,ROBUST_78_SL5_TP10_CD6_P7,U/USDT,30853,"entry=exit=1.0008, return_pct=-0.20000000%"
REAL_DATA_ISSUE,FLAT_PRICE_NONZERO_RETURN,ROBUST_78_SL5_TP10_CD6_P7,USDC/USDT,30997,"entry=exit=1.00088, return_pct=-0.20000000%"
REAL_DATA_ISSUE,FLAT_PRICE_NONZERO_RETURN,ROBUST_78_SL5_TP10_CD6_P7,U/USDT,31000,"entry=exit=1.0005, return_pct=-0.20000000%"
REAL_DATA_ISSUE,FLAT_PRICE_NONZERO_RETURN,ROBUST_78_SL5_TP12_CD6_P7,USDE/USDT,31050,"entry=exit=1.0009, return_pct=-0.20000000%"
REAL_DATA_ISSUE,FLAT_PRICE_NONZERO_RETURN,ROBUST_78_SL5_TP12_CD6_P7,U/USDT,31064,"entry=exit=1.0008, return_pct=-0.20000000%"
REAL_DATA_ISSUE,FLAT_PRICE_NONZERO_RETURN,ROBUST_78_SL5_TP12_CD6_P7,U/USDT,31205,"entry=exit=1.0005, return_pct=-0.20000000%"
REAL_DATA_ISSUE,FLAT_PRICE_NONZERO_RETURN,ROBUST_78_SL5_TP12_CD6_P7,RLUSD/USDT,31224,"entry=exit=1.0012, return_pct=-0.20000000%"
REAL_DATA_ISSUE,FLAT_PRICE_NONZERO_RETURN,ROBUST_78_SL4_TP12_CD6_P7,USDE/USDT,31252,"entry=exit=1.0009, return_pct=-0.20000000%"
REAL_DATA_ISSUE,FLAT_PRICE_NONZERO_RETURN,ROBUST_78_SL4_TP12_CD6_P7,FDUSD/USDT,31347,"entry=exit=0.9982, return_pct=-0.20000000%"
REAL_DATA_ISSUE,FLAT_PRICE_NONZERO_RETURN,ROBUST_78_SL4_TP12_CD6_P7,TREE/USDT,31369,"entry=exit=0.0377, return_pct=-0.20000000%"
REAL_DATA_ISSUE,FLAT_PRICE_NONZERO_RETURN,ROBUST_78_SL5_TP10_CD24_P5,USDE/USDT,31462,"entry=exit=1.0009, return_pct=-0.20000000%"
REAL_DATA_ISSUE,FLAT_PRICE_NONZERO_RETURN,ROBUST_78_SL5_TP10_CD24_P5,FDUSD/USDT,31523,"entry=exit=0.9982, return_pct=-0.20000000%"
REAL_DATA_ISSUE,FLAT_PRICE_NONZERO_RETURN,ROBUST_78_SL5_TP10_CD24_P5,USDC/USDT,31572,"entry=exit=1.00088, return_pct=-0.20000000%"
REAL_DATA_ISSUE,FLAT_PRICE_NONZERO_RETURN,ROBUST_78_SL5_TP12_CD24_P5,USDE/USDT,31609,"entry=exit=1.0009, return_pct=-0.20000000%"
REAL_DATA_ISSUE,FLAT_PRICE_NONZERO_RETURN,ROBUST_78_SL5_TP12_CD24_P5,FDUSD/USDT,31668,"entry=exit=0.9982, return_pct=-0.20000000%"
REAL_DATA_ISSUE,FLAT_PRICE_NONZERO_RETURN,ROBUST_78_SL5_TP12_CD24_P5,RLUSD/USDT,31733,"entry=exit=1.0012, return_pct=-0.20000000%"
