scenario,trades,return_sum_pct,median_pct,mean_pct,win_rate_pct,profit_factor,p10_pct,p90_pct
CD12_E1_P15,483,464.02993199,-0.20199772,0.96072450,43.2712,1.638652,-5.20000000,9.80000000
CD12_E1_P5,184,34.16163468,-0.21997802,0.18566106,42.9348,1.113582,-5.20000000,9.80000000
CD12_E1_P7,256,325.67344523,-0.20999126,1.27216190,45.7031,1.776732,-5.20000000,9.80000000
CD12_E2_P10,347,192.77730495,-0.23004808,0.55555419,42.0749,1.348756,-5.20000000,9.80000000
CD12_E2_P15,490,510.68725901,-0.20749114,1.04221890,42.8571,1.717959,-5.20000000,9.80000000
CD12_E2_P5,185,67.57602782,-0.21799640,0.36527583,44.3243,1.227242,-5.20000000,9.80000000
CD12_E2_P7,256,290.62511858,-0.21399932,1.13525437,44.1406,1.699195,-5.20000000,9.80000000
CD24_E1_P10,345,159.45962619,-0.21997403,0.46220182,42.6087,1.285838,-5.20000000,9.80000000
CD24_E1_P15,477,161.58423930,-0.22254791,0.33875103,41.5094,1.221860,-5.20000000,9.80000000
CD24_E1_P5,188,119.80868772,-0.20998876,0.63728025,43.6170,1.400756,-5.20000000,9.80000000
CD24_E1_P7,247,313.82598238,-0.20999051,1.27055054,42.9150,1.848202,-5.20000000,9.80000000
CD24_E2_P10,345,159.45962619,-0.21997403,0.46220182,42.6087,1.285838,-5.20000000,9.80000000
CD24_E2_P15,477,161.58423930,-0.22254791,0.33875103,41.5094,1.221860,-5.20000000,9.80000000
CD24_E2_P5,188,119.80868772,-0.20998876,0.63728025,43.6170,1.400756,-5.20000000,9.80000000
CD24_E2_P7,247,313.82598238,-0.20999051,1.27055054,42.9150,1.848202,-5.20000000,9.80000000
CD6_E1_P10,349,451.32806465,-0.20999201,1.29320362,42.9799,1.845336,-5.20000000,9.80000000
CD6_E1_P15,490,575.60206152,-0.19950001,1.17469808,44.4898,1.821515,-5.20000000,9.80000000
CD6_E1_P5,194,116.83381943,-0.21000452,0.60223618,44.3299,1.365641,-5.20000000,9.80000000
CD6_E1_P7,257,325.25631704,-0.20999201,1.26558878,44.3580,1.794453,-5.20000000,9.80000000
CD6_E2_P10,353,298.67246274,-0.20999001,0.84609763,43.9093,1.563892,-5.20000000,9.80000000
CD6_E2_P15,496,526.11187283,-0.20000000,1.06070942,44.3548,1.711426,-5.20000000,9.80000000
CD6_E2_P5,194,115.73812043,-0.21100911,0.59658825,44.3299,1.361143,-5.20000000,9.80000000
CD6_E2_P7,256,90.21767598,-0.22295109,0.35241280,41.7969,1.206005,-5.20000000,9.80000000
COST_0.15,344,342.58039074,-0.31399932,0.99587323,41.5698,1.600884,-5.30000000,9.70000000
COST_0.20,344,308.18039074,-0.41399932,0.89587323,40.1163,1.521864,-5.40000000,9.60000000
COST_0.30,344,239.38039074,-0.61399932,0.69587323,38.3721,1.378562,-5.60000000,9.40000000
ROBUST_72_SL5_TP10_CD6_P7,267,376.86466544,-0.20000000,1.41147815,46.4419,1.910605,-5.20000000,9.80000000
ROBUST_78_SL4_TP12_CD6_P7,210,246.69223036,-0.19800188,1.17472491,43.8095,1.900691,-4.20000000,11.80000000
ROBUST_78_SL5_TP10_CD24_P5,147,131.71205305,-0.20000000,0.89600036,45.5782,1.643840,-5.20000000,9.80000000
ROBUST_78_SL5_TP10_CD6_P7,211,304.29657241,-0.20000000,1.44216385,45.4976,1.943910,-5.20000000,9.80000000
ROBUST_78_SL5_TP12_CD24_P5,143,149.41986820,-0.19001099,1.04489418,48.9510,1.735905,-5.20000000,11.80000000
ROBUST_78_SL5_TP12_CD6_P7,202,403.75673494,-0.10975970,1.99879572,49.0099,2.424393,-5.20000000,11.80000000
S72_SL4_TP10,375,191.38205139,-0.28077544,0.51035214,40.8000,1.340764,-4.20000000,9.80000000
S72_SL4_TP12,376,424.90346034,-0.25117820,1.13006239,41.4894,1.749801,-4.20000000,11.80000000
S72_SL4_TP15,369,481.41496125,-0.25782854,1.30464759,40.9214,1.851463,-4.20000000,12.52304586
S72_SL4_TP8,396,186.01978992,-0.21300039,0.46974694,42.4242,1.323513,-4.20000000,7.80000000
S72_SL5_TP10,363,369.74566837,-0.21727563,1.01858311,43.2507,1.640039,-5.20000000,9.80000000
S72_SL5_TP12,356,256.27259400,-0.21898522,0.71986684,42.9775,1.456188,-5.20000000,11.80000000
S72_SL5_TP15,348,328.08583445,-0.21001853,0.94277539,43.1034,1.614146,-5.20000000,11.68737798
S72_SL5_TP8,371,183.07837376,-0.22997602,0.49347271,42.0485,1.290970,-5.20000000,7.80000000
S72_SL6_TP10,353,327.16695855,-0.21998202,0.92681858,43.0595,1.549205,-6.20000000,9.80000000
S72_SL6_TP12,354,260.34105441,-0.21699692,0.73542671,43.5028,1.442293,-6.20000000,11.80000000
S72_SL6_TP15,348,196.45171684,-0.22794660,0.56451643,41.6667,1.327366,-6.20000000,9.42858077
S72_SL6_TP8,365,292.55965859,-0.20999051,0.80153331,44.6575,1.507884,-6.20000000,7.80000000
S75_SL4_TP10,345,170.61938203,-0.21200120,0.49454893,41.1594,1.342328,-4.20000000,9.80000000
S75_SL4_TP12,350,423.59349256,-0.21997902,1.21026712,41.4286,1.819883,-4.20000000,11.80000000
S75_SL4_TP15,338,258.66094463,-0.24393831,0.76526907,39.9408,1.515706,-4.20000000,9.49152963
S75_SL4_TP8,357,151.01764350,-0.21001803,0.42301861,43.1373,1.304899,-4.20000000,7.80000000
S75_SL5_TP10,344,376.98039074,-0.21399932,1.09587323,43.0233,1.684996,-5.20000000,9.80000000
S75_SL5_TP12,341,414.84385529,-0.22997302,1.21655090,42.5220,1.730606,-5.20000000,11.80000000
S75_SL5_TP15,336,490.96771385,-0.21101062,1.46121343,42.8571,1.960096,-5.20000000,14.80000000
S75_SL5_TP8,346,235.07791342,-0.21898522,0.67941593,43.0636,1.438443,-5.20000000,7.80000000
S75_SL6_TP10,334,159.94205197,-0.21997802,0.47886842,42.5150,1.300555,-6.20000000,9.80000000
S75_SL6_TP12,330,149.97548279,-0.23745316,0.45447116,40.9091,1.260966,-6.20000000,11.80000000
S75_SL6_TP15,334,238.97758193,-0.24001206,0.71550174,40.4192,1.396373,-6.20000000,14.80000000
S75_SL6_TP8,342,183.34614338,-0.14769535,0.53609983,46.7836,1.364319,-6.20000000,7.80000000
S78_SL4_TP10,301,269.03778546,-0.19134724,0.89381324,45.5150,1.703190,-4.20000000,9.80000000
S78_SL4_TP12,300,519.48487899,-0.20898909,1.73161626,45.3333,2.301529,-4.20000000,11.80000000
S78_SL4_TP15,291,288.87541090,-0.21997603,0.99269901,42.2680,1.725381,-4.20000000,10.87491857
S78_SL4_TP8,313,470.58657625,-0.19000999,1.50347149,47.6038,2.236049,-4.20000000,7.80000000
S78_SL5_TP10,294,149.21856579,-0.20998876,0.50754614,42.8571,1.343114,-5.20000000,9.80000000
S78_SL5_TP12,289,229.88712569,-0.21001803,0.79545718,43.5986,1.532628,-5.20000000,11.80000000
S78_SL5_TP15,284,469.24858685,-0.20399608,1.65228376,43.6620,2.150154,-5.20000000,14.80000000
S78_SL5_TP8,299,154.78702748,-0.19001099,0.51768237,45.8194,1.379865,-5.20000000,7.80000000
S78_SL6_TP10,284,242.76640298,-0.19001149,0.85481128,46.4789,1.583183,-6.20000000,9.80000000
S78_SL6_TP12,282,244.30879240,-0.18501399,0.86634324,46.4539,1.579415,-6.20000000,11.80000000
S78_SL6_TP15,274,268.17667049,-0.20799516,0.97874697,43.4307,1.632913,-6.20000000,12.36684800
S78_SL6_TP8,292,331.70485653,-0.06463824,1.13597554,49.6575,1.771244,-6.20000000,7.80000000
S80_SL4_TP10,307,437.67083889,-0.21001703,1.42563791,42.6710,2.078685,-4.20000000,9.80000000
S80_SL4_TP12,296,409.17226621,-0.21499880,1.38233874,41.2162,2.008797,-4.20000000,11.80000000
S80_SL4_TP15,297,501.66802080,-0.20999500,1.68911792,41.7508,2.234537,-4.20000000,14.80000000
S80_SL4_TP8,313,187.46730419,-0.20000000,0.59893707,45.6869,1.461737,-4.20000000,7.80000000
S80_SL5_TP10,290,433.89165885,-0.19001049,1.49617813,45.1724,2.088216,-5.20000000,9.80000000
S80_SL5_TP12,289,471.48330064,-0.20000000,1.63143011,43.9446,2.122405,-5.20000000,11.80000000
S80_SL5_TP15,280,344.04604867,-0.20000000,1.22873589,44.2857,1.897182,-5.20000000,14.80000000
S80_SL5_TP8,303,367.41247555,-0.19000799,1.21258243,46.5347,1.851667,-5.20000000,7.80000000
S80_SL6_TP10,279,156.58784137,-0.20099995,0.56124674,44.8029,1.362898,-6.20000000,9.80000000
S80_SL6_TP12,281,152.13918970,-0.20000000,0.54142060,44.1281,1.322925,-6.20000000,11.80000000
S80_SL6_TP15,274,267.93607761,-0.20000000,0.97786890,43.4307,1.635294,-6.20000000,14.28176292
S80_SL6_TP8,294,100.35402887,-0.20000000,0.34134023,45.9184,1.210726,-6.20000000,7.80000000
S82_SL4_TP10,304,269.11008424,-0.21997603,0.88523054,40.7895,1.647249,-4.20000000,9.80000000
S82_SL4_TP12,295,282.68191191,-0.21997403,0.95824377,41.6949,1.689364,-4.20000000,11.80000000
S82_SL4_TP15,293,457.10811851,-0.25512679,1.56009597,37.8840,2.096479,-4.20000000,14.47326733
S82_SL4_TP8,312,233.02203921,-0.20149870,0.74686551,44.2308,1.565696,-4.20000000,7.80000000
S82_SL5_TP10,287,219.09561045,-0.20000000,0.76339934,44.9477,1.496665,-5.20000000,9.80000000
S82_SL5_TP12,287,305.48517401,-0.20000000,1.06440827,44.2509,1.719576,-5.20000000,11.80000000
S82_SL5_TP15,280,287.66578664,-0.20799491,1.02737781,41.7857,1.678335,-5.20000000,12.65135135
S82_SL5_TP8,301,203.87109774,-0.20000000,0.67731262,45.1827,1.474003,-5.20000000,7.80000000
S82_SL6_TP10,284,198.82928097,-0.20000000,0.70010310,44.3662,1.433805,-6.20000000,9.80000000
S82_SL6_TP12,286,210.41040362,-0.21549379,0.73570071,43.0070,1.429527,-6.20000000,11.80000000
S82_SL6_TP15,273,225.54115178,-0.20998702,0.82615807,43.2234,1.500223,-6.20000000,10.28733964
S82_SL6_TP8,290,149.96750305,-0.20000000,0.51712932,45.8621,1.339245,-6.20000000,7.80000000
S85_SL4_TP10,275,218.93505221,-0.20999201,0.79612746,42.5455,1.588880,-4.20000000,9.80000000
S85_SL4_TP12,276,488.68179183,-0.20799342,1.77058620,44.2029,2.314027,-4.20000000,11.80000000
S85_SL4_TP15,270,346.56795706,-0.21997802,1.28358503,42.9630,1.934923,-4.20000000,12.35069117
S85_SL4_TP8,288,369.07476282,-0.20998801,1.28150959,44.7917,1.949626,-4.20000000,7.80000000
S85_SL5_TP10,274,161.90258280,-0.20998951,0.59088534,43.0657,1.384819,-5.20000000,9.80000000
S85_SL5_TP12,271,268.97998888,-0.20000000,0.99254608,44.6494,1.670299,-5.20000000,11.80000000
S85_SL5_TP15,261,216.31632288,-0.20599982,0.82879817,42.9119,1.541443,-5.20000000,9.08091565
S85_SL5_TP8,280,277.19923399,-0.20149870,0.98999726,44.2857,1.636597,-5.20000000,7.80000000
S85_SL6_TP10,270,174.23994012,-0.20000000,0.64533311,45.1852,1.399380,-6.20000000,9.80000000
S85_SL6_TP12,267,234.93976481,-0.20000000,0.87992421,45.3184,1.548086,-6.20000000,11.80000000
S85_SL6_TP15,258,148.53889366,-0.22498002,0.57573215,40.6977,1.313467,-6.20000000,9.20383681
S85_SL6_TP8,274,246.32699770,-0.20449861,0.89900364,44.5255,1.548885,-6.20000000,7.80000000
