time,open_positions,open_symbols,open_scenarios
2026-07-18T13:00:00+00:00,102,2,51
2026-07-18T14:00:00+00:00,115,3,51
2026-07-18T16:00:00+00:00,166,4,51
2026-07-18T20:00:00+00:00,115,3,51
2026-07-19T01:00:00+00:00,128,4,51
2026-07-19T02:00:00+00:00,179,5,51
2026-07-19T03:00:00+00:00,175,5,51
2026-07-19T05:00:00+00:00,167,5,51
2026-07-19T06:00:00+00:00,158,7,51
2026-07-19T07:00:00+00:00,196,7,51
2026-07-19T08:00:00+00:00,188,6,51
2026-07-19T10:00:00+00:00,201,7,51
2026-07-19T11:00:00+00:00,225,9,51
2026-07-19T12:00:00+00:00,275,10,51
2026-07-19T13:00:00+00:00,275,10,51
2026-07-19T14:00:00+00:00,266,9,51
2026-07-19T15:00:00+00:00,266,10,51
2026-07-19T16:00:00+00:00,258,9,51
2026-07-19T17:00:00+00:00,271,10,51
2026-07-19T20:00:00+00:00,268,10,51
2026-07-19T21:00:00+00:00,261,10,51
2026-07-19T22:00:00+00:00,317,10,51
2026-07-19T23:00:00+00:00,349,11,51
2026-07-20T00:00:00+00:00,346,11,51
2026-07-20T01:00:00+00:00,317,10,51
2026-07-20T02:00:00+00:00,266,9,51
2026-07-20T05:00:00+00:00,279,10,51
2026-07-20T06:00:00+00:00,253,9,51
2026-07-20T07:00:00+00:00,215,8,51
2026-07-20T08:00:00+00:00,173,8,51
2026-07-20T10:00:00+00:00,211,8,51
2026-07-20T11:00:00+00:00,238,11,51
2026-07-20T12:00:00+00:00,190,10,51
2026-07-20T13:00:00+00:00,199,10,51
2026-07-20T14:00:00+00:00,190,10,51
2026-07-20T15:00:00+00:00,199,11,51
2026-07-20T16:00:00+00:00,279,13,51
2026-07-20T17:00:00+00:00,349,15,51
2026-07-20T19:00:00+00:00,341,14,51
2026-07-20T20:00:00+00:00,311,15,51
2026-07-20T22:00:00+00:00,254,14,51
2026-07-21T00:00:00+00:00,302,15,51
2026-07-21T01:00:00+00:00,299,14,51
2026-07-21T02:00:00+00:00,273,15,51
2026-07-21T03:00:00+00:00,383,16,51
2026-07-21T05:00:00+00:00,407,16,51
2026-07-21T06:00:00+00:00,369,15,51
2026-07-21T07:00:00+00:00,437,17,51
2026-07-21T08:00:00+00:00,471,20,51
2026-07-21T10:00:00+00:00,433,19,51
2026-07-21T11:00:00+00:00,429,17,51
2026-07-21T12:00:00+00:00,433,18,51
2026-07-21T13:00:00+00:00,437,17,51
2026-07-21T14:00:00+00:00,467,18,51
2026-07-21T15:00:00+00:00,463,18,51
2026-07-21T16:00:00+00:00,425,19,51
2026-07-21T17:00:00+00:00,355,18,51
2026-07-21T20:00:00+00:00,344,17,51
2026-07-21T21:00:00+00:00,346,17,51
2026-07-21T22:00:00+00:00,352,18,51
2026-07-21T23:00:00+00:00,384,18,51
2026-07-22T01:00:00+00:00,365,17,51
2026-07-22T02:00:00+00:00,353,16,51
2026-07-22T03:00:00+00:00,250,14,51
2026-07-22T05:00:00+00:00,251,14,51
2026-07-22T07:00:00+00:00,183,12,51
2026-07-22T08:00:00+00:00,149,11,51
2026-07-22T09:00:00+00:00,153,11,51
2026-07-22T10:00:00+00:00,215,13,51
2026-07-22T11:00:00+00:00,285,13,51
2026-07-22T12:00:00+00:00,327,13,51
2026-07-22T13:00:00+00:00,405,17,51
2026-07-22T14:00:00+00:00,384,17,51
2026-07-22T15:00:00+00:00,424,19,51
2026-07-22T16:00:00+00:00,447,19,51
2026-07-22T21:00:00+00:00,445,18,51
2026-07-22T22:00:00+00:00,439,17,51
2026-07-23T01:00:00+00:00,443,18,51
2026-07-23T03:00:00+00:00,445,18,51
2026-07-23T06:00:00+00:00,447,19,51
2026-07-23T07:00:00+00:00,465,19,51
2026-07-23T08:00:00+00:00,467,19,51
2026-07-23T09:00:00+00:00,464,18,51
2026-07-23T10:00:00+00:00,413,17,51
2026-07-23T11:00:00+00:00,325,15,51
2026-07-23T12:00:00+00:00,315,15,51
2026-07-23T13:00:00+00:00,216,13,51
2026-07-23T14:00:00+00:00,199,12,51
2026-07-23T15:00:00+00:00,189,8,51
2026-07-23T16:00:00+00:00,180,8,51
2026-07-23T17:00:00+00:00,176,7,51
2026-07-23T20:00:00+00:00,215,8,51
2026-07-23T22:00:00+00:00,219,8,51
2026-07-24T00:00:00+00:00,215,8,51
2026-07-24T01:00:00+00:00,209,8,51
2026-07-24T02:00:00+00:00,169,7,51
2026-07-24T03:00:00+00:00,164,5,51
2026-07-24T04:00:00+00:00,177,6,51
2026-07-24T05:00:00+00:00,193,7,51
2026-07-24T06:00:00+00:00,236,8,51
2026-07-24T08:00:00+00:00,201,6,51
2026-07-24T09:00:00+00:00,197,5,51
2026-07-24T10:00:00+00:00,170,5,51
2026-07-24T12:00:00+00:00,119,5,51
2026-07-24T13:00:00+00:00,98,5,51
2026-07-24T14:00:00+00:00,111,6,51
2026-07-24T15:00:00+00:00,124,5,51
2026-07-24T17:00:00+00:00,166,6,51
2026-07-24T18:00:00+00:00,157,6,51
2026-07-24T19:00:00+00:00,204,6,51
2026-07-24T20:00:00+00:00,200,5,51
2026-07-24T21:00:00+00:00,251,6,51
2026-07-24T22:00:00+00:00,247,5,51
2026-07-25T00:00:00+00:00,252,6,51
2026-07-25T01:00:00+00:00,286,6,51
2026-07-25T03:00:00+00:00,251,6,51
2026-07-25T05:00:00+00:00,243,6,51
2026-07-25T06:00:00+00:00,165,5,51
2026-07-25T07:00:00+00:00,216,6,51
2026-07-25T08:00:00+00:00,212,6,51
2026-07-25T09:00:00+00:00,153,4,51
2026-07-25T13:00:00+00:00,255,6,51
2026-07-25T15:00:00+00:00,204,5,51
2026-07-25T17:00:00+00:00,196,4,51
2026-07-25T21:00:00+00:00,145,3,51
2026-07-25T23:00:00+00:00,119,3,51
2026-07-26T00:00:00+00:00,106,3,51
2026-07-26T01:00:00+00:00,102,2,51
2026-07-26T02:00:00+00:00,115,3,51
2026-07-26T05:00:00+00:00,153,3,51
2026-07-26T11:00:00+00:00,166,4,51
2026-07-26T13:00:00+00:00,64,2,51
2026-07-26T16:00:00+00:00,844,17,104
2026-07-26T17:00:00+00:00,916,18,104
2026-07-26T19:00:00+00:00,940,19,104
2026-07-26T20:00:00+00:00,952,19,104
2026-07-26T22:00:00+00:00,1000,24,104
2026-07-27T02:00:00+00:00,1000,25,104
2026-07-27T05:00:00+00:00,1000,24,104
2026-07-27T10:00:00+00:00,1000,25,104
2026-07-27T11:00:00+00:00,1000,25,104
2026-07-27T13:00:00+00:00,996,25,104
2026-07-27T14:00:00+00:00,1000,25,104
2026-07-27T15:00:00+00:00,998,26,104
2026-07-27T16:00:00+00:00,680,17,104
2026-07-27T17:00:00+00:00,727,16,104
2026-07-27T18:00:00+00:00,792,17,104
2026-07-27T19:00:00+00:00,878,20,104
2026-07-27T20:00:00+00:00,875,20,104
2026-07-27T21:00:00+00:00,863,19,104
2026-07-27T22:00:00+00:00,801,14,104
2026-07-27T23:00:00+00:00,801,14,104
2026-07-28T00:00:00+00:00,832,15,104
2026-07-28T01:00:00+00:00,834,15,104
2026-07-28T04:00:00+00:00,871,16,104
2026-07-28T05:00:00+00:00,877,17,104
2026-07-28T06:00:00+00:00,884,18,104
2026-07-28T07:00:00+00:00,882,18,104
2026-07-28T08:00:00+00:00,912,18,104
2026-07-28T09:00:00+00:00,946,19,104
2026-07-28T10:00:00+00:00,964,21,104
2026-07-28T11:00:00+00:00,974,20,104
2026-07-28T12:00:00+00:00,996,21,104
2026-07-28T13:00:00+00:00,996,21,104
2026-07-28T14:00:00+00:00,986,22,104
2026-07-28T15:00:00+00:00,1000,24,104
2026-07-28T16:00:00+00:00,957,21,104
2026-07-28T17:00:00+00:00,964,22,104
2026-07-28T18:00:00+00:00,939,20,104
2026-07-28T19:00:00+00:00,966,19,104
2026-07-28T21:00:00+00:00,974,19,104
2026-07-28T22:00:00+00:00,962,20,104
2026-07-28T23:00:00+00:00,982,21,104
2026-07-29T00:00:00+00:00,982,21,104
2026-07-29T01:00:00+00:00,988,21,104
2026-07-29T02:00:00+00:00,990,21,104
2026-07-29T03:00:00+00:00,1000,22,104
2026-07-29T04:00:00+00:00,998,22,104
2026-07-29T05:00:00+00:00,998,21,104
2026-07-29T06:00:00+00:00,998,21,104
2026-07-29T07:00:00+00:00,1000,23,104
2026-07-29T08:00:00+00:00,974,22,104
2026-07-29T09:00:00+00:00,974,23,104
2026-07-29T10:00:00+00:00,964,22,104
2026-07-29T11:00:00+00:00,949,22,104
2026-07-29T12:00:00+00:00,908,22,104
2026-07-29T13:00:00+00:00,888,22,104
2026-07-29T14:00:00+00:00,890,22,104
2026-07-29T15:00:00+00:00,882,22,104
2026-07-29T16:00:00+00:00,800,21,104
2026-07-29T17:00:00+00:00,778,20,104
2026-07-29T18:00:00+00:00,812,20,104
2026-07-29T19:00:00+00:00,687,19,104
2026-07-29T20:00:00+00:00,716,20,104
2026-07-29T21:00:00+00:00,748,19,104
2026-07-29T22:00:00+00:00,738,19,104
2026-07-29T23:00:00+00:00,775,20,104
2026-07-30T00:00:00+00:00,818,21,104
2026-07-30T01:00:00+00:00,868,21,104
2026-07-30T02:00:00+00:00,881,21,104
2026-07-30T03:00:00+00:00,884,20,104
2026-07-30T04:00:00+00:00,916,21,104
2026-07-30T05:00:00+00:00,916,21,104
2026-07-30T06:00:00+00:00,914,21,104
2026-07-30T07:00:00+00:00,957,21,104
2026-07-30T08:00:00+00:00,948,21,104
2026-07-30T09:00:00+00:00,958,22,104
2026-07-30T10:00:00+00:00,956,23,104
2026-07-30T11:00:00+00:00,986,24,104
2026-07-30T12:00:00+00:00,1000,26,104
2026-07-30T14:00:00+00:00,1000,26,104
2026-07-30T15:00:00+00:00,1000,28,104
2026-07-30T16:00:00+00:00,1000,29,104
2026-07-30T17:00:00+00:00,1000,31,104
2026-07-30T18:00:00+00:00,999,32,104
2026-07-30T19:00:00+00:00,1000,33,104
2026-07-30T20:00:00+00:00,1000,34,104
2026-07-30T21:00:00+00:00,1000,34,104
2026-07-30T22:00:00+00:00,1000,34,104
2026-07-30T23:00:00+00:00,1000,35,104
2026-07-31T00:00:00+00:00,976,34,104
2026-07-31T01:00:00+00:00,988,35,104
2026-07-31T02:00:00+00:00,988,34,104
2026-07-31T03:00:00+00:00,992,34,104
2026-07-31T04:00:00+00:00,974,34,104
2026-07-31T05:00:00+00:00,975,34,104
2026-07-31T06:00:00+00:00,996,32,104
2026-07-31T07:00:00+00:00,998,33,104
2026-07-31T08:00:00+00:00,1000,34,104
2026-07-31T09:00:00+00:00,1000,33,104
2026-07-31T10:00:00+00:00,1000,33,104
2026-07-31T11:00:00+00:00,987,29,104
2026-07-31T12:00:00+00:00,984,29,104
2026-07-31T13:00:00+00:00,963,30,104
2026-07-31T14:00:00+00:00,991,29,104
2026-07-31T15:00:00+00:00,990,28,104
2026-07-31T16:00:00+00:00,972,27,104
2026-07-31T17:00:00+00:00,993,27,104
2026-07-31T18:00:00+00:00,946,27,104
2026-07-31T19:00:00+00:00,938,25,104
2026-07-31T20:00:00+00:00,962,25,104
2026-07-31T21:00:00+00:00,974,26,104
2026-07-31T22:00:00+00:00,989,26,104
2026-07-31T23:00:00+00:00,995,25,104
2026-08-01T00:00:00+00:00,1000,26,104
2026-08-01T01:00:00+00:00,990,27,104
2026-08-01T02:00:00+00:00,1000,27,104
2026-08-01T03:00:00+00:00,986,27,104
2026-08-01T04:00:00+00:00,997,26,104
2026-08-01T05:00:00+00:00,1000,26,104
2026-08-01T06:00:00+00:00,980,25,104
2026-08-01T07:00:00+00:00,928,25,104
2026-08-01T08:00:00+00:00,919,25,104
2026-08-01T09:00:00+00:00,903,25,104
2026-08-01T10:00:00+00:00,906,24,104
2026-08-01T11:00:00+00:00,910,25,104
2026-08-01T12:00:00+00:00,929,28,104
2026-08-01T13:00:00+00:00,936,27,104
2026-08-01T14:00:00+00:00,942,27,104
2026-08-01T15:00:00+00:00,971,27,104
2026-08-01T16:00:00+00:00,966,28,104
2026-08-01T17:00:00+00:00,915,29,104
2026-08-01T18:00:00+00:00,897,29,104
2026-08-01T19:00:00+00:00,868,29,104
2026-08-01T20:00:00+00:00,823,26,104
2026-08-01T21:00:00+00:00,909,27,104
2026-08-01T22:00:00+00:00,917,26,104
2026-08-01T23:00:00+00:00,935,27,104
2026-08-02T00:00:00+00:00,973,28,104
2026-08-02T01:00:00+00:00,985,28,104
2026-08-02T02:00:00+00:00,1000,27,104
2026-08-02T03:00:00+00:00,1000,27,104
2026-08-02T04:00:00+00:00,1000,28,104
2026-08-02T05:00:00+00:00,1000,28,104
2026-08-02T06:00:00+00:00,993,30,104
2026-08-02T07:00:00+00:00,1000,31,104
2026-08-02T08:00:00+00:00,1000,32,104
2026-08-02T09:00:00+00:00,1000,33,104
2026-08-02T10:00:00+00:00,996,33,104
2026-08-02T11:00:00+00:00,1000,34,104
2026-08-02T12:00:00+00:00,1000,36,104
2026-08-02T13:00:00+00:00,988,36,104
2026-08-02T14:00:00+00:00,1000,37,104
2026-08-02T15:00:00+00:00,1000,37,104
2026-08-02T16:00:00+00:00,1000,40,104
2026-08-02T17:00:00+00:00,997,39,104
2026-08-02T18:00:00+00:00,990,38,104
2026-08-02T19:00:00+00:00,1000,37,104
2026-08-02T20:00:00+00:00,991,37,104
2026-08-02T21:00:00+00:00,997,36,104
2026-08-02T22:00:00+00:00,1000,37,104
2026-08-02T23:00:00+00:00,1000,37,104
2026-08-03T00:00:00+00:00,1000,33,104
2026-08-03T01:00:00+00:00,988,28,104
2026-08-03T02:00:00+00:00,968,30,104
2026-08-03T03:00:00+00:00,965,29,104
2026-08-03T04:00:00+00:00,983,31,104
2026-08-03T05:00:00+00:00,985,32,104
2026-08-03T06:00:00+00:00,994,31,104
2026-08-03T07:00:00+00:00,997,31,104
2026-08-03T08:00:00+00:00,999,32,104
2026-08-03T09:00:00+00:00,1000,35,104
2026-08-03T10:00:00+00:00,1000,35,104
2026-08-03T11:00:00+00:00,1000,32,104
2026-08-03T12:00:00+00:00,1000,32,104
2026-08-03T13:00:00+00:00,1000,34,104
2026-08-03T14:00:00+00:00,1000,34,104
2026-08-03T15:00:00+00:00,1000,34,104
2026-08-03T16:00:00+00:00,1000,35,104
2026-08-03T17:00:00+00:00,1000,34,104
2026-08-03T18:00:00+00:00,1000,34,104
2026-08-03T19:00:00+00:00,1000,36,104
2026-08-03T20:00:00+00:00,1000,36,104
2026-08-03T21:00:00+00:00,993,36,104
2026-08-03T22:00:00+00:00,990,37,104
2026-08-03T23:00:00+00:00,992,37,104
2026-08-04T00:00:00+00:00,993,35,104
2026-08-04T01:00:00+00:00,1000,36,104
2026-08-04T02:00:00+00:00,1000,34,104
2026-08-04T03:00:00+00:00,990,34,104
2026-08-04T04:00:00+00:00,981,35,104
2026-08-04T05:00:00+00:00,975,34,104
2026-08-04T06:00:00+00:00,971,33,104
2026-08-04T07:00:00+00:00,976,34,104
2026-08-04T08:00:00+00:00,990,35,104
2026-08-04T09:00:00+00:00,987,37,104
2026-08-04T10:00:00+00:00,993,39,104
2026-08-04T11:00:00+00:00,1000,38,104
2026-08-04T12:00:00+00:00,1000,39,104
2026-08-04T13:00:00+00:00,1000,38,104
2026-08-04T14:00:00+00:00,1000,39,104
2026-08-04T15:00:00+00:00,1000,37,104
2026-08-04T16:00:00+00:00,1000,38,104
2026-08-04T17:00:00+00:00,1000,37,104
2026-08-04T18:00:00+00:00,1000,35,104
2026-08-04T19:00:00+00:00,999,36,104
2026-08-04T20:00:00+00:00,1000,37,104
2026-08-04T21:00:00+00:00,1000,37,104
2026-08-04T22:00:00+00:00,1000,38,104
2026-08-04T23:00:00+00:00,999,38,104
2026-08-05T00:00:00+00:00,1000,37,104
2026-08-05T01:00:00+00:00,1000,38,104
2026-08-05T02:00:00+00:00,1000,38,104
2026-08-05T03:00:00+00:00,1000,38,104
2026-08-05T04:00:00+00:00,998,35,104
2026-08-05T05:00:00+00:00,999,34,104
2026-08-05T06:00:00+00:00,1000,34,104
2026-08-05T07:00:00+00:00,1000,36,104
2026-08-05T08:00:00+00:00,998,37,104
2026-08-05T09:00:00+00:00,1000,36,104
2026-08-05T10:00:00+00:00,1000,36,104
2026-08-05T11:00:00+00:00,999,35,104
2026-08-05T12:00:00+00:00,1000,34,104
2026-08-05T13:00:00+00:00,1000,38,104
2026-08-05T14:00:00+00:00,1000,38,104
2026-08-05T15:00:00+00:00,1000,38,104
2026-08-05T16:00:00+00:00,1000,40,104
2026-08-05T17:00:00+00:00,1000,38,104
2026-08-05T18:00:00+00:00,992,38,104
2026-08-05T19:00:00+00:00,995,35,104
2026-08-05T20:00:00+00:00,1000,35,104
2026-08-05T21:00:00+00:00,990,33,104
2026-08-05T22:00:00+00:00,992,32,104
2026-08-05T23:00:00+00:00,987,31,104
2026-08-06T00:00:00+00:00,987,32,104
2026-08-06T01:00:00+00:00,991,32,104
2026-08-06T02:00:00+00:00,993,31,104
2026-08-06T03:00:00+00:00,1000,31,104
2026-08-06T04:00:00+00:00,984,29,104
2026-08-06T05:00:00+00:00,1000,31,104
2026-08-06T06:00:00+00:00,1000,33,104
2026-08-06T07:00:00+00:00,1000,32,104
2026-08-06T08:00:00+00:00,1000,32,104
2026-08-06T09:00:00+00:00,1000,32,104
2026-08-06T10:00:00+00:00,1000,30,104
2026-08-06T11:00:00+00:00,1000,31,104
2026-08-06T12:00:00+00:00,1000,32,104
2026-08-06T13:00:00+00:00,1000,29,104
2026-08-06T14:00:00+00:00,1000,29,104
2026-08-06T15:00:00+00:00,1000,30,104
2026-08-06T16:00:00+00:00,998,30,104
2026-08-06T17:00:00+00:00,1000,32,104
2026-08-06T18:00:00+00:00,999,33,104
2026-08-06T19:00:00+00:00,986,33,104
2026-08-06T20:00:00+00:00,996,34,104
2026-08-06T21:00:00+00:00,999,34,104
2026-08-06T22:00:00+00:00,984,34,104
2026-08-06T23:00:00+00:00,999,36,104
2026-08-07T00:00:00+00:00,981,36,104
2026-08-07T01:00:00+00:00,974,34,104
2026-08-07T02:00:00+00:00,991,35,104
2026-08-07T03:00:00+00:00,992,38,104
2026-08-07T04:00:00+00:00,992,38,104
2026-08-07T05:00:00+00:00,990,39,104
2026-08-07T06:00:00+00:00,996,39,104
2026-08-07T07:00:00+00:00,1000,37,104
2026-08-07T08:00:00+00:00,1000,36,104
2026-08-07T09:00:00+00:00,1000,36,104
2026-08-07T10:00:00+00:00,1000,35,104
2026-08-07T11:00:00+00:00,1000,37,104
2026-08-07T12:00:00+00:00,1000,37,104
2026-08-07T13:00:00+00:00,1000,35,104
2026-08-07T14:00:00+00:00,1000,36,104
2026-08-07T15:00:00+00:00,1000,36,104
2026-08-07T16:00:00+00:00,1000,38,104
2026-08-07T17:00:00+00:00,1000,37,104
2026-08-07T18:00:00+00:00,997,37,104
2026-08-07T19:00:00+00:00,999,39,104
2026-08-07T20:00:00+00:00,970,37,104
2026-08-07T21:00:00+00:00,966,37,104
2026-08-07T22:00:00+00:00,950,36,104
2026-08-07T23:00:00+00:00,937,37,104
2026-08-08T00:00:00+00:00,977,37,104
2026-08-08T01:00:00+00:00,992,36,104
2026-08-08T02:00:00+00:00,993,35,104
2026-08-08T03:00:00+00:00,999,34,104
2026-08-08T04:00:00+00:00,1000,34,104
2026-08-08T05:00:00+00:00,998,34,104
2026-08-08T06:00:00+00:00,999,34,104
2026-08-08T07:00:00+00:00,1000,34,104
2026-08-08T08:00:00+00:00,999,32,104
2026-08-08T09:00:00+00:00,999,32,104
2026-08-08T10:00:00+00:00,1000,33,104
2026-08-08T11:00:00+00:00,1000,34,104
2026-08-08T12:00:00+00:00,1000,35,104
2026-08-08T13:00:00+00:00,1000,34,104
2026-08-08T14:00:00+00:00,1000,35,104
2026-08-08T15:00:00+00:00,1000,36,104
2026-08-08T16:00:00+00:00,1000,34,104
2026-08-08T17:00:00+00:00,1000,37,104
2026-08-08T18:00:00+00:00,1000,39,104
2026-08-08T19:00:00+00:00,1000,40,104
2026-08-08T20:00:00+00:00,1000,40,104
2026-08-08T21:00:00+00:00,1000,40,104
2026-08-08T22:00:00+00:00,1000,37,104
2026-08-08T23:00:00+00:00,999,35,104
2026-08-09T00:00:00+00:00,999,35,104
2026-08-09T01:00:00+00:00,990,36,104
2026-08-09T02:00:00+00:00,990,37,104
2026-08-09T03:00:00+00:00,995,37,104
2026-08-09T04:00:00+00:00,990,37,104
2026-08-09T05:00:00+00:00,998,36,104
2026-08-09T06:00:00+00:00,1000,33,104
2026-08-09T07:00:00+00:00,1000,34,104
2026-08-09T08:00:00+00:00,1000,34,104
2026-08-09T09:00:00+00:00,1000,35,104
2026-08-09T10:00:00+00:00,1000,35,104
2026-08-09T11:00:00+00:00,996,35,104
2026-08-09T12:00:00+00:00,1000,36,104
2026-08-09T13:00:00+00:00,1000,37,104
2026-08-09T14:00:00+00:00,1000,38,104
2026-08-09T15:00:00+00:00,1000,36,104
2026-08-09T16:00:00+00:00,1000,36,104
2026-08-09T17:00:00+00:00,1000,36,104
2026-08-09T18:00:00+00:00,999,38,104
2026-08-09T19:00:00+00:00,998,38,104
2026-08-09T20:00:00+00:00,998,39,104
2026-08-09T21:00:00+00:00,997,40,104
2026-08-09T22:00:00+00:00,996,41,104
2026-08-09T23:00:00+00:00,991,42,104
2026-08-10T00:00:00+00:00,988,40,104
2026-08-10T01:00:00+00:00,991,41,104
2026-08-10T02:00:00+00:00,998,41,104
2026-08-10T03:00:00+00:00,1000,40,104
2026-08-10T04:00:00+00:00,1000,38,104
2026-08-10T05:00:00+00:00,1000,36,104
2026-08-10T06:00:00+00:00,1000,37,104
2026-08-10T07:00:00+00:00,1000,36,104
2026-08-10T08:00:00+00:00,1000,37,104
2026-08-10T09:00:00+00:00,1000,39,104
2026-08-10T10:00:00+00:00,1000,38,104
2026-08-10T11:00:00+00:00,999,37,104
2026-08-10T12:00:00+00:00,992,37,104
2026-08-10T13:00:00+00:00,997,35,104
2026-08-10T14:00:00+00:00,994,36,104
2026-08-10T15:00:00+00:00,999,36,104
2026-08-10T16:00:00+00:00,1000,36,104
2026-08-10T17:00:00+00:00,1000,37,104
2026-08-10T18:00:00+00:00,1000,36,104
2026-08-10T19:00:00+00:00,1000,35,104
2026-08-10T20:00:00+00:00,998,35,104
2026-08-10T21:00:00+00:00,993,33,104
2026-08-10T22:00:00+00:00,995,33,104
2026-08-10T23:00:00+00:00,992,33,104
2026-08-11T00:00:00+00:00,991,30,104
2026-08-11T01:00:00+00:00,993,29,104
2026-08-11T02:00:00+00:00,996,32,104
2026-08-11T03:00:00+00:00,997,32,104
2026-08-11T04:00:00+00:00,995,31,104
2026-08-11T05:00:00+00:00,977,30,104
2026-08-11T06:00:00+00:00,982,30,104
2026-08-11T07:00:00+00:00,963,30,104
2026-08-11T08:00:00+00:00,969,29,104
2026-08-11T09:00:00+00:00,972,31,104
2026-08-11T10:00:00+00:00,970,32,104
2026-08-11T11:00:00+00:00,982,31,104
2026-08-11T12:00:00+00:00,991,31,104
2026-08-11T13:00:00+00:00,999,31,104
2026-08-11T14:00:00+00:00,998,30,104
2026-08-11T15:00:00+00:00,999,31,104
2026-08-11T16:00:00+00:00,993,31,104
2026-08-11T17:00:00+00:00,993,30,104
2026-08-11T18:00:00+00:00,991,31,104
2026-08-11T19:00:00+00:00,995,32,104
2026-08-11T20:00:00+00:00,996,30,104
2026-08-11T21:00:00+00:00,996,31,104
2026-08-11T22:00:00+00:00,997,31,104
2026-08-11T23:00:00+00:00,997,31,104
2026-08-12T00:00:00+00:00,1000,30,104
2026-08-12T01:00:00+00:00,996,31,104
2026-08-12T02:00:00+00:00,1000,32,104
2026-08-12T03:00:00+00:00,1000,32,104
2026-08-12T04:00:00+00:00,991,33,104
2026-08-12T05:00:00+00:00,998,33,104
2026-08-12T06:00:00+00:00,1000,33,104
2026-08-12T07:00:00+00:00,998,33,104
2026-08-12T08:00:00+00:00,1000,34,104
2026-08-12T09:00:00+00:00,1000,33,104
2026-08-12T10:00:00+00:00,1000,33,104
2026-08-12T11:00:00+00:00,988,33,104
2026-08-12T12:00:00+00:00,1000,33,104
2026-08-12T13:00:00+00:00,997,32,104
2026-08-12T14:00:00+00:00,1000,33,104
2026-08-12T15:00:00+00:00,1000,33,104
2026-08-12T16:00:00+00:00,1000,35,104
2026-08-12T17:00:00+00:00,993,35,104
2026-08-12T18:00:00+00:00,985,33,104
2026-08-12T19:00:00+00:00,965,32,104
2026-08-12T20:00:00+00:00,947,29,104
2026-08-12T21:00:00+00:00,939,27,104
2026-08-12T22:00:00+00:00,944,29,104
2026-08-12T23:00:00+00:00,973,29,104
2026-08-13T00:00:00+00:00,993,29,104
2026-08-13T01:00:00+00:00,968,28,104
2026-08-13T02:00:00+00:00,951,28,104
2026-08-13T03:00:00+00:00,955,29,104
2026-08-13T04:00:00+00:00,984,29,104
2026-08-13T05:00:00+00:00,986,28,104
2026-08-13T06:00:00+00:00,992,28,104
2026-08-13T07:00:00+00:00,991,29,104
2026-08-13T08:00:00+00:00,976,29,104
2026-08-13T09:00:00+00:00,988,29,104
2026-08-13T10:00:00+00:00,997,29,104
2026-08-13T11:00:00+00:00,999,28,104
2026-08-13T12:00:00+00:00,1000,29,104
2026-08-13T13:00:00+00:00,1000,30,104
2026-08-13T14:00:00+00:00,1000,30,104
2026-08-13T15:00:00+00:00,1000,30,104
2026-08-13T16:00:00+00:00,997,28,104
2026-08-13T17:00:00+00:00,991,28,104
2026-08-13T18:00:00+00:00,972,28,104
2026-08-13T19:00:00+00:00,968,30,104
2026-08-13T20:00:00+00:00,993,29,104
2026-08-13T21:00:00+00:00,996,30,104
2026-08-13T22:00:00+00:00,995,31,104
2026-08-13T23:00:00+00:00,998,31,104
2026-08-14T00:00:00+00:00,986,31,104
2026-08-14T01:00:00+00:00,991,32,104
2026-08-14T02:00:00+00:00,988,31,104
2026-08-14T03:00:00+00:00,991,30,104
2026-08-14T04:00:00+00:00,996,30,104
2026-08-14T05:00:00+00:00,999,29,104
2026-08-14T06:00:00+00:00,992,31,104
2026-08-14T07:00:00+00:00,997,31,104
2026-08-14T08:00:00+00:00,999,31,104
2026-08-14T09:00:00+00:00,998,32,104
2026-08-14T10:00:00+00:00,996,30,104
2026-08-14T11:00:00+00:00,1000,29,104
2026-08-14T12:00:00+00:00,1000,29,104
2026-08-14T13:00:00+00:00,995,29,104
2026-08-14T14:00:00+00:00,981,31,104
2026-08-14T15:00:00+00:00,985,33,104
2026-08-14T16:00:00+00:00,980,31,104
2026-08-14T17:00:00+00:00,985,32,104
2026-08-14T18:00:00+00:00,984,33,104
2026-08-14T19:00:00+00:00,986,31,104
2026-08-14T20:00:00+00:00,978,31,104
2026-08-14T21:00:00+00:00,979,30,104
2026-08-14T22:00:00+00:00,985,31,104
2026-08-14T23:00:00+00:00,985,31,104
2026-08-15T00:00:00+00:00,999,32,104
2026-08-15T01:00:00+00:00,1000,32,104
2026-08-15T02:00:00+00:00,1000,34,104
2026-08-15T03:00:00+00:00,1000,32,104
2026-08-15T04:00:00+00:00,1000,32,104
2026-08-15T05:00:00+00:00,1000,33,104
2026-08-15T06:00:00+00:00,998,34,104
2026-08-15T07:00:00+00:00,998,34,104
2026-08-15T08:00:00+00:00,994,34,104
2026-08-15T09:00:00+00:00,976,35,104
2026-08-15T10:00:00+00:00,975,33,104
2026-08-15T11:00:00+00:00,974,32,104
2026-08-15T12:00:00+00:00,967,32,104
2026-08-15T13:00:00+00:00,980,33,104
2026-08-15T14:00:00+00:00,958,32,104
2026-08-15T15:00:00+00:00,977,32,104
2026-08-15T16:00:00+00:00,992,34,104
2026-08-15T17:00:00+00:00,984,34,104
2026-08-15T18:00:00+00:00,986,34,104
2026-08-15T19:00:00+00:00,982,35,104
2026-08-15T20:00:00+00:00,993,34,104
2026-08-15T21:00:00+00:00,976,33,104
2026-08-15T22:00:00+00:00,945,35,104
2026-08-15T23:00:00+00:00,982,35,104
2026-08-16T00:00:00+00:00,992,35,104
2026-08-16T01:00:00+00:00,991,34,104
2026-08-16T02:00:00+00:00,1000,35,104
2026-08-16T03:00:00+00:00,1000,36,104
2026-08-16T04:00:00+00:00,1000,35,104
2026-08-16T05:00:00+00:00,1000,35,104
2026-08-16T06:00:00+00:00,1000,35,104
2026-08-16T07:00:00+00:00,998,35,104
2026-08-16T08:00:00+00:00,998,35,104
2026-08-16T09:00:00+00:00,1000,36,104
2026-08-16T10:00:00+00:00,1000,35,104
2026-08-16T11:00:00+00:00,1000,35,104
2026-08-16T12:00:00+00:00,997,36,104
2026-08-16T13:00:00+00:00,969,37,104
2026-08-16T14:00:00+00:00,996,35,104
2026-08-16T15:00:00+00:00,983,36,104
2026-08-16T16:00:00+00:00,998,35,104
2026-08-16T17:00:00+00:00,999,35,104
2026-08-16T18:00:00+00:00,983,36,104
2026-08-16T19:00:00+00:00,975,35,104
2026-08-16T20:00:00+00:00,966,36,104
2026-08-16T21:00:00+00:00,964,36,104
2026-08-16T22:00:00+00:00,958,37,104
2026-08-16T23:00:00+00:00,989,38,104
2026-08-17T00:00:00+00:00,998,38,104
2026-08-17T01:00:00+00:00,1000,37,104
2026-08-17T02:00:00+00:00,1000,38,104
2026-08-17T03:00:00+00:00,1000,38,104
2026-08-17T04:00:00+00:00,1000,38,104
2026-08-17T05:00:00+00:00,1000,37,104
2026-08-17T06:00:00+00:00,1000,38,104
2026-08-17T07:00:00+00:00,1000,38,104
2026-08-17T08:00:00+00:00,1000,38,104
2026-08-17T09:00:00+00:00,1000,38,104
2026-08-17T10:00:00+00:00,1000,37,104
2026-08-17T11:00:00+00:00,1000,38,104
2026-08-17T12:00:00+00:00,1000,38,104
2026-08-17T13:00:00+00:00,1000,39,104
2026-08-17T14:00:00+00:00,1000,36,104
2026-08-17T15:00:00+00:00,1000,38,104
2026-08-17T15:41:47.352932+00:00,970,37,104
2026-08-17T15:41:47.979890+00:00,996,37,104
2026-08-17T15:41:52.331422+00:00,999,37,104
2026-08-17T15:41:55.838585+00:00,1000,37,104
2026-08-17T16:00:00+00:00,1000,37,104
2026-08-17T17:00:00+00:00,1000,37,104
2026-08-17T18:00:00+00:00,1000,37,104
2026-08-17T19:00:00+00:00,996,38,104
2026-08-17T20:00:00+00:00,995,37,104
2026-08-17T21:00:00+00:00,979,38,104
2026-08-17T22:00:00+00:00,987,36,104
2026-08-17T23:00:00+00:00,962,36,104
2026-08-18T00:00:00+00:00,947,36,104
2026-08-18T01:00:00+00:00,921,35,104
2026-08-18T01:45:33.562886+00:00,922,35,104
2026-08-18T01:45:34.193545+00:00,926,35,104
2026-08-18T01:45:45.256655+00:00,942,36,104
2026-08-18T01:45:45.880284+00:00,957,36,104
2026-08-18T01:45:52.611677+00:00,958,36,104
2026-08-18T01:46:03.886023+00:00,953,36,104
2026-08-18T01:46:04.518571+00:00,955,36,104
2026-08-18T01:46:05.136489+00:00,957,36,104
2026-08-18T02:00:00+00:00,950,35,104
2026-08-18T02:13:39.827160+00:00,936,34,104
2026-08-18T02:13:54.730829+00:00,938,34,104
2026-08-18T02:14:05.232587+00:00,946,34,104
2026-08-18T02:14:08.377588+00:00,950,34,104
2026-08-18T03:00:00+00:00,954,36,104
2026-08-18T04:00:00+00:00,954,34,104
2026-08-18T04:30:09.388964+00:00,955,35,104
2026-08-18T05:00:00+00:00,952,34,104
2026-08-18T05:30:33.479124+00:00,951,34,104
2026-08-18T05:30:35.946061+00:00,952,34,104
2026-08-18T06:00:00+00:00,980,36,104
2026-08-18T06:30:14.281027+00:00,936,35,104
2026-08-18T06:30:14.903506+00:00,937,35,104
2026-08-18T06:30:21.671495+00:00,950,35,104
2026-08-18T07:00:00+00:00,962,38,104
2026-08-18T07:30:07.382135+00:00,966,38,104
2026-08-18T07:30:12.986592+00:00,973,38,104
2026-08-18T07:30:19.255776+00:00,982,38,104
2026-08-18T07:30:30.564196+00:00,987,38,104
2026-08-18T08:00:00+00:00,992,36,104
2026-08-18T08:30:08.407574+00:00,996,36,104
2026-08-18T08:30:38.651420+00:00,994,36,104
2026-08-18T09:00:00+00:00,995,35,104
2026-08-18T10:00:00+00:00,993,34,104
2026-08-18T10:30:34.799339+00:00,998,34,104
2026-08-18T11:00:00+00:00,987,34,104
2026-08-18T11:30:19.058084+00:00,993,34,104
2026-08-18T12:00:00+00:00,994,36,104
2026-08-18T12:30:08.854439+00:00,996,36,104
2026-08-18T12:30:10.128813+00:00,997,36,104
2026-08-18T12:30:12.661268+00:00,995,36,104
2026-08-18T13:00:00+00:00,1000,35,104
2026-08-18T14:00:00+00:00,1000,33,104
2026-08-18T15:00:00+00:00,1000,34,104
2026-08-18T16:00:00+00:00,1000,34,104
2026-08-18T17:00:00+00:00,998,33,104
2026-08-18T17:30:18.762319+00:00,1000,33,104
2026-08-18T18:00:00+00:00,995,33,104
2026-08-18T18:30:15.584476+00:00,996,33,104
2026-08-18T18:30:17.550261+00:00,997,33,104
2026-08-18T18:30:33.900579+00:00,998,34,104
2026-08-18T19:00:00+00:00,992,36,104
2026-08-18T19:30:22.482205+00:00,999,36,104
2026-08-18T19:30:25.050733+00:00,1000,36,104
2026-08-18T20:00:00+00:00,997,35,104
2026-08-18T20:30:19.884553+00:00,998,35,104
2026-08-18T20:30:32.414816+00:00,1000,35,104
2026-08-18T21:00:00+00:00,999,35,104
2026-08-18T22:00:00+00:00,999,35,104
2026-08-18T22:30:38.347713+00:00,1000,35,104
2026-08-18T23:00:00+00:00,996,35,104
2026-08-18T23:30:08.361584+00:00,997,35,104
2026-08-19T00:00:00+00:00,970,35,104
2026-08-19T00:30:06.018665+00:00,971,35,104
2026-08-19T00:30:06.664011+00:00,972,35,104
2026-08-19T00:30:13.434341+00:00,975,35,104
2026-08-19T00:30:19.031441+00:00,976,35,104
2026-08-19T00:30:19.643093+00:00,986,35,104
2026-08-19T00:30:24.859566+00:00,987,35,104
2026-08-19T00:30:34.244670+00:00,988,35,104
2026-08-19T01:00:00+00:00,943,33,104
2026-08-19T02:00:00+00:00,942,33,104
2026-08-19T03:00:00+00:00,945,32,104
2026-08-19T04:00:00+00:00,947,30,104
2026-08-19T05:00:00+00:00,922,29,104
2026-08-19T06:00:00+00:00,955,29,104
2026-08-19T07:00:00+00:00,938,28,104
2026-08-19T08:00:00+00:00,907,26,104
2026-08-19T09:00:00+00:00,862,27,104
2026-08-19T10:00:00+00:00,825,27,104
2026-08-19T11:00:00+00:00,799,26,104
2026-08-19T12:00:00+00:00,792,25,104
2026-08-19T13:00:00+00:00,665,25,104
2026-08-19T14:00:00+00:00,543,23,104
2026-08-19T15:00:00+00:00,487,24,103
2026-08-19T16:00:00+00:00,481,22,103
2026-08-19T17:00:00+00:00,467,22,102
2026-08-19T18:00:00+00:00,462,22,101
2026-08-19T19:00:00+00:00,414,21,101
2026-08-19T20:00:00+00:00,345,22,101
2026-08-19T21:00:00+00:00,240,17,99
2026-08-19T22:00:00+00:00,261,18,100
2026-08-19T23:00:00+00:00,257,15,99
2026-08-20T00:00:00+00:00,257,14,99
2026-08-20T01:00:00+00:00,246,12,99
2026-08-20T04:00:00+00:00,245,13,99
2026-08-20T06:00:00+00:00,228,13,99
2026-08-20T08:00:00+00:00,220,12,99
2026-08-20T09:00:00+00:00,222,14,99
2026-08-20T10:00:00+00:00,216,13,99
2026-08-20T12:00:00+00:00,216,13,99
2026-08-20T13:00:00+00:00,214,12,99
2026-08-20T14:00:00+00:00,197,11,99
2026-08-20T15:00:00+00:00,194,10,97
2026-08-20T16:00:00+00:00,169,10,96
2026-08-20T17:00:00+00:00,184,11,98
2026-08-20T19:00:00+00:00,119,10,76
2026-08-20T20:00:00+00:00,63,9,45
2026-08-20T21:00:00+00:00,59,8,41
2026-08-20T22:00:00+00:00,54,7,39
2026-08-20T23:00:00+00:00,64,7,42
2026-08-21T01:00:00+00:00,68,9,42
2026-08-21T02:00:00+00:00,99,9,61
2026-08-21T05:00:00+00:00,119,10,62
2026-08-21T06:00:00+00:00,86,9,60
2026-08-21T07:00:00+00:00,81,8,59
2026-08-21T08:00:00+00:00,72,7,59
2026-08-21T09:00:00+00:00,87,11,60
2026-08-21T18:00:00+00:00,77,8,59
2026-08-21T19:00:00+00:00,59,7,45
2026-08-21T20:00:00+00:00,56,6,44
2026-08-21T21:00:00+00:00,30,6,23
2026-08-21T22:00:00+00:00,20,5,15
2026-08-21T23:00:00+00:00,11,4,9
2026-08-22T00:00:00+00:00,8,3,8
2026-08-22T01:00:00+00:00,0,0,0
