symbol,entry_time,exit_time,entry_price,exit_price,net_pnl,net_return_pct,exit_reason,holding_hours
ALLO/USDT,2026-07-18T13:00:00+00:00,2026-07-18T16:00:00+00:00,0.46466419999999997,0.44563155436799995,-4.291904000000005,-4.291904000000005,STOP,3.0
DEXE/USDT,2026-07-18T13:00:00+00:00,2026-07-18T17:00:00+00:00,36.555519,35.058204941759996,-4.2919040000000015,-4.2919040000000015,STOP,4.0
DEXE/USDT,2026-07-18T14:00:00+00:00,2026-07-18T17:00:00+00:00,36.378341999999996,34.88828511167999,-4.291904000000014,-4.291904000000014,STOP,3.0
ACE/USDT,2026-07-18T16:00:00+00:00,2026-07-18T19:00:00+00:00,0.07117109999999999,0.06825593174399999,-4.2919039999999935,-4.2919039999999935,STOP,3.0
ONG/USDT,2026-07-18T13:00:00+00:00,2026-07-19T00:00:00+00:00,0.047247199999999996,0.050975949024,7.684108000000015,7.684108000000016,TARGET,11.0
ONG/USDT,2026-07-18T14:00:00+00:00,2026-07-19T00:00:00+00:00,0.047026979999999996,0.050738349261599994,7.684107999999997,7.684107999999997,TARGET,10.0
ALLO/USDT,2026-07-18T14:00:00+00:00,2026-07-19T03:00:00+00:00,0.45965919999999993,0.44083155916799993,-4.291904000000001,-4.291904000000001,STOP,13.0
ONG/USDT,2026-07-19T00:00:00+00:00,2026-07-19T07:00:00+00:00,0.04875871,0.04676155323839999,-4.29190400000001,-4.29190400000001,STOP,7.0
CHIP/USDT,2026-07-18T13:00:00+00:00,2026-07-19T13:00:00+00:00,0.03162159,0.03045951,-3.871282563590254,-3.871282563590254,TIME,24.0
HEMI/USDT,2026-07-18T13:00:00+00:00,2026-07-19T13:00:00+00:00,0.00443443,0.0045654300000000005,2.7512022965747773,2.7512022965747773,TIME,24.0
CHIP/USDT,2026-07-18T14:00:00+00:00,2026-07-19T14:00:00+00:00,0.031481449999999994,0.03034962,-3.791633072809523,-3.791633072809523,TIME,24.0
ZEC/USDT,2026-07-18T14:00:00+00:00,2026-07-19T14:00:00+00:00,558.7181599999999,555.444,-0.7854267990859538,-0.7854267990859538,TIME,24.0
ZEC/USDT,2026-07-18T17:00:00+00:00,2026-07-19T17:00:00+00:00,560.0695099999999,550.86858,-1.8411764800408388,-1.841176480040839,TIME,24.0
TRX/USDT,2026-07-18T17:00:00+00:00,2026-07-19T17:00:00+00:00,0.32502469999999994,0.3265731,0.2759181686807375,0.2759181686807375,TIME,24.0
TAO/USDT,2026-07-18T19:00:00+00:00,2026-07-19T19:00:00+00:00,196.09589999999997,196.9029,0.21112180315856505,0.21112180315856505,TIME,24.0
HEMI/USDT,2026-07-19T17:00:00+00:00,2026-07-19T19:00:00+00:00,0.004624619999999999,0.004435195564799999,-4.291904000000015,-4.291904000000015,STOP,2.0
PUMP/USDT,2026-07-19T17:00:00+00:00,2026-07-19T20:00:00+00:00,0.0016956939999999998,0.0018295181704799997,7.684107999999999,7.684107999999999,TARGET,3.0
ACE/USDT,2026-07-19T20:00:00+00:00,2026-07-19T21:00:00+00:00,0.07127119999999999,0.076895923104,7.684108000000004,7.684108000000004,TARGET,1.0
OPN/USDT,2026-07-19T00:00:00+00:00,2026-07-20T00:00:00+00:00,0.0636636,0.06105593894399999,-4.291904000000011,-4.291904000000011,STOP,24.0
ONG/USDT,2026-07-19T03:00:00+00:00,2026-07-20T03:00:00+00:00,0.04776771999999999,0.04718277,-1.4233471683387733,-1.4233471683387733,TIME,24.0
PEPE/USDT,2026-07-19T07:00:00+00:00,2026-07-20T07:00:00+00:00,2.81281e-06,2.81718e-06,-0.04479470707227472,-0.04479470707227472,TIME,24.0
HEMI/USDT,2026-07-19T14:00:00+00:00,2026-07-20T07:00:00+00:00,0.00455455,0.0049139950860000005,7.68410800000001,7.68410800000001,TARGET,17.0
HEMI/USDT,2026-07-19T13:00:00+00:00,2026-07-20T08:00:00+00:00,0.00457457,0.0049355950644,7.684108000000004,7.684108000000004,TARGET,19.0
HEMI/USDT,2026-07-20T07:00:00+00:00,2026-07-20T09:00:00+00:00,0.004824819999999999,0.005205594794399999,7.684108000000006,7.684108000000006,TARGET,2.0
GPS/USDT,2026-07-19T14:00:00+00:00,2026-07-20T10:00:00+00:00,0.00908908,0.0087167912832,-4.291903999999997,-4.291903999999997,STOP,20.0
LTC/USDT,2026-07-19T13:00:00+00:00,2026-07-20T13:00:00+00:00,47.40736,46.64331,-1.8100579108391557,-1.810057910839156,TIME,24.0
HEMI/USDT,2026-07-20T09:00:00+00:00,2026-07-20T13:00:00+00:00,0.0049949899999999995,0.0053891946108,7.68410800000001,7.68410800000001,TARGET,4.0
EDEN/USDT,2026-07-19T19:00:00+00:00,2026-07-20T19:00:00+00:00,0.043593549999999995,0.04269726,-2.2539591522140183,-2.2539591522140183,TIME,24.0
LTC/USDT,2026-07-19T19:00:00+00:00,2026-07-20T19:00:00+00:00,47.72767999999999,47.03292,-1.6542195220886395,-1.6542195220886395,TIME,24.0
SOXLB/USDT,2026-07-20T13:00:00+00:00,2026-07-20T19:00:00+00:00,144.01387,138.1150618848,-4.291903999999988,-4.291903999999988,STOP,6.0
ACE/USDT,2026-07-20T19:00:00+00:00,2026-07-20T20:00:00+00:00,0.1303302,0.124991875008,-4.291904000000001,-4.291904000000001,STOP,1.0
EWYB/USDT,2026-07-19T22:00:00+00:00,2026-07-20T22:00:00+00:00,166.83666999999997,163.36647,-2.2779183617126724,-2.2779183617126724,TIME,24.0
LINK/USDT,2026-07-20T00:00:00+00:00,2026-07-21T00:00:00+00:00,8.41841,8.604387,2.006960970064411,2.006960970064411,TIME,24.0
HEMI/USDT,2026-07-20T22:00:00+00:00,2026-07-21T00:00:00+00:00,0.006866859999999999,0.007408792591199999,7.6841079999999975,7.6841079999999975,TARGET,2.0
DEXE/USDT,2026-07-21T00:00:00+00:00,2026-07-21T01:00:00+00:00,37.758720999999994,36.21212378783999,-4.291904000000005,-4.291904000000005,STOP,1.0
PEPE/USDT,2026-07-20T03:00:00+00:00,2026-07-21T03:00:00+00:00,2.88288e-06,2.93706e-06,1.6774912587412634,1.6774912587412636,TIME,24.0
SOXLB/USDT,2026-07-21T00:00:00+00:00,2026-07-21T06:00:00+00:00,139.19905999999997,150.18464981519998,7.684108000000003,7.684108000000004,TARGET,6.0
EUR/USDT,2026-07-20T07:00:00+00:00,2026-07-21T07:00:00+00:00,1.1464453,1.1419569,-0.5911143078522664,-0.5911143078522664,TIME,24.0
MUB/USDT,2026-07-20T08:00:00+00:00,2026-07-21T08:00:00+00:00,873.9230499999999,917.2418399999999,4.751862891132125,4.751862891132125,TIME,24.0
DEXE/USDT,2026-07-21T07:00:00+00:00,2026-07-21T08:00:00+00:00,41.080039,39.39740060256,-4.291904000000003,-4.291904000000003,STOP,1.0
SNDKB/USDT,2026-07-20T10:00:00+00:00,2026-07-21T10:00:00+00:00,1411.3599499999998,1497.8007,5.918517763664771,5.918517763664771,TIME,24.0
NEAR/USDT,2026-07-20T13:00:00+00:00,2026-07-21T13:00:00+00:00,1.9669649999999999,1.9860119999999999,0.7673762878343051,0.7673762878343051,TIME,24.0
ADA/USDT,2026-07-20T19:00:00+00:00,2026-07-21T19:00:00+00:00,0.16796779999999997,0.1736262,3.165372172523565,3.1653721725235644,TIME,24.0
XPL/USDT,2026-07-20T19:00:00+00:00,2026-07-21T19:00:00+00:00,0.085085,0.08417574,-1.2675803490626962,-1.2675803490626962,TIME,24.0
RARE/USDT,2026-07-20T20:00:00+00:00,2026-07-21T20:00:00+00:00,0.0128128,0.0126873,-1.1785097714785129,-1.1785097714785129,TIME,24.0
ALLO/USDT,2026-07-21T13:00:00+00:00,2026-07-21T20:00:00+00:00,0.4995990999999999,0.4791355208639999,-4.291904,-4.291904,STOP,7.0
RED/USDT,2026-07-21T01:00:00+00:00,2026-07-22T01:00:00+00:00,0.10330319999999998,0.10099889999999999,-2.428387600771318,-2.428387600771318,TIME,24.0
EWYB/USDT,2026-07-21T03:00:00+00:00,2026-07-22T03:00:00+00:00,169.60943999999998,173.65617,2.1835249205468905,2.1835249205468905,TIME,24.0
EWYB/USDT,2026-07-21T06:00:00+00:00,2026-07-22T06:00:00+00:00,169.14897999999997,169.13070000000002,-0.21079623418358628,-0.21079623418358626,TIME,24.0
PUMP/USDT,2026-07-22T01:00:00+00:00,2026-07-22T06:00:00+00:00,0.0020560539999999994,0.0019718380281599996,-4.291903999999994,-4.291903999999994,STOP,5.0
GIGGLE/USDT,2026-07-21T08:00:00+00:00,2026-07-22T08:00:00+00:00,27.00698,26.50347,-2.0625055078353767,-2.0625055078353767,TIME,24.0
KAITO/USDT,2026-07-21T08:00:00+00:00,2026-07-22T08:00:00+00:00,0.9895885999999999,0.9490550509439999,-4.291904000000004,-4.291904000000004,STOP,24.0
HEI/USDT,2026-07-21T21:00:00+00:00,2026-07-22T08:00:00+00:00,0.09829819999999999,0.09427190572799998,-4.291904000000006,-4.291904000000006,STOP,11.0
PORTAL/USDT,2026-07-21T22:00:00+00:00,2026-07-22T08:00:00+00:00,0.011071059999999999,0.010617589382399999,-4.291903999999999,-4.291903999999999,STOP,10.0
OPN/USDT,2026-07-22T06:00:00+00:00,2026-07-22T08:00:00+00:00,0.06956949999999999,0.06671993327999999,-4.291904000000003,-4.291904000000003,STOP,2.0
GIGGLE/USDT,2026-07-21T10:00:00+00:00,2026-07-22T10:00:00+00:00,26.876849999999997,26.31366,-2.2933510065353597,-2.2933510065353597,TIME,24.0
BMT/USDT,2026-07-21T19:00:00+00:00,2026-07-22T19:00:00+00:00,0.012042029999999999,0.01207791,0.09765845127442817,0.09765845127442817,TIME,24.0
MSTRB/USDT,2026-07-21T21:00:00+00:00,2026-07-22T21:00:00+00:00,101.97187,99.85005,-2.2787087458531454,-2.2787087458531454,TIME,24.0
BICO/USDT,2026-07-22T03:00:00+00:00,2026-07-23T03:00:00+00:00,0.013893879999999999,0.01375623,-1.1897332494594712,-1.1897332494594712,TIME,24.0
BEL/USDT,2026-07-22T06:00:00+00:00,2026-07-23T06:00:00+00:00,0.10430419999999999,0.1016982,-2.6959627704349236,-2.6959627704349236,TIME,24.0
ALLO/USDT,2026-07-22T08:00:00+00:00,2026-07-23T08:00:00+00:00,0.504504,0.5089904999999999,0.6883999928642686,0.6883999928642686,TIME,24.0
ENA/USDT,2026-07-22T08:00:00+00:00,2026-07-23T08:00:00+00:00,0.0882882,0.09180809999999999,3.7828426675365363,3.7828426675365368,TIME,24.0
CHIP/USDT,2026-07-22T08:00:00+00:00,2026-07-23T08:00:00+00:00,0.030450419999999995,0.03032964,-0.5962481305676374,-0.5962481305676374,TIME,24.0
XUSD/USDT,2026-07-22T08:00:00+00:00,2026-07-23T08:00:00+00:00,1.0020009999999997,0.9996993,-0.42948063924085317,-0.42948063924085317,TIME,24.0
TREE/USDT,2026-07-22T08:00:00+00:00,2026-07-23T08:00:00+00:00,0.038037999999999995,0.037961999999999996,-0.39960039960039884,-0.39960039960039884,TIME,24.0
OPN/USDT,2026-07-22T19:00:00+00:00,2026-07-23T08:00:00+00:00,0.06926919999999999,0.07473592526399998,7.684107999999993,7.684107999999994,TARGET,13.0
ONDO/USDT,2026-07-22T10:00:00+00:00,2026-07-23T10:00:00+00:00,0.4113108999999999,0.4030965,-2.1951296209266276,-2.1951296209266276,TIME,24.0
OPN/USDT,2026-07-23T06:00:00+00:00,2026-07-23T10:00:00+00:00,0.0718718,0.068927931072,-4.291903999999998,-4.291903999999998,STOP,4.0
OPN/USDT,2026-07-23T08:00:00+00:00,2026-07-23T10:00:00+00:00,0.07207199999999998,0.06911993087999999,-4.291903999999997,-4.291903999999997,STOP,2.0
ALLO/USDT,2026-07-23T08:00:00+00:00,2026-07-23T11:00:00+00:00,0.5100094999999999,0.4891195108799999,-4.291904000000002,-4.291904000000002,STOP,3.0
WLFI/USDT,2026-07-23T08:00:00+00:00,2026-07-23T12:00:00+00:00,0.06286279999999998,0.06028793971199998,-4.291904000000008,-4.291904000000008,STOP,4.0
KAITO/USDT,2026-07-23T08:00:00+00:00,2026-07-23T12:00:00+00:00,1.0034024,1.082590917408,7.6841080000000055,7.684108000000006,TARGET,4.0
KAITO/USDT,2026-07-23T11:00:00+00:00,2026-07-23T13:00:00+00:00,1.0261250999999998,1.1071068928919998,7.684108000000005,7.684108000000005,TARGET,2.0
KAITO/USDT,2026-07-23T12:00:00+00:00,2026-07-23T15:00:00+00:00,1.0704693999999997,1.0266229733759997,-4.291903999999997,-4.291903999999997,STOP,3.0
BMT/USDT,2026-07-23T13:00:00+00:00,2026-07-23T15:00:00+00:00,0.012702689999999999,0.0137051862948,7.684108000000006,7.684108000000006,TARGET,2.0
GRAM/USDT,2026-07-23T03:00:00+00:00,2026-07-23T19:00:00+00:00,1.5175159999999999,1.4553585446399997,-4.291904000000011,-4.291904000000011,STOP,16.0
SKHYB/USDT,2026-07-22T21:00:00+00:00,2026-07-23T21:00:00+00:00,170.23005999999998,170.2296,-0.20026995232215478,-0.20026995232215478,TIME,24.0
SOXLB/USDT,2026-07-23T20:00:00+00:00,2026-07-24T00:00:00+00:00,163.11294999999998,156.43184356799998,-4.291904000000004,-4.291904000000004,STOP,4.0
ALLO/USDT,2026-07-23T15:00:00+00:00,2026-07-24T03:00:00+00:00,0.5102097,0.550475449524,7.684107999999995,7.684107999999995,TARGET,12.0
KAITO/USDT,2026-07-23T10:00:00+00:00,2026-07-24T05:00:00+00:00,1.033032,0.9907190092799999,-4.291904000000005,-4.291904000000005,STOP,19.0
OPN/USDT,2026-07-24T05:00:00+00:00,2026-07-24T07:00:00+00:00,0.0694694,0.066623933376,-4.291903999999993,-4.291903999999993,STOP,2.0
TRUMP/USDT,2026-07-23T08:00:00+00:00,2026-07-24T08:00:00+00:00,1.6406389999999997,1.596402,-2.893631140061869,-2.893631140061869,TIME,24.0
MUB/USDT,2026-07-23T08:00:00+00:00,2026-07-24T08:00:00+00:00,990.3994099999999,968.6104200000001,-2.3978204742670224,-2.3978204742670224,TIME,24.0
MUB/USDT,2026-07-23T10:00:00+00:00,2026-07-24T10:00:00+00:00,990.4894999999999,969.68934,-2.2978879473230047,-2.2978879473230047,TIME,24.0
TRUMP/USDT,2026-07-23T10:00:00+00:00,2026-07-24T10:00:00+00:00,1.6486469999999998,1.5944040000000002,-3.4868623180098353,-3.4868623180098353,TIME,24.0
KAITO/USDT,2026-07-24T10:00:00+00:00,2026-07-24T11:00:00+00:00,1.0406396,0.998015001984,-4.291904000000004,-4.291904000000004,STOP,1.0
PLUME/USDT,2026-07-23T12:00:00+00:00,2026-07-24T12:00:00+00:00,0.011551539999999999,0.01119879,-3.250651688000032,-3.250651688000032,TIME,24.0
ALLO/USDT,2026-07-24T11:00:00+00:00,2026-07-24T12:00:00+00:00,0.5101096,0.48921551078400005,-4.291904,-4.291904,STOP,1.0
BMT/USDT,2026-07-23T15:00:00+00:00,2026-07-24T13:00:00+00:00,0.012612599999999998,0.012095987903999997,-4.291904000000008,-4.291904000000008,STOP,22.0
ENA/USDT,2026-07-24T03:00:00+00:00,2026-07-24T13:00:00+00:00,0.09049039999999998,0.08678391321599997,-4.291904000000014,-4.291904000000014,STOP,10.0
HEI/USDT,2026-07-23T21:00:00+00:00,2026-07-24T16:00:00+00:00,0.10310299999999999,0.09887990111999997,-4.291904000000012,-4.291904000000012,STOP,19.0
HOME/USDT,2026-07-24T12:00:00+00:00,2026-07-24T16:00:00+00:00,0.00679679,0.006518393481599999,-4.291904000000003,-4.291904000000003,STOP,4.0
HEI/USDT,2026-07-24T00:00:00+00:00,2026-07-24T22:00:00+00:00,0.10230219999999998,0.09811190188799998,-4.291904000000002,-4.291904000000002,STOP,22.0
UNI/USDT,2026-07-24T07:00:00+00:00,2026-07-25T05:00:00+00:00,3.8538499999999996,3.6959963039999995,-4.291904000000002,-4.291904000000002,STOP,22.0
XUSD/USDT,2026-07-24T08:00:00+00:00,2026-07-25T08:00:00+00:00,1.0020009999999997,0.9999989999999999,-0.39960039960038346,-0.39960039960038346,TIME,24.0
HOME/USDT,2026-07-24T08:00:00+00:00,2026-07-25T08:00:00+00:00,0.006566559999999999,0.006297593702399999,-4.291904000000001,-4.291904000000001,STOP,24.0
RE/USDT,2026-07-25T07:00:00+00:00,2026-07-25T09:00:00+00:00,0.6084077999999999,0.583487416512,-4.291903999999994,-4.291903999999994,STOP,2.0
RE/USDT,2026-07-25T08:00:00+00:00,2026-07-25T09:00:00+00:00,0.5957951999999999,0.5713914286079997,-4.29190400000002,-4.29190400000002,STOP,1.0
GPS/USDT,2026-07-24T10:00:00+00:00,2026-07-25T10:00:00+00:00,0.00923923,0.00957042,3.3810214704039225,3.381021470403923,TIME,24.0
RLUSD/USDT,2026-07-24T12:00:00+00:00,2026-07-25T12:00:00+00:00,1.0021011,1.0000989,-0.39960039960039506,-0.39960039960039506,TIME,24.0
GPS/USDT,2026-07-24T13:00:00+00:00,2026-07-25T13:00:00+00:00,0.009209199999999999,0.00927072,0.4673595969248217,0.4673595969248217,TIME,24.0
USDC/USDT,2026-07-24T13:00:00+00:00,2026-07-25T13:00:00+00:00,1.0018108099999998,0.9999190800000001,-0.38864223176028206,-0.38864223176028206,TIME,24.0
GPS/USDT,2026-07-25T09:00:00+00:00,2026-07-25T13:00:00+00:00,0.009779769999999998,0.009379190620799999,-4.291903999999994,-4.291903999999994,STOP,4.0
PLUME/USDT,2026-07-24T16:00:00+00:00,2026-07-25T16:00:00+00:00,0.011591579999999999,0.01173825,1.0640496808890723,1.0640496808890723,TIME,24.0
GPS/USDT,2026-07-24T16:00:00+00:00,2026-07-25T16:00:00+00:00,0.009249239999999999,0.00934065,0.7873091194519966,0.7873091194519964,TIME,24.0
TUT/USDT,2026-07-24T22:00:00+00:00,2026-07-25T22:00:00+00:00,0.01455454,0.01534464,5.223118147327227,5.223118147327227,TIME,24.0
GPS/USDT,2026-07-25T08:00:00+00:00,2026-07-25T23:00:00+00:00,0.009629619999999998,0.009235190764799998,-4.2919040000000015,-4.2919040000000015,STOP,15.0
PEPE/USDT,2026-07-25T16:00:00+00:00,2026-07-26T06:00:00+00:00,2.77277e-06,2.9915970084000003e-06,7.684108000000014,7.684108000000014,TARGET,14.0
TUT/USDT,2026-07-25T09:00:00+00:00,2026-07-26T09:00:00+00:00,0.015145129999999998,0.01569429,3.422358078141302,3.4223580781413023,TIME,24.0
TUT/USDT,2026-07-25T10:00:00+00:00,2026-07-26T10:00:00+00:00,0.015295279999999998,0.01589409,3.7110836153375537,3.7110836153375537,TIME,24.0
KAITO/USDT,2026-07-26T10:00:00+00:00,2026-07-26T11:00:00+00:00,1.0907896999999998,1.1768748231239998,7.684108000000009,7.684108000000009,TARGET,1.0
PLUME/USDT,2026-07-25T12:00:00+00:00,2026-07-26T12:00:00+00:00,0.011681669999999998,0.01209789,3.35945494094596,3.3594549409459598,TIME,24.0
ALPINE/USDT,2026-07-25T13:00:00+00:00,2026-07-26T13:00:00+00:00,0.314314,0.314685,-0.08208320342077981,-0.08208320342077981,TIME,24.0
PLUME/USDT,2026-07-25T13:00:00+00:00,2026-07-26T13:00:00+00:00,0.011781769999999999,0.012107880000000001,2.5651523497742934,2.5651523497742934,TIME,24.0
TUT/USDT,2026-07-25T13:00:00+00:00,2026-07-26T13:00:00+00:00,0.015545529999999998,0.01586412,1.8473500099385518,1.8473500099385518,TIME,24.0
TRX/USDT,2026-07-25T16:00:00+00:00,2026-07-26T16:00:00+00:00,0.33243209999999995,0.332667,-0.12940961477545704,-0.12940961477545704,TIME,24.0
RLUSD/USDT,2026-07-25T23:00:00+00:00,2026-07-26T23:00:00+00:00,1.0022012,1.0000989,-0.4095584898521376,-0.40955848985213766,TIME,24.0
FET/USDT,2026-07-25T23:00:00+00:00,2026-07-26T23:00:00+00:00,0.15845829999999997,0.1585413,-0.14767266845597393,-0.14767266845597393,TIME,24.0
MUBARAK/USDT,2026-07-26T06:00:00+00:00,2026-07-27T06:00:00+00:00,0.01099098,0.01089909,-1.0352131475082202,-1.0352131475082202,TIME,24.0
RARE/USDT,2026-07-26T09:00:00+00:00,2026-07-27T09:00:00+00:00,0.012802789999999998,0.01257741,-1.9586371408106928,-1.9586371408106928,TIME,24.0
TUT/USDT,2026-07-26T11:00:00+00:00,2026-07-27T11:00:00+00:00,0.01587586,0.01597401,0.417615990566821,0.417615990566821,TIME,24.0
PLUME/USDT,2026-07-26T12:00:00+00:00,2026-07-27T12:00:00+00:00,0.012122109999999998,0.01219779,0.42368944020473004,0.42368944020473004,TIME,24.0
UNI/USDT,2026-07-26T13:00:00+00:00,2026-07-27T13:00:00+00:00,3.8478439999999994,3.902094,1.2084705616963831,1.2084705616963831,TIME,24.0
LINK/USDT,2026-07-26T13:00:00+00:00,2026-07-27T13:00:00+00:00,8.466458,8.763228,3.3017386255267605,3.30173862552676,TIME,24.0
TUT/USDT,2026-07-26T13:00:00+00:00,2026-07-27T13:00:00+00:00,0.015895879999999998,0.01582416,-0.6507349074099538,-0.6507349074099538,TIME,24.0
GIGGLE/USDT,2026-07-26T23:00:00+00:00,2026-07-27T14:00:00+00:00,27.317289999999996,26.198373801599995,-4.291904000000003,-4.291904000000003,STOP,15.0
EDEN/USDT,2026-07-27T09:00:00+00:00,2026-07-27T14:00:00+00:00,0.044754709999999996,0.042921557078399994,-4.291904000000005,-4.291904000000005,STOP,5.0
ENA/USDT,2026-07-27T13:00:00+00:00,2026-07-27T15:00:00+00:00,0.09239229999999998,0.08860791139199999,-4.291903999999998,-4.291903999999998,STOP,2.0
ONDO/USDT,2026-07-26T16:00:00+00:00,2026-07-27T16:00:00+00:00,0.4066062,0.4089906,0.385828646980791,0.385828646980791,TIME,24.0
KAITO/USDT,2026-07-27T15:00:00+00:00,2026-07-27T21:00:00+00:00,1.21121,1.3067986932,7.684108000000008,7.684108000000007,TARGET,6.0
PEPE/USDT,2026-07-27T13:00:00+00:00,2026-07-27T22:00:00+00:00,2.9929899999999997e-06,2.8703971295999993e-06,-4.291904000000012,-4.291904000000012,STOP,9.0
FDUSD/USDT,2026-07-26T23:00:00+00:00,2026-07-27T23:00:00+00:00,1.0000991,0.9972018,-0.48941158931148737,-0.48941158931148737,TIME,24.0
KAITO/USDT,2026-07-27T23:00:00+00:00,2026-07-28T05:00:00+00:00,1.2900887999999997,1.2372467627519996,-4.291904000000006,-4.291904000000006,STOP,6.0
CRCLB/USDT,2026-07-27T06:00:00+00:00,2026-07-28T06:00:00+00:00,64.55448999999999,63.40653,-1.976502362577709,-1.976502362577709,TIME,24.0
BCH/USDT,2026-07-27T11:00:00+00:00,2026-07-28T11:00:00+00:00,219.41919999999996,212.48729999999998,-3.3560447308166226,-3.356044730816623,TIME,24.0
XUSD/USDT,2026-07-27T12:00:00+00:00,2026-07-28T12:00:00+00:00,1.0022012,1.0004985,-0.3697261288451916,-0.3697261288451916,TIME,24.0
MSTRB/USDT,2026-07-27T13:00:00+00:00,2026-07-28T13:00:00+00:00,97.11701999999998,93.13910686079998,-4.291903999999999,-4.291903999999999,STOP,24.0
U/USDT,2026-07-27T14:00:00+00:00,2026-07-28T14:00:00+00:00,1.0019008999999999,0.9997991999999999,-0.40956147459294473,-0.4095614745929448,TIME,24.0
USD1/USDT,2026-07-27T14:00:00+00:00,2026-07-28T14:00:00+00:00,1.0008998999999998,0.99885015,-0.40458591813225786,-0.4045859181322578,TIME,24.0
RLUSD/USDT,2026-07-27T16:00:00+00:00,2026-07-28T16:00:00+00:00,1.0023013,1.0000989,-0.4195145910715718,-0.4195145910715718,TIME,24.0
RLUSD/USDT,2026-07-27T21:00:00+00:00,2026-07-28T21:00:00+00:00,1.0022012,1.0001988000000002,-0.3996003996003845,-0.3996003996003845,TIME,24.0
USD1/USDT,2026-07-27T22:00:00+00:00,2026-07-28T22:00:00+00:00,1.0008498499999998,0.9986803200000001,-0.416552010274044,-0.416552010274044,TIME,24.0
ONDO/USDT,2026-07-28T21:00:00+00:00,2026-07-29T04:00:00+00:00,0.4086082,0.391871608128,-4.291903999999999,-4.291903999999999,STOP,7.0
FDUSD/USDT,2026-07-28T05:00:00+00:00,2026-07-29T05:00:00+00:00,0.9995985999999999,0.9972018,-0.4395364699390202,-0.4395364699390202,TIME,24.0
USDE/USDT,2026-07-28T06:00:00+00:00,2026-07-29T06:00:00+00:00,1.0019008999999999,0.9996993,-0.41952254958548446,-0.41952254958548446,TIME,24.0
AAVE/USDT,2026-07-28T16:00:00+00:00,2026-07-29T10:00:00+00:00,101.36125999999999,97.20950279039998,-4.291904000000007,-4.291904000000007,STOP,18.0
GPS/USDT,2026-07-28T11:00:00+00:00,2026-07-29T11:00:00+00:00,0.0094094,0.009730260000000001,3.206584266797043,3.2065842667970434,TIME,24.0
GPS/USDT,2026-07-28T12:00:00+00:00,2026-07-29T12:00:00+00:00,0.00944944,0.00988011,4.353066954232202,4.353066954232202,TIME,24.0
U/USDT,2026-07-28T13:00:00+00:00,2026-07-29T13:00:00+00:00,1.0018007999999998,0.9997991999999999,-0.3996003996003934,-0.39960039960039334,TIME,24.0
AAVE/USDT,2026-07-28T14:00:00+00:00,2026-07-29T14:00:00+00:00,99.50940999999999,98.22167999999999,-1.4927845416830394,-1.4927845416830394,TIME,24.0
RLUSD/USDT,2026-07-28T14:00:00+00:00,2026-07-29T14:00:00+00:00,1.0024013999999999,1.0002987,-0.4095565010184335,-0.4095565010184335,TIME,24.0
GPS/USDT,2026-07-29T12:00:00+00:00,2026-07-29T18:00:00+00:00,0.009899889999999998,0.009494390505599998,-4.291904000000002,-4.291904000000002,STOP,6.0
UNI/USDT,2026-07-29T11:00:00+00:00,2026-07-29T20:00:00+00:00,4.053049,3.8870361129599993,-4.2919040000000095,-4.2919040000000095,STOP,9.0
PLUME/USDT,2026-07-29T05:00:00+00:00,2026-07-29T21:00:00+00:00,0.012252239999999998,0.011750388249599997,-4.2919040000000015,-4.2919040000000015,STOP,16.0
UNI/USDT,2026-07-29T10:00:00+00:00,2026-07-29T21:00:00+00:00,4.022017999999999,3.857276142719999,-4.291904000000003,-4.291904000000003,STOP,11.0
KAITO/USDT,2026-07-29T18:00:00+00:00,2026-07-29T21:00:00+00:00,1.3453439999999999,1.2902387097599999,-4.291904,-4.291904,STOP,3.0
USDC/USDT,2026-07-28T22:00:00+00:00,2026-07-29T22:00:00+00:00,1.00202102,0.9999890100000001,-0.4025883638648481,-0.40258836386484803,TIME,24.0
GPS/USDT,2026-07-29T04:00:00+00:00,2026-07-30T04:00:00+00:00,0.009729719999999999,0.00981018,0.626123876123886,0.626123876123886,TIME,24.0
XUSD/USDT,2026-07-29T06:00:00+00:00,2026-07-30T06:00:00+00:00,1.0023013,1.0001988000000002,-0.40955749533597297,-0.409557495335973,TIME,24.0
RE/USDT,2026-07-29T20:00:00+00:00,2026-07-30T08:00:00+00:00,0.5052047,0.4845115154879999,-4.291904000000006,-4.291904000000006,STOP,12.0
RE/USDT,2026-07-29T21:00:00+00:00,2026-07-30T08:00:00+00:00,0.4946941999999999,0.4744315255679999,-4.291904000000006,-4.291904000000006,STOP,11.0
GPS/USDT,2026-07-29T13:00:00+00:00,2026-07-30T13:00:00+00:00,0.00979979,0.00990009,0.8224678283922522,0.8224678283922522,TIME,24.0
GPS/USDT,2026-07-29T14:00:00+00:00,2026-07-30T14:00:00+00:00,0.00975975,0.00990009,1.2365087220471933,1.2365087220471933,TIME,24.0
RLUSD/USDT,2026-07-29T14:00:00+00:00,2026-07-30T14:00:00+00:00,1.0023013,1.0000989,-0.4195145910715718,-0.4195145910715718,TIME,24.0
GPS/USDT,2026-07-29T22:00:00+00:00,2026-07-30T16:00:00+00:00,0.009689679999999999,0.009292790707199999,-4.291904000000005,-4.291904000000005,STOP,18.0
ONDO/USDT,2026-07-29T21:00:00+00:00,2026-07-30T21:00:00+00:00,0.404404,0.4166829,2.833259092392765,2.833259092392765,TIME,24.0
EUR/USDT,2026-07-29T21:00:00+00:00,2026-07-30T21:00:00+00:00,1.1484473,1.1522466,0.13048975777992258,0.13048975777992258,TIME,24.0
USD1/USDT,2026-07-30T04:00:00+00:00,2026-07-31T04:00:00+00:00,1.00103003,0.9989700300000001,-0.405582244121072,-0.405582244121072,TIME,24.0
USD1/USDT,2026-07-30T06:00:00+00:00,2026-07-31T06:00:00+00:00,1.00103003,0.9989001,-0.41256106272855236,-0.4125610627285524,TIME,24.0
MUBARAK/USDT,2026-07-31T04:00:00+00:00,2026-07-31T07:00:00+00:00,0.012112099999999999,0.013067986932,7.68410800000001,7.68410800000001,TARGET,3.0
ONDO/USDT,2026-07-30T08:00:00+00:00,2026-07-31T08:00:00+00:00,0.41521479999999994,0.4051944,-2.610891808288127,-2.610891808288127,TIME,24.0
BNB/USDT,2026-07-30T08:00:00+00:00,2026-07-31T08:00:00+00:00,579.33876,592.14726,2.008671745008047,2.008671745008047,TIME,24.0
PAXG/USDT,2026-07-30T13:00:00+00:00,2026-07-31T13:00:00+00:00,4109.985879999999,4023.19278,-2.3096497514001055,-2.3096497514001055,TIME,24.0
SOXLB/USDT,2026-07-30T21:00:00+00:00,2026-07-31T13:00:00+00:00,120.78065999999998,130.31266968719999,7.684108000000004,7.684108000000004,TARGET,16.0
PAXG/USDT,2026-07-30T14:00:00+00:00,2026-07-31T14:00:00+00:00,4100.80671,4045.64031,-1.5439120031092521,-1.5439120031092521,TIME,24.0
TUT/USDT,2026-07-30T14:00:00+00:00,2026-07-31T14:00:00+00:00,0.014684669999999999,0.01516482,3.0664666621721985,3.0664666621721985,TIME,24.0
TUT/USDT,2026-07-31T07:00:00+00:00,2026-07-31T14:00:00+00:00,0.015385369999999999,0.014755185244799999,-4.291904000000002,-4.291904000000002,STOP,7.0
TUT/USDT,2026-07-31T08:00:00+00:00,2026-07-31T14:00:00+00:00,0.015315299999999997,0.014687985311999996,-4.291904000000008,-4.291904000000008,STOP,6.0
AAVE/USDT,2026-07-30T16:00:00+00:00,2026-07-31T15:00:00+00:00,100.33022999999999,96.22070377919998,-4.291904000000007,-4.291904000000007,STOP,23.0
TUT/USDT,2026-07-30T21:00:00+00:00,2026-07-31T18:00:00+00:00,0.015025009999999998,0.0162107837892,7.684108000000013,7.6841080000000135,TARGET,21.0
TUT/USDT,2026-07-31T14:00:00+00:00,2026-07-31T18:00:00+00:00,0.015195179999999999,0.016394383605600003,7.684108000000025,7.684108000000026,TARGET,4.0
PUMP/USDT,2026-07-31T14:00:00+00:00,2026-07-31T22:00:00+00:00,0.002111109,0.0020246379753599995,-4.291904000000019,-4.291904000000019,STOP,8.0
PUMP/USDT,2026-07-31T13:00:00+00:00,2026-08-01T03:00:00+00:00,0.0020180159999999996,0.00217727782272,7.68410800000001,7.68410800000001,TARGET,14.0
PUMP/USDT,2026-07-31T15:00:00+00:00,2026-08-01T04:00:00+00:00,0.0020730709999999997,0.00223667776332,7.684108000000014,7.684108000000014,TARGET,13.0
EUR/USDT,2026-07-31T06:00:00+00:00,2026-08-01T06:00:00+00:00,1.1536525,1.1525463,-0.2957908729014973,-0.2957908729014973,TIME,24.0
GIGGLE/USDT,2026-08-01T06:00:00+00:00,2026-08-01T07:00:00+00:00,51.08103,48.988751011199994,-4.291904000000008,-4.291904000000008,STOP,1.0
BMT/USDT,2026-07-31T08:00:00+00:00,2026-08-01T08:00:00+00:00,0.011461449999999998,0.01174824,2.2997117293187346,2.2997117293187346,TIME,24.0
GIGGLE/USDT,2026-08-01T07:00:00+00:00,2026-08-01T08:00:00+00:00,48.7487,46.751953248,-4.291904,-4.291904,STOP,1.0
TUT/USDT,2026-08-01T08:00:00+00:00,2026-08-01T12:00:00+00:00,0.0166166,0.017927982072,7.684107999999998,7.6841079999999975,TARGET,4.0
HOME/USDT,2026-08-01T08:00:00+00:00,2026-08-01T12:00:00+00:00,0.0059058999999999995,0.006371993628,7.684108000000015,7.684108000000016,TARGET,4.0
ALPINE/USDT,2026-07-31T13:00:00+00:00,2026-08-01T13:00:00+00:00,0.318318,0.322677,1.1680159463178335,1.1680159463178335,TIME,24.0
TUT/USDT,2026-08-01T12:00:00+00:00,2026-08-01T13:00:00+00:00,0.018168149999999997,0.017423982576,-4.2919039999999935,-4.2919039999999935,STOP,1.0
ALPINE/USDT,2026-07-31T14:00:00+00:00,2026-08-01T14:00:00+00:00,0.316316,0.321678,1.4934451624325147,1.4934451624325147,TIME,24.0
EURI/USDT,2026-07-31T14:00:00+00:00,2026-08-01T14:00:00+00:00,1.1523511999999998,1.1514474000000001,-0.2783525196137842,-0.2783525196137842,TIME,24.0
HOME/USDT,2026-08-01T13:00:00+00:00,2026-08-01T15:00:00+00:00,0.006126119999999999,0.005875194124799999,-4.2919040000000015,-4.2919040000000015,STOP,2.0
TUT/USDT,2026-08-01T14:00:00+00:00,2026-08-01T15:00:00+00:00,0.017537519999999997,0.016819183180799998,-4.291903999999997,-4.291903999999997,STOP,1.0
TAO/USDT,2026-08-01T04:00:00+00:00,2026-08-01T17:00:00+00:00,199.49929999999998,191.32780867199997,-4.291904000000001,-4.291904000000001,STOP,13.0
ADA/USDT,2026-07-31T18:00:00+00:00,2026-08-01T18:00:00+00:00,0.17237219999999998,0.1712286,-0.8627846021574053,-0.8627846021574053,TIME,24.0
ALPINE/USDT,2026-07-31T18:00:00+00:00,2026-08-01T18:00:00+00:00,0.32132099999999997,0.34667965332,7.684108000000012,7.684108000000012,TARGET,24.0
ALPINE/USDT,2026-07-31T22:00:00+00:00,2026-08-01T18:00:00+00:00,0.32132099999999997,0.34667965332,7.684108000000012,7.684108000000012,TARGET,20.0
TAO/USDT,2026-08-01T03:00:00+00:00,2026-08-01T18:00:00+00:00,197.89769999999996,189.79181020799996,-4.291904,-4.291904,STOP,15.0
HOME/USDT,2026-08-01T18:00:00+00:00,2026-08-02T00:00:00+00:00,0.00604604,0.006523193476800001,7.684108000000011,7.68410800000001,TARGET,6.0
TUT/USDT,2026-08-01T18:00:00+00:00,2026-08-02T02:00:00+00:00,0.017727709999999997,0.017001582998399996,-4.291904000000008,-4.291904000000008,STOP,8.0
KAITO/USDT,2026-08-01T18:00:00+00:00,2026-08-02T05:00:00+00:00,1.2096083999999998,1.1600628399359998,-4.2919040000000015,-4.2919040000000015,STOP,11.0
PUMP/USDT,2026-08-02T02:00:00+00:00,2026-08-02T07:00:00+00:00,0.002260258,0.0021676778323199996,-4.291904000000009,-4.291904000000009,STOP,5.0
ALPINE/USDT,2026-08-01T17:00:00+00:00,2026-08-02T08:00:00+00:00,0.32832799999999995,0.31487968512,-4.2919039999999935,-4.2919039999999935,STOP,15.0
ADA/USDT,2026-08-01T12:00:00+00:00,2026-08-02T09:00:00+00:00,0.17467449999999998,0.18845981154,7.684108000000007,7.684108000000007,TARGET,21.0
ADA/USDT,2026-08-01T13:00:00+00:00,2026-08-02T11:00:00+00:00,0.17507489999999998,0.188891811108,7.684108000000009,7.684108000000009,TARGET,22.0
USDE/USDT,2026-08-01T14:00:00+00:00,2026-08-02T14:00:00+00:00,1.0019008999999999,0.9995993999999999,-0.42948362457803535,-0.42948362457803535,TIME,24.0
HOME/USDT,2026-08-02T09:00:00+00:00,2026-08-02T14:00:00+00:00,0.0076576499999999985,0.008261991738,7.684108000000014,7.684108000000014,TARGET,5.0
DOT/USDT,2026-08-01T15:00:00+00:00,2026-08-02T15:00:00+00:00,0.7777769999999999,0.792207,1.6534322820037173,1.6534322820037175,TIME,24.0
PEPE/USDT,2026-08-01T15:00:00+00:00,2026-08-02T15:00:00+00:00,2.8027999999999997e-06,2.8971e-06,3.161128157556748,3.1611281575567483,TIME,24.0
GIGGLE/USDT,2026-08-02T14:00:00+00:00,2026-08-02T15:00:00+00:00,43.843799999999995,42.047957952,-4.2919039999999935,-4.2919039999999935,STOP,1.0
ALPINE/USDT,2026-08-01T18:00:00+00:00,2026-08-02T18:00:00+00:00,0.322322,0.31968,-1.0188575399755455,-1.0188575399755455,TIME,24.0
BICO/USDT,2026-08-02T14:00:00+00:00,2026-08-02T18:00:00+00:00,0.0122122,0.013175986824,7.684108000000013,7.6841080000000135,TARGET,4.0
BICO/USDT,2026-08-02T15:00:00+00:00,2026-08-02T18:00:00+00:00,0.01214213,0.0131003868996,7.6841080000000135,7.6841080000000135,TARGET,3.0
HOME/USDT,2026-08-02T15:00:00+00:00,2026-08-02T18:00:00+00:00,0.008428419999999999,0.008083191916799999,-4.291904000000002,-4.291904000000002,STOP,3.0
ARB/USDT,2026-08-02T00:00:00+00:00,2026-08-03T00:00:00+00:00,0.07937929999999999,0.08111879999999999,1.989185971657605,1.989185971657605,TIME,24.0
KORUB/USDT,2026-08-02T05:00:00+00:00,2026-08-03T05:00:00+00:00,16.036019999999997,16.02396,-0.2751304874900267,-0.2751304874900267,TIME,24.0
MUBARAK/USDT,2026-08-03T00:00:00+00:00,2026-08-03T05:00:00+00:00,0.013113099999999999,0.012575987423999999,-4.291904000000004,-4.291904000000004,STOP,5.0
PAXG/USDT,2026-08-02T07:00:00+00:00,2026-08-03T07:00:00+00:00,4063.759699999999,4054.7012400000003,-0.42268544914205514,-0.42268544914205514,TIME,24.0
MUB/USDT,2026-08-02T08:00:00+00:00,2026-08-03T08:00:00+00:00,849.3184699999999,814.5303854688,-4.291903999999995,-4.291903999999995,STOP,24.0
TUT/USDT,2026-08-03T05:00:00+00:00,2026-08-03T09:00:00+00:00,0.01855854,0.020023179976799997,7.684107999999995,7.684107999999995,TARGET,4.0
EUR/USDT,2026-08-02T11:00:00+00:00,2026-08-03T11:00:00+00:00,1.1552540999999998,1.1532456,-0.37368399731278673,-0.37368399731278673,TIME,24.0
ALLO/USDT,2026-08-03T11:00:00+00:00,2026-08-03T12:00:00+00:00,0.29229199999999994,0.28031971967999997,-4.291903999999991,-4.291903999999991,STOP,1.0
USD1/USDT,2026-08-02T15:00:00+00:00,2026-08-03T15:00:00+00:00,1.00105005,0.9991198799999998,-0.39262172056232997,-0.39262172056232997,TIME,24.0
NEAR/USDT,2026-08-02T18:00:00+00:00,2026-08-03T18:00:00+00:00,1.7117099999999998,1.7452530000000002,1.7576597087123593,1.7576597087123593,TIME,24.0
ZEC/USDT,2026-08-02T18:00:00+00:00,2026-08-03T18:00:00+00:00,475.32484999999997,487.19232,2.294210544641212,2.294210544641212,TIME,24.0
DOGE/USDT,2026-08-02T18:00:00+00:00,2026-08-03T18:00:00+00:00,0.07089081999999998,0.07036956,-0.9345644189190954,-0.9345644189190953,TIME,24.0
EUR/USDT,2026-08-02T18:00:00+00:00,2026-08-03T18:00:00+00:00,1.1550538999999997,1.1511477,-0.5378451689570192,-0.5378451689570192,TIME,24.0
HOME/USDT,2026-08-03T18:00:00+00:00,2026-08-03T20:00:00+00:00,0.008098089999999999,0.007766392233599998,-4.291904000000006,-4.291904000000006,STOP,2.0
PUMP/USDT,2026-08-03T18:00:00+00:00,2026-08-03T22:00:00+00:00,0.002218216,0.0021273578726399996,-4.29190400000001,-4.29190400000001,STOP,4.0
BMT/USDT,2026-08-03T05:00:00+00:00,2026-08-04T05:00:00+00:00,0.011971959999999999,0.01185813,-1.1498542427472094,-1.1498542427472094,TIME,24.0
HOME/USDT,2026-08-04T05:00:00+00:00,2026-08-04T06:00:00+00:00,0.008738729999999998,0.009428390571599998,7.684108000000001,7.684108,TARGET,1.0
BMT/USDT,2026-08-03T07:00:00+00:00,2026-08-04T07:00:00+00:00,0.0119119,0.01179819,-1.1536370352336696,-1.1536370352336696,TIME,24.0
ENA/USDT,2026-08-03T08:00:00+00:00,2026-08-04T08:00:00+00:00,0.08958949999999999,0.0910089,1.3827531128089956,1.3827531128089956,TIME,24.0
ENA/USDT,2026-08-03T09:00:00+00:00,2026-08-04T09:00:00+00:00,0.0901901,0.090909,0.5962970436888401,0.5962970436888401,TIME,24.0
ADA/USDT,2026-08-03T12:00:00+00:00,2026-08-04T12:00:00+00:00,0.18928909999999996,0.1947051,2.658370608767241,2.658370608767241,TIME,24.0
ADA/USDT,2026-08-03T15:00:00+00:00,2026-08-04T15:00:00+00:00,0.19629609999999997,0.1929069,-1.9248487361694817,-1.9248487361694817,TIME,24.0
SPCXB/USDT,2026-08-03T20:00:00+00:00,2026-08-04T17:00:00+00:00,114.62450999999999,123.67067632919999,7.684108000000007,7.684108000000007,TARGET,21.0
ADA/USDT,2026-08-03T18:00:00+00:00,2026-08-04T18:00:00+00:00,0.1943942,0.19120859999999998,-1.8370932877627064,-1.8370932877627064,TIME,24.0
BCH/USDT,2026-08-03T18:00:00+00:00,2026-08-04T18:00:00+00:00,213.5133,213.786,-0.07240733949594025,-0.07240733949594025,TIME,24.0
PUMP/USDT,2026-08-04T07:00:00+00:00,2026-08-04T20:00:00+00:00,0.002264262,0.0024429575570400004,7.684108000000022,7.684108000000023,TARGET,13.0
PUMP/USDT,2026-08-04T18:00:00+00:00,2026-08-04T20:00:00+00:00,0.002347345,0.0025325974674,7.684108000000006,7.684108000000006,TARGET,2.0
EWYB/USDT,2026-08-03T22:00:00+00:00,2026-08-04T22:00:00+00:00,162.73256999999998,169.75008,4.107983638432072,4.107983638432072,TIME,24.0
ACE/USDT,2026-08-04T20:00:00+00:00,2026-08-05T03:00:00+00:00,0.0718718,0.077543922456,7.6841080000000055,7.684108000000006,TARGET,7.0
EWYB/USDT,2026-08-04T06:00:00+00:00,2026-08-05T06:00:00+00:00,163.59342999999998,170.13969,3.797540573603731,3.7975405736037313,TIME,24.0
MUB/USDT,2026-08-04T08:00:00+00:00,2026-08-05T08:00:00+00:00,856.33548,877.13199,2.2261184985585336,2.2261184985585336,TIME,24.0
USDE/USDT,2026-08-04T09:00:00+00:00,2026-08-05T09:00:00+00:00,1.0018007999999998,0.9996993,-0.4095624699041834,-0.4095624699041834,TIME,24.0
BMT/USDT,2026-08-04T12:00:00+00:00,2026-08-05T12:00:00+00:00,0.012162149999999998,0.01244754,2.1441958041958182,2.1441958041958182,TIME,24.0
PORTAL/USDT,2026-08-04T15:00:00+00:00,2026-08-05T15:00:00+00:00,0.010750739999999998,0.01095903,1.7355105788066831,1.735510578806683,TIME,24.0
ADA/USDT,2026-08-05T09:00:00+00:00,2026-08-05T15:00:00+00:00,0.19709689999999996,0.18902381097599996,-4.2919040000000015,-4.2919040000000015,STOP,6.0
MUBARAK/USDT,2026-08-04T17:00:00+00:00,2026-08-05T17:00:00+00:00,0.013113099999999999,0.01334664,1.5791861573541028,1.5791861573541028,TIME,24.0
ZEC/USDT,2026-08-04T18:00:00+00:00,2026-08-05T18:00:00+00:00,506.36585999999994,519.84963,2.460188471237004,2.460188471237004,TIME,24.0
TUT/USDT,2026-08-05T15:00:00+00:00,2026-08-05T18:00:00+00:00,0.026456429999999996,0.028544371455599998,7.684108000000008,7.684108000000007,TARGET,3.0
GALA/USDT,2026-08-04T20:00:00+00:00,2026-08-05T20:00:00+00:00,0.0018158139999999998,0.001793205,-1.4438713987225469,-1.4438713987225469,TIME,24.0
MUBARAK/USDT,2026-08-04T22:00:00+00:00,2026-08-05T22:00:00+00:00,0.013443429999999998,0.013556430000000001,0.6397187324961244,0.6397187324961244,TIME,24.0
PORTAL/USDT,2026-08-05T03:00:00+00:00,2026-08-06T03:00:00+00:00,0.010960949999999999,0.011238749999999999,2.3319173976708214,2.3319173976708214,TIME,24.0
HEMI/USDT,2026-08-05T06:00:00+00:00,2026-08-06T06:00:00+00:00,0.00491491,0.00500499,1.6309576370676204,1.6309576370676204,TIME,24.0
HEMI/USDT,2026-08-05T08:00:00+00:00,2026-08-06T08:00:00+00:00,0.004834829999999999,0.00513486,5.999390050942861,5.999390050942861,TIME,24.0
EUR/USDT,2026-08-05T12:00:00+00:00,2026-08-06T12:00:00+00:00,1.1567555999999999,1.1537451,-0.45999351116171866,-0.4599935111617186,TIME,24.0
PLUME/USDT,2026-08-06T08:00:00+00:00,2026-08-06T14:00:00+00:00,0.011341329999999998,0.012236387763599999,7.684108000000005,7.684108000000005,TARGET,6.0
ENA/USDT,2026-08-05T15:00:00+00:00,2026-08-06T15:00:00+00:00,0.092092,0.09230759999999999,0.0338795986622034,0.0338795986622034,TIME,24.0
BEL/USDT,2026-08-05T17:00:00+00:00,2026-08-06T16:00:00+00:00,0.09849839999999999,0.106271893728,7.684108000000015,7.684108000000016,TARGET,23.0
HEMI/USDT,2026-08-05T20:00:00+00:00,2026-08-06T16:00:00+00:00,0.004974969999999999,0.0053675946323999985,7.684107999999999,7.684107999999999,TARGET,20.0
HEMI/USDT,2026-08-05T22:00:00+00:00,2026-08-06T16:00:00+00:00,0.004974969999999999,0.0053675946323999985,7.684107999999999,7.684107999999999,TARGET,18.0
EURI/USDT,2026-08-05T18:00:00+00:00,2026-08-06T18:00:00+00:00,1.1577566,1.1516472,-0.7271652608156095,-0.7271652608156095,TIME,24.0
ALPINE/USDT,2026-08-05T18:00:00+00:00,2026-08-06T18:00:00+00:00,0.31931899999999996,0.317682,-0.7121408372191897,-0.7121408372191897,TIME,24.0
HOME/USDT,2026-08-06T12:00:00+00:00,2026-08-06T18:00:00+00:00,0.009989979999999999,0.0095807904192,-4.291903999999992,-4.291903999999992,STOP,6.0
PORTAL/USDT,2026-08-06T18:00:00+00:00,2026-08-06T20:00:00+00:00,0.011851839999999999,0.011366388633599999,-4.291904000000002,-4.291904000000002,STOP,2.0
HEMI/USDT,2026-08-06T18:00:00+00:00,2026-08-06T22:00:00+00:00,0.005265259999999999,0.005049594950399999,-4.291903999999996,-4.291903999999996,STOP,4.0
BMT/USDT,2026-08-06T03:00:00+00:00,2026-08-07T03:00:00+00:00,0.01247246,0.01267731,1.4407761580313843,1.4407761580313843,TIME,24.0
ADA/USDT,2026-08-06T16:00:00+00:00,2026-08-07T04:00:00+00:00,0.2070068,0.198527801472,-4.291903999999996,-4.291903999999996,STOP,12.0
TUT/USDT,2026-08-07T04:00:00+00:00,2026-08-07T05:00:00+00:00,0.028558529999999995,0.027388772611199996,-4.291903999999999,-4.291903999999999,STOP,1.0
RED/USDT,2026-08-06T06:00:00+00:00,2026-08-07T06:00:00+00:00,0.08808799999999999,0.0891108,0.9599505040414339,0.959950504041434,TIME,24.0
TUT/USDT,2026-08-07T03:00:00+00:00,2026-08-07T06:00:00+00:00,0.027657629999999996,0.029840370159599998,7.68410800000001,7.68410800000001,TARGET,3.0
BEL/USDT,2026-08-06T16:00:00+00:00,2026-08-07T09:00:00+00:00,0.10360349999999999,0.09935990063999998,-4.291904000000002,-4.291904000000002,STOP,17.0
CRCLB/USDT,2026-08-06T14:00:00+00:00,2026-08-07T14:00:00+00:00,64.88481999999999,67.29264,3.5072032873020462,3.5072032873020467,TIME,24.0
ADA/USDT,2026-08-06T18:00:00+00:00,2026-08-07T14:00:00+00:00,0.20540519999999998,0.19699180300799998,-4.291904,-4.291904,STOP,20.0
CRCLB/USDT,2026-08-06T15:00:00+00:00,2026-08-07T15:00:00+00:00,65.47540999999998,66.71322,1.6886054932684267,1.6886054932684267,TIME,24.0
CRCLB/USDT,2026-08-06T16:00:00+00:00,2026-08-07T16:00:00+00:00,65.08501999999999,66.8331,2.4831549256649477,2.4831549256649477,TIME,24.0
MSTRB/USDT,2026-08-07T14:00:00+00:00,2026-08-07T17:00:00+00:00,101.55144999999999,97.39190260799998,-4.291904000000008,-4.291904000000008,STOP,3.0
CHIP/USDT,2026-08-06T20:00:00+00:00,2026-08-07T20:00:00+00:00,0.02538536,0.02499498,-1.736277681309224,-1.736277681309224,TIME,24.0
CHIP/USDT,2026-08-06T22:00:00+00:00,2026-08-07T22:00:00+00:00,0.025415389999999996,0.02499498,-1.852501063332084,-1.8525010633320838,TIME,24.0
ENA/USDT,2026-08-07T09:00:00+00:00,2026-08-07T22:00:00+00:00,0.09619609999999999,0.09225590774399998,-4.291904000000009,-4.291904000000009,STOP,13.0
GPS/USDT,2026-08-07T05:00:00+00:00,2026-08-08T05:00:00+00:00,0.00956956,0.00971028,1.2690255351343263,1.2690255351343263,TIME,24.0
RARE/USDT,2026-08-07T06:00:00+00:00,2026-08-08T06:00:00+00:00,0.012592579999999997,0.012367620000000001,-1.9846623964270733,-1.9846623964270733,TIME,24.0
PAXG/USDT,2026-08-07T06:00:00+00:00,2026-08-08T06:00:00+00:00,4295.791499999999,4333.65201,0.6804582226581629,0.6804582226581629,TIME,24.0
RE/USDT,2026-08-08T06:00:00+00:00,2026-08-08T11:00:00+00:00,0.42142099999999993,0.45467954531999993,7.684108000000002,7.684108000000002,TARGET,5.0
BEL/USDT,2026-08-07T14:00:00+00:00,2026-08-08T14:00:00+00:00,0.1016015,0.1050948,3.2347984035668813,3.2347984035668813,TIME,24.0
LTC/USDT,2026-08-07T15:00:00+00:00,2026-08-08T15:00:00+00:00,46.005959999999995,45.834120000000006,-0.5731433057803574,-0.5731433057803574,TIME,24.0
GPS/USDT,2026-08-07T16:00:00+00:00,2026-08-08T16:00:00+00:00,0.009879869999999999,0.00981018,-0.904668280048209,-0.9046682800482091,TIME,24.0
GPS/USDT,2026-08-07T17:00:00+00:00,2026-08-08T17:00:00+00:00,0.009949939999999997,0.00988011,-0.9011114639887092,-0.9011114639887092,TIME,24.0
ADA/USDT,2026-08-07T20:00:00+00:00,2026-08-08T20:00:00+00:00,0.2026024,0.20029950000000002,-1.335523123121922,-1.335523123121922,TIME,24.0
MUBARAK/USDT,2026-08-08T11:00:00+00:00,2026-08-08T21:00:00+00:00,0.014704689999999998,0.0158651841348,7.684108000000007,7.684108000000007,TARGET,10.0
MSTRB/USDT,2026-08-07T22:00:00+00:00,2026-08-08T22:00:00+00:00,100.13002999999999,101.70819,1.374534472824997,1.374534472824997,TIME,24.0
SOXLB/USDT,2026-08-07T22:00:00+00:00,2026-08-08T22:00:00+00:00,140.10996999999998,143.88597000000001,2.4923308883729254,2.4923308883729254,TIME,24.0
MUBARAK/USDT,2026-08-08T17:00:00+00:00,2026-08-09T03:00:00+00:00,0.015195179999999999,0.016394383605600003,7.684108000000025,7.684108000000026,TARGET,10.0
OPN/USDT,2026-08-08T05:00:00+00:00,2026-08-09T05:00:00+00:00,0.055355299999999996,0.0542457,-2.2025009348698235,-2.2025009348698235,TIME,24.0
TAO/USDT,2026-08-08T06:00:00+00:00,2026-08-09T06:00:00+00:00,197.5974,205.1946,3.6409426439821653,3.6409426439821653,TIME,24.0
EDEN/USDT,2026-08-08T14:00:00+00:00,2026-08-09T09:00:00+00:00,0.04347343,0.041692758307200005,-4.291903999999989,-4.291903999999989,STOP,19.0
EDEN/USDT,2026-08-08T15:00:00+00:00,2026-08-09T09:00:00+00:00,0.043433389999999995,0.041654358345599996,-4.291904,-4.291904,STOP,18.0
HOME/USDT,2026-08-09T05:00:00+00:00,2026-08-09T12:00:00+00:00,0.009619609999999999,0.009225590774399998,-4.291904000000012,-4.291904000000012,STOP,7.0
MUBARAK/USDT,2026-08-09T09:00:00+00:00,2026-08-09T12:00:00+00:00,0.018988969999999997,0.018211181788799997,-4.291904,-4.291904,STOP,3.0
BEL/USDT,2026-08-08T16:00:00+00:00,2026-08-09T16:00:00+00:00,0.1079078,0.11158829999999999,3.2073713855717463,3.2073713855717467,TIME,24.0
RARE/USDT,2026-08-08T22:00:00+00:00,2026-08-09T17:00:00+00:00,0.013103089999999998,0.0141371858628,7.684108000000018,7.684108000000017,TARGET,19.0
SPCXB/USDT,2026-08-08T20:00:00+00:00,2026-08-09T20:00:00+00:00,135.35521999999997,136.54332,0.6768866837939609,0.6768866837939609,TIME,24.0
PORTAL/USDT,2026-08-08T21:00:00+00:00,2026-08-09T21:00:00+00:00,0.011781769999999999,0.011468520000000001,-2.8561098205108197,-2.8561098205108197,TIME,24.0
PORTAL/USDT,2026-08-08T22:00:00+00:00,2026-08-09T22:00:00+00:00,0.011661649999999999,0.01141857,-2.2823547268182436,-2.2823547268182436,TIME,24.0
KORUB/USDT,2026-08-09T17:00:00+00:00,2026-08-10T01:00:00+00:00,17.597579999999997,16.8767831232,-4.291903999999988,-4.291903999999988,STOP,8.0
TREE/USDT,2026-08-09T03:00:00+00:00,2026-08-10T03:00:00+00:00,0.037537499999999994,0.037462499999999996,-0.39960039960039617,-0.3996003996003961,TIME,24.0
TREE/USDT,2026-08-09T06:00:00+00:00,2026-08-10T06:00:00+00:00,0.0379379,0.037462499999999996,-1.451847361082192,-1.451847361082192,TIME,24.0
BEL/USDT,2026-08-09T22:00:00+00:00,2026-08-10T06:00:00+00:00,0.11471459999999999,0.11001588998399998,-4.2919040000000015,-4.2919040000000015,STOP,8.0
HEMI/USDT,2026-08-09T21:00:00+00:00,2026-08-10T08:00:00+00:00,0.00562562,0.005395194604799999,-4.29190400000001,-4.29190400000001,STOP,11.0
ZEC/USDT,2026-08-09T09:00:00+00:00,2026-08-10T09:00:00+00:00,521.6311099999999,504.00549,-3.5755644635535475,-3.5755644635535475,TIME,24.0
SOXLB/USDT,2026-08-09T12:00:00+00:00,2026-08-10T12:00:00+00:00,142.60245999999998,139.90995,-2.0862349850065494,-2.0862349850065494,TIME,24.0
XAUT/USDT,2026-08-09T12:00:00+00:00,2026-08-10T12:00:00+00:00,4342.08775,4308.64704,-0.9693826383402744,-0.9693826383402745,TIME,24.0
OPN/USDT,2026-08-10T08:00:00+00:00,2026-08-10T12:00:00+00:00,0.054354299999999994,0.052127947871999994,-4.291904000000001,-4.291904000000001,STOP,4.0
HOME/USDT,2026-08-10T06:00:00+00:00,2026-08-10T15:00:00+00:00,0.009619609999999999,0.010378789621199999,7.684108,7.684108,TARGET,9.0
SPCXB/USDT,2026-08-10T09:00:00+00:00,2026-08-10T15:00:00+00:00,136.37624,130.7902692096,-4.291903999999987,-4.291903999999987,STOP,6.0
TRUMP/USDT,2026-08-09T16:00:00+00:00,2026-08-10T16:00:00+00:00,1.5225209999999998,1.484514,-2.6938239275517324,-2.6938239275517324,TIME,24.0
EDEN/USDT,2026-08-10T03:00:00+00:00,2026-08-10T16:00:00+00:00,0.04502497999999999,0.04318075681919999,-4.291903999999998,-4.291903999999998,STOP,13.0
EDEN/USDT,2026-08-10T12:00:00+00:00,2026-08-10T16:00:00+00:00,0.04551546999999999,0.043651156348799985,-4.291904000000008,-4.291904000000008,STOP,4.0
RE/USDT,2026-08-10T15:00:00+00:00,2026-08-10T17:00:00+00:00,0.4509505,0.43247956752,-4.291903999999995,-4.291903999999995,STOP,2.0
RE/USDT,2026-08-10T12:00:00+00:00,2026-08-10T18:00:00+00:00,0.4338334,0.41606358393599996,-4.291904000000004,-4.291904000000004,STOP,6.0
ALLO/USDT,2026-08-10T16:00:00+00:00,2026-08-10T19:00:00+00:00,0.32702669999999995,0.31363168636799993,-4.291904000000006,-4.291904000000006,STOP,3.0
EUR/USDT,2026-08-09T20:00:00+00:00,2026-08-10T20:00:00+00:00,1.1576564999999999,1.1541447,-0.503050879081994,-0.503050879081994,TIME,24.0
HOME/USDT,2026-08-10T18:00:00+00:00,2026-08-10T20:00:00+00:00,0.010180169999999999,0.009763190236799998,-4.29190400000001,-4.29190400000001,STOP,2.0
PLUME/USDT,2026-08-10T01:00:00+00:00,2026-08-11T01:00:00+00:00,0.012222209999999999,0.01223775,-0.07298156389064347,-0.07298156389064347,TIME,24.0
BCH/USDT,2026-08-10T06:00:00+00:00,2026-08-11T06:00:00+00:00,217.51729999999998,215.0847,-1.3172294801378923,-1.3172294801378923,TIME,24.0
RARE/USDT,2026-08-10T20:00:00+00:00,2026-08-11T09:00:00+00:00,0.013693679999999998,0.013132786867199998,-4.291904,-4.291904,STOP,13.0
PUMP/USDT,2026-08-11T06:00:00+00:00,2026-08-11T10:00:00+00:00,0.00288288,0.0027647972352,-4.2919040000000015,-4.2919040000000015,STOP,4.0
POL/USDT,2026-08-10T12:00:00+00:00,2026-08-11T12:00:00+00:00,0.07813806,0.07545447,-3.6309866536230873,-3.6309866536230877,TIME,24.0
PORTAL/USDT,2026-08-10T15:00:00+00:00,2026-08-11T14:00:00+00:00,0.011861849999999998,0.011375988623999998,-4.291904000000008,-4.291904000000008,STOP,23.0
PORTAL/USDT,2026-08-10T16:00:00+00:00,2026-08-11T14:00:00+00:00,0.011751739999999998,0.011270388729599998,-4.291904000000005,-4.291904000000005,STOP,22.0
PORTAL/USDT,2026-08-10T17:00:00+00:00,2026-08-11T14:00:00+00:00,0.011941929999999998,0.011452788547199997,-4.291904000000007,-4.291904000000007,STOP,21.0
PORTAL/USDT,2026-08-10T20:00:00+00:00,2026-08-11T14:00:00+00:00,0.011811799999999999,0.011327988672,-4.291903999999994,-4.291903999999994,STOP,18.0
EDEN/USDT,2026-08-11T10:00:00+00:00,2026-08-11T14:00:00+00:00,0.045044999999999995,0.043199956799999994,-4.291904000000001,-4.291904000000001,STOP,4.0
PAXG/USDT,2026-08-10T16:00:00+00:00,2026-08-11T16:00:00+00:00,4352.518169999999,4376.23938,0.3444546780605539,0.3444546780605539,TIME,24.0
SPCXB/USDT,2026-08-10T19:00:00+00:00,2026-08-11T16:00:00+00:00,138.80866999999998,133.12306687679998,-4.291903999999998,-4.291903999999998,STOP,21.0
GIGGLE/USDT,2026-08-11T12:00:00+00:00,2026-08-11T17:00:00+00:00,35.3353,38.123961875999996,7.684107999999998,7.6841079999999975,TARGET,5.0
KORUB/USDT,2026-08-11T14:00:00+00:00,2026-08-11T17:00:00+00:00,17.96795,17.231982767999998,-4.291904000000001,-4.291904000000001,STOP,3.0
LINK/USDT,2026-08-11T01:00:00+00:00,2026-08-12T01:00:00+00:00,8.436428,8.778213000000001,3.8472486104308783,3.8472486104308783,TIME,24.0
GIGGLE/USDT,2026-08-11T17:00:00+00:00,2026-08-12T01:00:00+00:00,37.837799999999994,36.28796371199999,-4.291904000000004,-4.291904000000004,STOP,8.0
SNXXB/USDT,2026-08-11T14:00:00+00:00,2026-08-12T03:00:00+00:00,9.859849999999998,10.637989361999999,7.684108000000012,7.684108000000012,TARGET,13.0
GIGGLE/USDT,2026-08-11T16:00:00+00:00,2026-08-12T03:00:00+00:00,37.46742999999999,35.93276406719999,-4.291904000000009,-4.291904000000009,STOP,11.0
RE/USDT,2026-08-12T03:00:00+00:00,2026-08-12T06:00:00+00:00,0.43543499999999996,0.41759958239999995,-4.291904000000003,-4.291904000000003,STOP,3.0
BNB/USDT,2026-08-11T09:00:00+00:00,2026-08-12T09:00:00+00:00,607.79719,613.0863,0.6693394732542366,0.6693394732542366,TIME,24.0
PLUME/USDT,2026-08-12T06:00:00+00:00,2026-08-12T12:00:00+00:00,0.012562549999999999,0.012047987952,-4.291903999999995,-4.291903999999995,STOP,6.0
SNDKB/USDT,2026-08-11T14:00:00+00:00,2026-08-12T13:00:00+00:00,1267.23597,1367.2462327524001,7.684108000000016,7.684108000000016,TARGET,23.0
KORUB/USDT,2026-08-12T01:00:00+00:00,2026-08-12T13:00:00+00:00,18.588569999999997,20.055579944399998,7.684108000000006,7.684108000000006,TARGET,12.0
EWYB/USDT,2026-08-11T14:00:00+00:00,2026-08-12T14:00:00+00:00,168.67850999999996,174.34548,3.1562681043364975,3.1562681043364975,TIME,24.0
TRX/USDT,2026-08-11T14:00:00+00:00,2026-08-12T14:00:00+00:00,0.3354351,0.33516450000000003,-0.2805906716381065,-0.2805906716381065,TIME,24.0
GPS/USDT,2026-08-12T09:00:00+00:00,2026-08-12T14:00:00+00:00,0.009819809999999998,0.009417590582399998,-4.291904000000003,-4.291904000000003,STOP,5.0
RARE/USDT,2026-08-12T13:00:00+00:00,2026-08-12T15:00:00+00:00,0.013783769999999997,0.013219186780799997,-4.291904000000005,-4.291904000000005,STOP,2.0
CRCLB/USDT,2026-08-11T16:00:00+00:00,2026-08-12T16:00:00+00:00,71.16109,69.95997,-1.886200815642373,-1.886200815642373,TIME,24.0
DOGE/USDT,2026-08-11T17:00:00+00:00,2026-08-12T17:00:00+00:00,0.07107099999999998,0.07073919,-0.6664042858549732,-0.6664042858549732,TIME,24.0
SPCXB/USDT,2026-08-12T14:00:00+00:00,2026-08-12T19:00:00+00:00,138.45832,149.38545061439999,7.684108000000001,7.684108,TARGET,5.0
WLD/USDT,2026-08-12T01:00:00+00:00,2026-08-12T21:00:00+00:00,0.3409406,0.326975673024,-4.291903999999998,-4.291903999999998,STOP,20.0
TAO/USDT,2026-08-12T03:00:00+00:00,2026-08-13T03:00:00+00:00,204.90469999999996,199.6002,-2.7861756709338357,-2.7861756709338357,TIME,24.0
HOME/USDT,2026-08-13T03:00:00+00:00,2026-08-13T06:00:00+00:00,0.00971971,0.0104867895132,7.684108000000004,7.684108000000004,TARGET,3.0
HOME/USDT,2026-08-13T06:00:00+00:00,2026-08-13T07:00:00+00:00,0.010370359999999999,0.009945590054399999,-4.291903999999996,-4.291903999999996,STOP,1.0
HOME/USDT,2026-08-13T07:00:00+00:00,2026-08-13T10:00:00+00:00,0.009939929999999998,0.010724389275599999,7.684108000000008,7.684108000000007,TARGET,3.0
EDEN/USDT,2026-08-12T15:00:00+00:00,2026-08-13T11:00:00+00:00,0.045165119999999996,0.0487295512704,7.684108000000004,7.684108000000004,TARGET,20.0
EDEN/USDT,2026-08-12T16:00:00+00:00,2026-08-13T11:00:00+00:00,0.045205159999999994,0.0487727512272,7.684108000000009,7.684108000000009,TARGET,19.0
EDEN/USDT,2026-08-12T17:00:00+00:00,2026-08-13T11:00:00+00:00,0.045075029999999995,0.048632351367599996,7.684108000000005,7.684108000000005,TARGET,18.0
EDEN/USDT,2026-08-12T21:00:00+00:00,2026-08-13T11:00:00+00:00,0.0453453,0.048923951076,7.684108000000002,7.684108000000002,TARGET,14.0
LINK/USDT,2026-08-12T12:00:00+00:00,2026-08-13T12:00:00+00:00,8.857849,8.773218,-1.1544796823698384,-1.1544796823698384,TIME,24.0
PAXG/USDT,2026-08-12T13:00:00+00:00,2026-08-13T13:00:00+00:00,4425.931509999999,4368.03759,-1.5067537522739374,-1.5067537522739374,TIME,24.0
HOME/USDT,2026-08-13T12:00:00+00:00,2026-08-13T13:00:00+00:00,0.011151139999999999,0.010694389305599999,-4.291903999999999,-4.291903999999999,STOP,1.0
USDC/USDT,2026-08-12T14:00:00+00:00,2026-08-13T14:00:00+00:00,1.0018808799999999,0.99990909,-0.3966120173887257,-0.3966120173887257,TIME,24.0
XAUT/USDT,2026-08-12T14:00:00+00:00,2026-08-13T14:00:00+00:00,4408.4039999999995,4362.55308,-1.2390397313857775,-1.2390397313857775,TIME,24.0
HOME/USDT,2026-08-13T10:00:00+00:00,2026-08-13T15:00:00+00:00,0.010770759999999999,0.0103295896704,-4.291903999999995,-4.291903999999995,STOP,5.0
HOME/USDT,2026-08-13T13:00:00+00:00,2026-08-13T15:00:00+00:00,0.010810799999999999,0.010367989631999999,-4.291904000000003,-4.291904000000003,STOP,2.0
EDEN/USDT,2026-08-13T11:00:00+00:00,2026-08-13T17:00:00+00:00,0.04839834999999999,0.05221794778199999,7.684108000000004,7.684108000000004,TARGET,6.0
EDEN/USDT,2026-08-13T15:00:00+00:00,2026-08-13T18:00:00+00:00,0.04978973999999999,0.0537191462808,7.684108000000012,7.684108000000012,TARGET,3.0
CRCLB/USDT,2026-08-12T19:00:00+00:00,2026-08-13T19:00:00+00:00,71.41134,75.40452,5.386209165099002,5.386209165099002,TIME,24.0
WLD/USDT,2026-08-13T14:00:00+00:00,2026-08-14T09:00:00+00:00,0.34874839999999996,0.334463665536,-4.291903999999992,-4.291903999999992,STOP,19.0
WLD/USDT,2026-08-13T11:00:00+00:00,2026-08-14T11:00:00+00:00,0.34124089999999996,0.33466500000000005,-2.125127996087196,-2.125127996087196,TIME,24.0
XUSD/USDT,2026-08-13T11:00:00+00:00,2026-08-14T11:00:00+00:00,1.0020009999999997,1.0002987,-0.3697201599598805,-0.3697201599598805,TIME,24.0
RE/USDT,2026-08-13T11:00:00+00:00,2026-08-14T11:00:00+00:00,0.4461456999999999,0.44285670000000005,-0.9364659123689584,-0.9364659123689584,TIME,24.0
PLUME/USDT,2026-08-13T17:00:00+00:00,2026-08-14T12:00:00+00:00,0.012522509999999999,0.0135107864892,7.6841080000000135,7.6841080000000135,TARGET,19.0
CRCLB/USDT,2026-08-13T13:00:00+00:00,2026-08-14T13:00:00+00:00,72.43235999999999,72.8271,0.34443243323842143,0.34443243323842143,TIME,24.0
SPCXB/USDT,2026-08-14T11:00:00+00:00,2026-08-14T13:00:00+00:00,143.95380999999998,138.05746194239998,-4.291903999999996,-4.291903999999996,STOP,2.0
CRCLB/USDT,2026-08-13T14:00:00+00:00,2026-08-14T14:00:00+00:00,72.01194,71.41851,-1.0232476031058153,-1.0232476031058153,TIME,24.0
CRCLB/USDT,2026-08-13T19:00:00+00:00,2026-08-14T14:00:00+00:00,75.55547999999999,72.46072753919998,-4.291904000000012,-4.291904000000012,STOP,19.0
PLUME/USDT,2026-08-14T12:00:00+00:00,2026-08-14T14:00:00+00:00,0.013203189999999998,0.012662387337599997,-4.291904000000009,-4.291904000000009,STOP,2.0
PUMP/USDT,2026-08-13T15:00:00+00:00,2026-08-14T15:00:00+00:00,0.0028848819999999996,0.0027667172332799996,-4.2919040000000015,-4.2919040000000015,STOP,24.0
KORUB/USDT,2026-08-14T09:00:00+00:00,2026-08-14T15:00:00+00:00,22.28226,21.3695786304,-4.291904000000005,-4.291904000000005,STOP,6.0
HEI/USDT,2026-08-14T14:00:00+00:00,2026-08-14T15:00:00+00:00,0.15315299999999998,0.14687985311999996,-4.291904000000017,-4.291904000000017,STOP,1.0
HEI/USDT,2026-08-14T15:00:00+00:00,2026-08-14T16:00:00+00:00,0.1447446,0.13881586118400002,-4.291903999999985,-4.291903999999985,STOP,1.0
CRCLB/USDT,2026-08-13T18:00:00+00:00,2026-08-14T18:00:00+00:00,73.64356999999998,71.56836,-3.0150927365416758,-3.0150927365416758,TIME,24.0
LINK/USDT,2026-08-14T11:00:00+00:00,2026-08-15T02:00:00+00:00,8.840831999999999,9.53855046144,7.684108000000013,7.6841080000000135,TARGET,15.0
LINK/USDT,2026-08-14T18:00:00+00:00,2026-08-15T02:00:00+00:00,8.954946,9.661670338319999,7.68410799999999,7.684107999999991,TARGET,8.0
PLUME/USDT,2026-08-15T02:00:00+00:00,2026-08-15T10:00:00+00:00,0.01306305,0.014093985906,7.684108000000008,7.684108000000007,TARGET,8.0
SKHYB/USDT,2026-08-14T11:00:00+00:00,2026-08-15T11:00:00+00:00,169.4693,166.50332999999998,-1.9484016456078044,-1.9484016456078044,TIME,24.0
WLD/USDT,2026-08-14T13:00:00+00:00,2026-08-15T13:00:00+00:00,0.3430427,0.34265700000000004,-0.3123225476011976,-0.3123225476011976,TIME,24.0
SKHYB/USDT,2026-08-14T13:00:00+00:00,2026-08-15T13:00:00+00:00,169.03886999999997,166.65318,-1.6099149562464439,-1.6099149562464439,TIME,24.0
WLD/USDT,2026-08-14T14:00:00+00:00,2026-08-15T14:00:00+00:00,0.3395392,0.34425540000000004,1.1876111506418285,1.1876111506418285,TIME,24.0
MUB/USDT,2026-08-14T14:00:00+00:00,2026-08-15T14:00:00+00:00,970.32936,975.1338900000001,0.29464910244497944,0.29464910244497944,TIME,24.0
HEMI/USDT,2026-08-15T13:00:00+00:00,2026-08-15T14:00:00+00:00,0.0056456399999999995,0.0060911939088,7.684108000000004,7.684108000000004,TARGET,1.0
WLD/USDT,2026-08-14T15:00:00+00:00,2026-08-15T15:00:00+00:00,0.34634599999999993,0.3454542,-0.45723068838674125,-0.45723068838674125,TIME,24.0
WLFI/USDT,2026-08-14T15:00:00+00:00,2026-08-15T15:00:00+00:00,0.055555499999999994,0.0561438,0.8578821178821304,0.8578821178821303,TIME,24.0
HEMI/USDT,2026-08-15T14:00:00+00:00,2026-08-15T15:00:00+00:00,0.006616609999999999,0.006345593654399999,-4.2919040000000095,-4.2919040000000095,STOP,1.0
WLD/USDT,2026-08-14T16:00:00+00:00,2026-08-15T16:00:00+00:00,0.3428425,0.3479517,1.2887567323187705,1.2887567323187705,TIME,24.0
HEMI/USDT,2026-08-15T15:00:00+00:00,2026-08-15T16:00:00+00:00,0.006546539999999999,0.006278393721599999,-4.291904000000008,-4.291904000000008,STOP,1.0
HEMI/USDT,2026-08-15T16:00:00+00:00,2026-08-15T17:00:00+00:00,0.0064264199999999995,0.0069335930664,7.684108000000011,7.68410800000001,TARGET,1.0
CHIP/USDT,2026-08-15T14:00:00+00:00,2026-08-15T20:00:00+00:00,0.025085059999999996,0.027064772935199998,7.684108000000012,7.684108000000012,TARGET,6.0
XPL/USDT,2026-08-15T02:00:00+00:00,2026-08-16T02:00:00+00:00,0.07742734999999999,0.07664328,-1.2116398533593076,-1.2116398533593076,TIME,24.0
OPN/USDT,2026-08-15T10:00:00+00:00,2026-08-16T10:00:00+00:00,0.04984979999999999,0.053146799999999994,6.407254191591545,6.407254191591545,TIME,24.0
BEL/USDT,2026-08-15T11:00:00+00:00,2026-08-16T11:00:00+00:00,0.10620609999999998,0.1069929,0.5400829142582376,0.5400829142582376,TIME,24.0
GPS/USDT,2026-08-16T10:00:00+00:00,2026-08-16T11:00:00+00:00,0.011181169999999999,0.010723189276799999,-4.291904000000001,-4.291904000000001,STOP,1.0
PORTAL/USDT,2026-08-16T11:00:00+00:00,2026-08-16T12:00:00+00:00,0.012272259999999998,0.013240786759199999,7.6841080000000055,7.684108000000006,TARGET,1.0
CHIP/USDT,2026-08-16T11:00:00+00:00,2026-08-16T12:00:00+00:00,0.029589559999999997,0.028377571622399997,-4.2919040000000015,-4.2919040000000015,STOP,1.0
OPN/USDT,2026-08-15T13:00:00+00:00,2026-08-16T13:00:00+00:00,0.04984979999999999,0.0527472,5.60644776909839,5.60644776909839,TIME,24.0
OPN/USDT,2026-08-15T14:00:00+00:00,2026-08-16T14:00:00+00:00,0.050850799999999995,0.0527472,3.525612183092511,3.5256121830925107,TIME,24.0
WLFI/USDT,2026-08-16T02:00:00+00:00,2026-08-16T14:00:00+00:00,0.058458399999999994,0.063071936928,7.6841080000000215,7.6841080000000215,TARGET,12.0
EWYB/USDT,2026-08-15T15:00:00+00:00,2026-08-16T15:00:00+00:00,180.21003,180.68913,0.0655906000348686,0.0655906000348686,TIME,24.0
USDC/USDT,2026-08-15T15:00:00+00:00,2026-08-16T15:00:00+00:00,1.00194094,0.9999790199999999,-0.395616128830902,-0.395616128830902,TIME,24.0
WLD/USDT,2026-08-15T16:00:00+00:00,2026-08-16T16:00:00+00:00,0.34864829999999997,0.3690306,5.6402458007109235,5.6402458007109235,TIME,24.0
BEL/USDT,2026-08-16T12:00:00+00:00,2026-08-16T16:00:00+00:00,0.10710699999999998,0.11555988443999998,7.684108000000005,7.684108000000005,TARGET,4.0
BEL/USDT,2026-08-16T13:00:00+00:00,2026-08-16T16:00:00+00:00,0.10860849999999998,0.11717988281999998,7.684108000000003,7.684108000000004,TARGET,3.0
BEL/USDT,2026-08-16T14:00:00+00:00,2026-08-16T16:00:00+00:00,0.10970959999999999,0.11836788163199999,7.684107999999999,7.684107999999999,TARGET,2.0
PORTAL/USDT,2026-08-16T15:00:00+00:00,2026-08-16T16:00:00+00:00,0.013373359999999999,0.0144287855712,7.684108000000009,7.684108000000009,TARGET,1.0
WLD/USDT,2026-08-15T17:00:00+00:00,2026-08-16T17:00:00+00:00,0.35004969999999996,0.3617379,3.1356725630674838,3.135672563067484,TIME,24.0
BEL/USDT,2026-08-16T16:00:00+00:00,2026-08-16T18:00:00+00:00,0.11131119999999999,0.12009587990399999,7.684108000000005,7.684108000000005,TARGET,2.0
ALPINE/USDT,2026-08-15T20:00:00+00:00,2026-08-16T20:00:00+00:00,0.32032,0.316683,-1.3342916458541465,-1.3342916458541465,TIME,24.0
PLUME/USDT,2026-08-16T14:00:00+00:00,2026-08-16T21:00:00+00:00,0.013343329999999999,0.012796787203199997,-4.291904000000012,-4.291904000000012,STOP,7.0
PLUME/USDT,2026-08-16T16:00:00+00:00,2026-08-16T21:00:00+00:00,0.013423409999999998,0.012873587126399999,-4.291903999999998,-4.291903999999998,STOP,5.0
PORTAL/USDT,2026-08-16T21:00:00+00:00,2026-08-16T22:00:00+00:00,0.01719718,0.0185543814456,7.684108000000003,7.684108000000004,TARGET,1.0
ONG/USDT,2026-08-16T16:00:00+00:00,2026-08-17T01:00:00+00:00,0.05311306,0.0573047426952,7.684108000000009,7.684108000000009,TARGET,9.0
BEL/USDT,2026-08-16T20:00:00+00:00,2026-08-17T02:00:00+00:00,0.11161149999999999,0.10703989295999998,-4.291904000000008,-4.291904000000008,STOP,6.0
GPS/USDT,2026-08-17T01:00:00+00:00,2026-08-17T03:00:00+00:00,0.011961949999999999,0.012905987094,7.684108000000006,7.684108000000006,TARGET,2.0
SNXXB/USDT,2026-08-16T18:00:00+00:00,2026-08-17T05:00:00+00:00,16.68667,18.003581996399998,7.68410799999999,7.684107999999991,TARGET,11.0
MUBARAK/USDT,2026-08-17T05:00:00+00:00,2026-08-17T07:00:00+00:00,0.018108089999999997,0.0173663826336,-4.291903999999991,-4.291903999999991,STOP,2.0
PLUME/USDT,2026-08-17T03:00:00+00:00,2026-08-17T08:00:00+00:00,0.013043029999999999,0.0125087874912,-4.291903999999995,-4.291903999999995,STOP,5.0
CHIP/USDT,2026-08-17T07:00:00+00:00,2026-08-17T08:00:00+00:00,0.03256253,0.0312287687712,-4.291903999999997,-4.291903999999997,STOP,1.0
RARE/USDT,2026-08-16T21:00:00+00:00,2026-08-17T09:00:00+00:00,0.012182169999999999,0.0131435868564,7.684108000000009,7.684108000000009,TARGET,12.0
RLUSD/USDT,2026-08-16T12:00:00+00:00,2026-08-17T12:00:00+00:00,1.0022012,1.0001988000000002,-0.3996003996003845,-0.3996003996003845,TIME,24.0
KORUB/USDT,2026-08-17T02:00:00+00:00,2026-08-17T13:00:00+00:00,22.262239999999995,24.019175980799996,7.68410800000001,7.68410800000001,TARGET,11.0
GPS/USDT,2026-08-17T12:00:00+00:00,2026-08-17T13:00:00+00:00,0.015555539999999998,0.014918385081599997,-4.291904000000007,-4.291904000000007,STOP,1.0
SNDKB/USDT,2026-08-16T16:00:00+00:00,2026-08-17T14:00:00+00:00,1664.2425799999996,1795.5846044135997,7.684108000000005,7.684108000000005,TARGET,22.0
WLD/USDT,2026-08-16T15:00:00+00:00,2026-08-17T15:00:00+00:00,0.35885849999999997,0.36033930000000003,0.21222910980234827,0.21222910980234827,TIME,24.0
EUR/USDT,2026-08-16T16:00:00+00:00,2026-08-17T16:00:00+00:00,1.1586575,1.1587401,-0.19287818876587398,-0.19287818876587398,TIME,24.0
CHIP/USDT,2026-08-17T08:00:00+00:00,2026-08-17T16:00:00+00:00,0.029959929999999996,0.028732771267199995,-4.291904000000001,-4.291904000000001,STOP,8.0
WLD/USDT,2026-08-16T17:00:00+00:00,2026-08-17T17:00:00+00:00,0.36246209999999995,0.3545451,-2.382044136476601,-2.382044136476601,TIME,24.0
HEMI/USDT,2026-08-17T15:00:00+00:00,2026-08-17T17:00:00+00:00,0.006896889999999999,0.0074411925587999994,7.684108000000005,7.684108000000005,TARGET,2.0
HEMI/USDT,2026-08-17T16:00:00+00:00,2026-08-17T17:00:00+00:00,0.007177169999999999,0.0068831931167999995,-4.291903999999996,-4.291903999999996,STOP,1.0
POL/USDT,2026-08-17T08:00:00+00:00,2026-08-17T18:00:00+00:00,0.0758758,0.081863918136,7.684108000000006,7.684108000000006,TARGET,10.0
POL/USDT,2026-08-17T09:00:00+00:00,2026-08-17T18:00:00+00:00,0.07599592,0.08199351800639999,7.684107999999998,7.6841079999999975,TARGET,9.0
HEMI/USDT,2026-08-17T14:00:00+00:00,2026-08-17T18:00:00+00:00,0.00692692,0.007473592526399999,7.6841079999999975,7.6841079999999975,TARGET,4.0
BMT/USDT,2026-08-17T17:00:00+00:00,2026-08-17T18:00:00+00:00,0.016666649999999998,0.015983984016,-4.291903999999991,-4.291903999999991,STOP,1.0
EDEN/USDT,2026-08-17T17:00:00+00:00,2026-08-17T19:00:00+00:00,0.05080075,0.04871995127999999,-4.291904000000011,-4.291904000000011,STOP,2.0
TUT/USDT,2026-08-17T18:00:00+00:00,2026-08-17T19:00:00+00:00,0.046146099999999995,0.04425595574399999,-4.291904000000005,-4.291904000000005,STOP,1.0
HEMI/USDT,2026-08-17T17:00:00+00:00,2026-08-17T20:00:00+00:00,0.00725725,0.006959993039999999,-4.291904000000008,-4.291904000000008,STOP,3.0
EDEN/USDT,2026-08-17T18:00:00+00:00,2026-08-17T20:00:00+00:00,0.04994989999999999,0.04790395209599999,-4.291903999999999,-4.291903999999999,STOP,2.0
HEMI/USDT,2026-08-17T18:00:00+00:00,2026-08-17T20:00:00+00:00,0.00725725,0.006959993039999999,-4.291904000000008,-4.291904000000008,STOP,2.0
HEMI/USDT,2026-08-17T19:00:00+00:00,2026-08-17T20:00:00+00:00,0.007137129999999999,0.006844793155199999,-4.291904000000009,-4.291904000000009,STOP,1.0
EUR/USDT,2026-08-16T22:00:00+00:00,2026-08-17T22:00:00+00:00,1.1594583,1.1578410000000001,-0.33934806452288385,-0.33934806452288385,TIME,24.0
BMT/USDT,2026-08-17T18:00:00+00:00,2026-08-17T22:00:00+00:00,0.016066049999999995,0.017333982665999996,7.68410800000001,7.68410800000001,TARGET,4.0
SNXXB/USDT,2026-08-17T22:00:00+00:00,2026-08-18T01:00:00+00:00,19.6196,18.815981183999998,-4.291904000000001,-4.291904000000001,STOP,3.0
SNDKB/USDT,2026-08-17T13:00:00+00:00,2026-08-18T03:00:00+00:00,1782.0702899999997,1709.0766909215995,-4.2919040000000095,-4.2919040000000095,STOP,14.0
OPN/USDT,2026-08-17T22:00:00+00:00,2026-08-18T04:00:00+00:00,0.052452399999999996,0.056591943408,7.68410800000001,7.68410800000001,TARGET,6.0
EDEN/USDT,2026-08-18T03:00:00+00:00,2026-08-18T04:00:00+00:00,0.05127122,0.0491711508288,-4.291904000000002,-4.291904000000002,STOP,1.0
EDEN/USDT,2026-08-18T04:00:00+00:00,2026-08-18T05:00:00+00:00,0.04875871,0.0526067473932,7.684108000000013,7.6841080000000135,TARGET,1.0
OPN/USDT,2026-08-17T20:00:00+00:00,2026-08-18T06:00:00+00:00,0.05275269999999999,0.056915943084,7.684108000000013,7.6841080000000135,TARGET,10.0
EDEN/USDT,2026-08-18T05:00:00+00:00,2026-08-18T07:00:00+00:00,0.051101049999999995,0.055133944866,7.684108000000007,7.684108000000007,TARGET,2.0
ACE/USDT,2026-08-18T06:00:00+00:00,2026-08-18T07:00:00+00:00,0.1963962,0.188351811648,-4.291903999999999,-4.291903999999999,STOP,1.0
ACE/USDT,2026-08-18T07:00:00+00:00,2026-08-18T08:00:00+00:00,0.19119099999999997,0.18335981663999995,-4.291904000000011,-4.291904000000011,STOP,1.0
DEXE/USDT,2026-08-17T20:00:00+00:00,2026-08-18T10:00:00+00:00,1.9719699999999998,1.8911981087999998,-4.291903999999997,-4.291903999999997,STOP,14.0
HEMI/USDT,2026-08-18T08:00:00+00:00,2026-08-18T10:00:00+00:00,0.007017009999999999,0.006729593270399998,-4.2919040000000095,-4.2919040000000095,STOP,2.0
CHIP/USDT,2026-08-18T07:00:00+00:00,2026-08-18T12:00:00+00:00,0.029069039999999997,0.0278783721216,-4.2919039999999935,-4.2919039999999935,STOP,5.0
CRCLB/USDT,2026-08-17T13:00:00+00:00,2026-08-18T13:00:00+00:00,74.29422,72.30762,-2.8712890989366278,-2.8712890989366278,TIME,24.0
ONG/USDT,2026-08-18T01:00:00+00:00,2026-08-18T14:00:00+00:00,0.058108049999999994,0.05572794427199999,-4.291904000000002,-4.291904000000002,STOP,13.0
ACE/USDT,2026-08-18T12:00:00+00:00,2026-08-18T14:00:00+00:00,0.21641619999999998,0.23349576650399997,7.684108000000001,7.684108,TARGET,2.0
PAXG/USDT,2026-08-17T16:00:00+00:00,2026-08-18T16:00:00+00:00,4422.55814,4361.24439,-1.585000135916817,-1.5850001359168169,TIME,24.0
POL/USDT,2026-08-17T19:00:00+00:00,2026-08-18T17:00:00+00:00,0.08010001999999998,0.07681912318079999,-4.29190399999999,-4.29190399999999,STOP,22.0
POL/USDT,2026-08-17T20:00:00+00:00,2026-08-18T17:00:00+00:00,0.08068059999999999,0.07737592262399999,-4.2919040000000015,-4.2919040000000015,STOP,21.0
POL/USDT,2026-08-18T10:00:00+00:00,2026-08-18T17:00:00+00:00,0.08075067,0.07744312255679998,-4.291904000000015,-4.291904000000015,STOP,7.0
ACE/USDT,2026-08-18T13:00:00+00:00,2026-08-18T17:00:00+00:00,0.22402379999999997,0.21484778515199998,-4.291903999999994,-4.291903999999994,STOP,4.0
ONG/USDT,2026-08-18T04:00:00+00:00,2026-08-18T18:00:00+00:00,0.057217159999999996,0.05487354512639999,-4.2919040000000095,-4.2919040000000095,STOP,14.0
GPS/USDT,2026-08-18T10:00:00+00:00,2026-08-18T18:00:00+00:00,0.017297279999999998,0.0186623813376,7.684108000000005,7.684108000000005,TARGET,8.0
EDEN/USDT,2026-08-18T17:00:00+00:00,2026-08-18T19:00:00+00:00,0.05490485,0.052655947344,-4.291904000000002,-4.291904000000002,STOP,2.0
ZEC/USDT,2026-08-17T20:00:00+00:00,2026-08-18T20:00:00+00:00,518.6781599999999,507.20229,-2.4103097863229737,-2.4103097863229737,TIME,24.0
PUMP/USDT,2026-08-18T19:00:00+00:00,2026-08-18T23:00:00+00:00,0.0028528499999999997,0.0030779969219999997,7.684108000000004,7.684108000000004,TARGET,4.0
GPS/USDT,2026-08-18T18:00:00+00:00,2026-08-19T01:00:00+00:00,0.01836835,0.017615982383999997,-4.291904000000007,-4.291904000000007,STOP,7.0
GPS/USDT,2026-08-18T23:00:00+00:00,2026-08-19T01:00:00+00:00,0.018498479999999998,0.017740782259199995,-4.291904000000015,-4.291904000000015,STOP,2.0
ONG/USDT,2026-08-18T20:00:00+00:00,2026-08-19T05:00:00+00:00,0.05720714999999999,0.061721938277999995,7.684108000000009,7.684108000000009,TARGET,9.0
ONG/USDT,2026-08-19T01:00:00+00:00,2026-08-19T07:00:00+00:00,0.05799793999999999,0.06257513742479999,7.684108,7.684108,TARGET,6.0
MUBARAK/USDT,2026-08-19T01:00:00+00:00,2026-08-19T09:00:00+00:00,0.017317299999999997,0.018683981315999996,7.684107999999993,7.684107999999994,TARGET,8.0
MUBARAK/USDT,2026-08-19T07:00:00+00:00,2026-08-19T10:00:00+00:00,0.017867849999999998,0.019277980721999998,7.684108000000004,7.684108000000004,TARGET,3.0
ONG/USDT,2026-08-19T09:00:00+00:00,2026-08-19T11:00:00+00:00,0.06348342,0.060883139116799996,-4.291904000000004,-4.291904000000004,STOP,2.0
SPCXB/USDT,2026-08-18T16:00:00+00:00,2026-08-19T13:00:00+00:00,146.15600999999998,140.16945983039997,-4.291904000000005,-4.291904000000005,STOP,21.0
SPCXB/USDT,2026-08-18T17:00:00+00:00,2026-08-19T13:00:00+00:00,144.63449,138.7102612896,-4.291904000000001,-4.291904000000001,STOP,20.0
SOL/USDT,2026-08-18T14:00:00+00:00,2026-08-19T14:00:00+00:00,76.87679999999999,80.80911,4.909965152035486,4.909965152035486,TIME,24.0
BTC/USDT,2026-08-18T14:00:00+00:00,2026-08-19T14:00:00+00:00,64778.87416,65857.28679000001,1.463095000245082,1.463095000245082,TIME,24.0
EDEN/USDT,2026-08-19T11:00:00+00:00,2026-08-19T14:00:00+00:00,0.05606600999999999,0.060490739509199996,7.684108000000008,7.684108000000007,TARGET,3.0
EDEN/USDT,2026-08-19T13:00:00+00:00,2026-08-19T14:00:00+00:00,0.056426369999999997,0.0608795391204,7.684108000000005,7.684108000000005,TARGET,1.0
TREE/USDT,2026-08-19T13:00:00+00:00,2026-08-19T14:00:00+00:00,0.0347347,0.037475962524000005,7.684108000000013,7.6841080000000135,TARGET,1.0
EDEN/USDT,2026-08-19T14:00:00+00:00,2026-08-19T15:00:00+00:00,0.05973967999999999,0.05729274270719999,-4.291904000000005,-4.291904000000005,STOP,1.0
POL/USDT,2026-08-18T17:00:00+00:00,2026-08-19T17:00:00+00:00,0.0826826,0.08048943,-2.8498644575763152,-2.8498644575763152,TIME,24.0
TRX/USDT,2026-08-18T17:00:00+00:00,2026-08-19T17:00:00+00:00,0.3341337999999999,0.3323673,-0.728151746396189,-0.728151746396189,TIME,24.0
POL/USDT,2026-08-18T18:00:00+00:00,2026-08-19T18:00:00+00:00,0.08247238999999999,0.08053938,-2.541482998128221,-2.541482998128221,TIME,24.0
TRUMP/USDT,2026-08-19T14:00:00+00:00,2026-08-19T20:00:00+00:00,1.4254239999999998,1.5379184620799997,7.684107999999996,7.684107999999995,TARGET,6.0
ENA/USDT,2026-08-19T14:00:00+00:00,2026-08-19T21:00:00+00:00,0.08638629999999999,0.09320390679599999,7.684108000000009,7.684108000000009,TARGET,7.0
RED/USDT,2026-08-19T17:00:00+00:00,2026-08-20T04:00:00+00:00,0.09619609999999999,0.103787896212,7.684108000000014,7.684108000000014,TARGET,11.0
ONG/USDT,2026-08-19T05:00:00+00:00,2026-08-20T05:00:00+00:00,0.060530469999999996,0.06214779,2.4692386165182683,2.4692386165182683,TIME,24.0
WLFI/USDT,2026-08-19T17:00:00+00:00,2026-08-20T07:00:00+00:00,0.06156149999999999,0.05903994095999999,-4.291904000000005,-4.291904000000005,STOP,14.0
GIGGLE/USDT,2026-08-19T18:00:00+00:00,2026-08-20T07:00:00+00:00,34.25422,32.851167148799995,-4.291904000000005,-4.291904000000005,STOP,13.0
DOT/USDT,2026-08-19T10:00:00+00:00,2026-08-20T10:00:00+00:00,0.7767759999999999,0.8081910000000001,3.840236181344454,3.8402361813444545,TIME,24.0
CHIP/USDT,2026-08-19T14:00:00+00:00,2026-08-20T11:00:00+00:00,0.02836834,0.0306071693928,7.684108000000008,7.684108000000007,TARGET,21.0
PUMP/USDT,2026-08-20T04:00:00+00:00,2026-08-20T13:00:00+00:00,0.003229226,0.0034840765159200003,7.684108000000012,7.684108000000012,TARGET,9.0
BEL/USDT,2026-08-19T14:00:00+00:00,2026-08-20T14:00:00+00:00,0.10750739999999999,0.1104894,2.570988787748576,2.570988787748576,TIME,24.0
GIGGLE/USDT,2026-08-19T15:00:00+00:00,2026-08-20T15:00:00+00:00,33.84381,34.79517,2.6082199965074886,2.6082199965074886,TIME,24.0
ACE/USDT,2026-08-20T14:00:00+00:00,2026-08-20T15:00:00+00:00,0.2508506,0.270647729352,7.6841080000000055,7.684108000000006,TARGET,1.0
XPL/USDT,2026-08-20T08:00:00+00:00,2026-08-20T16:00:00+00:00,0.08327319,0.08984511015480001,7.68410800000002,7.68410800000002,TARGET,8.0
ENA/USDT,2026-08-20T08:00:00+00:00,2026-08-20T17:00:00+00:00,0.09709699999999999,0.10475989524,7.684108000000011,7.68410800000001,TARGET,9.0
ZEC/USDT,2026-08-20T16:00:00+00:00,2026-08-20T18:00:00+00:00,588.6280399999999,564.5178354816,-4.291904,-4.291904,STOP,2.0
BEL/USDT,2026-08-19T20:00:00+00:00,2026-08-20T20:00:00+00:00,0.10960949999999998,0.1135863,3.4245245165793268,3.4245245165793268,TIME,24.0
RE/USDT,2026-08-20T17:00:00+00:00,2026-08-20T20:00:00+00:00,0.521521,0.50015949984,-4.291904000000009,-4.291904000000009,STOP,3.0
BEL/USDT,2026-08-19T21:00:00+00:00,2026-08-20T21:00:00+00:00,0.10940929999999999,0.1134864,3.522739200415334,3.522739200415334,TIME,24.0
ADA/USDT,2026-08-20T08:00:00+00:00,2026-08-21T00:00:00+00:00,0.1899898,0.204983795016,7.68410800000001,7.68410800000001,TARGET,16.0
ADA/USDT,2026-08-20T10:00:00+00:00,2026-08-21T00:00:00+00:00,0.19039019999999998,0.205415794584,7.684108000000012,7.684108000000012,TARGET,14.0
PENGU/USDT,2026-08-20T13:00:00+00:00,2026-08-21T07:00:00+00:00,0.007023015999999999,0.007577272422719999,7.684108000000001,7.684108,TARGET,18.0
NEAR/USDT,2026-08-20T22:00:00+00:00,2026-08-21T07:00:00+00:00,1.7767749999999998,1.916998083,7.684108000000013,7.6841080000000135,TARGET,9.0
ONDO/USDT,2026-08-20T11:00:00+00:00,2026-08-21T08:00:00+00:00,0.35375339999999994,0.38167161832799995,7.684108000000005,7.684108000000005,TARGET,21.0
AAVE/USDT,2026-08-20T23:00:00+00:00,2026-08-21T08:00:00+00:00,99.2992,107.13589286400001,7.684108000000015,7.684108000000016,TARGET,9.0
TRUMP/USDT,2026-08-21T08:00:00+00:00,2026-08-21T09:00:00+00:00,1.78178,1.7087982912,-4.291903999999999,-4.291903999999999,STOP,1.0
WLD/USDT,2026-08-21T00:00:00+00:00,2026-08-21T11:00:00+00:00,0.3742739,0.403811596188,7.684108000000002,7.684108000000002,TARGET,11.0
TRUMP/USDT,2026-08-21T07:00:00+00:00,2026-08-21T12:00:00+00:00,1.7257239999999998,1.8619181380799998,7.684108000000004,7.684108000000004,TARGET,5.0
TAO/USDT,2026-08-20T23:00:00+00:00,2026-08-21T14:00:00+00:00,215.11489999999998,232.09176790799998,7.684108000000003,7.684108000000004,TARGET,15.0
PAXG/USDT,2026-08-20T15:00:00+00:00,2026-08-21T15:00:00+00:00,4515.290779999999,4598.16723,1.6336266164014506,1.6336266164014506,TIME,24.0
XAUT/USDT,2026-08-20T15:00:00+00:00,2026-08-21T15:00:00+00:00,4507.85335,4586.99841,1.5539593416453934,1.5539593416453934,TIME,24.0
LTC/USDT,2026-08-20T18:00:00+00:00,2026-08-21T15:00:00+00:00,48.07803,51.8723481276,7.684108000000001,7.684108,TARGET,21.0
PYTH/USDT,2026-08-21T08:00:00+00:00,2026-08-21T17:00:00+00:00,0.049149099999999994,0.04713595286399999,-4.291904000000006,-4.291904000000006,STOP,9.0
DOGE/USDT,2026-08-21T00:00:00+00:00,2026-08-21T21:00:00+00:00,0.08138129999999999,0.08780391219599999,7.684108000000005,7.684108000000005,TARGET,21.0
DOGE/USDT,2026-08-21T09:00:00+00:00,2026-08-21T21:00:00+00:00,0.08458449999999999,0.09125990874,7.684108000000018,7.684108000000017,TARGET,12.0
WLD/USDT,2026-08-21T07:00:00+00:00,2026-08-21T22:00:00+00:00,0.37937899999999997,0.40931959068,7.6841080000000135,7.6841080000000135,TARGET,15.0
PEPE/USDT,2026-08-21T19:00:00+00:00,2026-08-21T22:00:00+00:00,3.8037999999999995e-06,4.1039958959999995e-06,7.684108000000003,7.684108000000004,TARGET,3.0
DOGE/USDT,2026-08-21T20:00:00+00:00,2026-08-21T22:00:00+00:00,0.08743734999999998,0.094337905662,7.684108000000016,7.684108000000016,TARGET,2.0
XRP/USDT,2026-08-21T22:00:00+00:00,2026-08-22T03:00:00+00:00,1.446445,1.5605984394,7.684108000000009,7.684108000000009,TARGET,5.0
HBAR/USDT,2026-08-21T21:00:00+00:00,2026-08-22T04:00:00+00:00,0.07929921999999999,0.08555751444239999,7.684108000000006,7.684108000000006,TARGET,7.0
SOL/USDT,2026-08-21T21:00:00+00:00,2026-08-22T04:00:00+00:00,93.83373999999998,101.23909876079998,7.684108000000002,7.684108000000002,TARGET,7.0
NEAR/USDT,2026-08-21T21:00:00+00:00,2026-08-22T04:00:00+00:00,1.9649629999999998,2.12003787996,7.684108000000008,7.684108000000007,TARGET,7.0
HBAR/USDT,2026-08-21T22:00:00+00:00,2026-08-22T04:00:00+00:00,0.07983975999999998,0.08614071385919998,7.684108000000004,7.684108000000004,TARGET,6.0
HBAR/USDT,2026-08-21T23:00:00+00:00,2026-08-22T04:00:00+00:00,0.07988980999999999,0.0861947138052,7.684108000000007,7.684108000000007,TARGET,5.0
NEAR/USDT,2026-08-21T23:00:00+00:00,2026-08-22T04:00:00+00:00,1.9699679999999997,2.1254378745599998,7.684108000000005,7.684108000000005,TARGET,5.0
AVAX/USDT,2026-08-21T21:00:00+00:00,2026-08-22T05:00:00+00:00,7.780772999999999,7.462072537919999,-4.291903999999997,-4.291903999999997,STOP,8.0
AVAX/USDT,2026-08-21T22:00:00+00:00,2026-08-22T05:00:00+00:00,7.8698619999999995,7.547512452479999,-4.291904000000011,-4.291904000000011,STOP,7.0
ONDO/USDT,2026-08-21T23:00:00+00:00,2026-08-22T05:00:00+00:00,0.39719679999999996,0.38092761907199996,-4.291904000000001,-4.291904000000001,STOP,6.0
WLFI/USDT,2026-08-22T03:00:00+00:00,2026-08-22T05:00:00+00:00,0.0655655,0.06287993711999999,-4.291904000000009,-4.291904000000009,STOP,2.0
TUT/USDT,2026-08-22T13:00:00+00:00,2026-08-22T14:00:00+00:00,0.04525521,0.0434015565984,-4.291904,-4.291904,STOP,1.0
TUT/USDT,2026-08-22T14:00:00+00:00,2026-08-22T17:00:00+00:00,0.044194149999999995,0.047681952317999994,7.684108,7.684108,TARGET,3.0
TUT/USDT,2026-08-22T15:00:00+00:00,2026-08-22T17:00:00+00:00,0.044354309999999994,0.0478547521452,7.684108000000012,7.684108000000012,TARGET,2.0
TUT/USDT,2026-08-22T16:00:00+00:00,2026-08-22T17:00:00+00:00,0.045385339999999996,0.0489671510328,7.684108000000008,7.684108000000007,TARGET,1.0
PUMP/USDT,2026-08-22T14:00:00+00:00,2026-08-22T22:00:00+00:00,0.004732728,0.005106234893760001,7.684108000000021,7.68410800000002,TARGET,8.0
PEPE/USDT,2026-08-22T16:00:00+00:00,2026-08-23T04:00:00+00:00,4.114109999999999e-06,3.9455960544e-06,-4.291903999999986,-4.291903999999986,STOP,12.0
NEAR/USDT,2026-08-24T00:00:00+00:00,2026-08-24T01:00:00+00:00,2.047045,1.9631980367999997,-4.291904000000003,-4.291904000000003,STOP,1.0
MORPHO/USDT,2026-08-24T00:00:00+00:00,2026-08-24T02:00:00+00:00,2.7797769999999997,2.6659173340799995,-4.291904000000007,-4.291904000000007,STOP,2.0
SUI/USDT,2026-08-24T00:00:00+00:00,2026-08-24T07:00:00+00:00,0.8456447999999999,0.8110071889919999,-4.291904000000001,-4.291904000000001,STOP,7.0
NEAR/USDT,2026-08-23T23:00:00+00:00,2026-08-24T08:00:00+00:00,2.018016,1.9353580646399997,-4.291904000000005,-4.291904000000005,STOP,9.0
ETHFI/USDT,2026-08-24T02:00:00+00:00,2026-08-24T11:00:00+00:00,0.6393386999999999,0.613151386848,-4.2919039999999935,-4.2919039999999935,STOP,9.0
PYTH/USDT,2026-08-24T07:00:00+00:00,2026-08-24T13:00:00+00:00,0.05168163,0.0495647504352,-4.291904000000001,-4.291904000000001,STOP,6.0
RE/USDT,2026-08-24T08:00:00+00:00,2026-08-24T14:00:00+00:00,0.5621615999999999,0.539135460864,-4.291903999999988,-4.291903999999988,STOP,6.0
HBAR/USDT,2026-08-23T23:00:00+00:00,2026-08-24T23:00:00+00:00,0.07988980999999999,0.07920072,-1.0616880050158957,-1.0616880050158957,TIME,24.0
PAXG/USDT,2026-08-24T00:00:00+00:00,2026-08-25T00:00:00+00:00,4617.2126,4673.61171,1.0202754295957757,1.0202754295957757,TIME,24.0
XAUT/USDT,2026-08-24T00:00:00+00:00,2026-08-25T00:00:00+00:00,4606.82222,4663.39194,1.0267273964828714,1.0267273964828714,TIME,24.0
XAUT/USDT,2026-08-24T01:00:00+00:00,2026-08-25T01:00:00+00:00,4614.90029,4637.078280000001,0.2800929731463613,0.2800929731463613,TIME,24.0
ASTER/USDT,2026-08-24T02:00:00+00:00,2026-08-25T02:00:00+00:00,0.6926919999999999,0.697302,0.4648539321949893,0.4648539321949893,TIME,24.0
XAUT/USDT,2026-08-24T02:00:00+00:00,2026-08-25T02:00:00+00:00,4626.8422199999995,4608.46692,-0.5967484480160142,-0.5967484480160142,TIME,24.0
ETHFI/USDT,2026-08-24T03:00:00+00:00,2026-08-25T03:00:00+00:00,0.6324318,0.606527393472,-4.291903999999995,-4.291903999999995,STOP,24.0
PENGU/USDT,2026-08-25T00:00:00+00:00,2026-08-25T11:00:00+00:00,0.010059048999999999,0.009647030352959999,-4.291903999999999,-4.291903999999999,STOP,11.0
PEPE/USDT,2026-08-25T00:00:00+00:00,2026-08-25T13:00:00+00:00,4.1341299999999995e-06,3.9647960351999996e-06,-4.291903999999998,-4.291903999999998,STOP,13.0
XRP/USDT,2026-08-25T00:00:00+00:00,2026-08-25T13:00:00+00:00,1.5088073,1.4470065529919998,-4.291904000000013,-4.291904000000013,STOP,13.0
ASTER/USDT,2026-08-25T00:00:00+00:00,2026-08-26T00:00:00+00:00,0.7047039999999999,0.7032959999999999,-0.39960039960039473,-0.39960039960039473,TIME,24.0
PROM/USDT,2026-08-26T01:00:00+00:00,2026-08-26T02:00:00+00:00,4.476472,4.29311570688,-4.291904000000002,-4.291904000000002,STOP,1.0
RE/USDT,2026-08-26T01:00:00+00:00,2026-08-26T07:00:00+00:00,0.5646641,0.541535458464,-4.291904000000005,-4.291904000000005,STOP,6.0
RE/USDT,2026-08-26T02:00:00+00:00,2026-08-26T07:00:00+00:00,0.5704698999999999,0.5471034528959998,-4.291904000000008,-4.291904000000008,STOP,5.0
STX/USDT,2026-08-26T02:00:00+00:00,2026-08-26T09:00:00+00:00,0.2815813,0.270047729952,-4.291903999999994,-4.291903999999994,STOP,7.0
PROM/USDT,2026-08-27T00:00:00+00:00,2026-08-27T02:00:00+00:00,4.383378999999999,4.203835796159998,-4.291904000000016,-4.291904000000016,STOP,2.0
PROM/USDT,2026-08-27T01:00:00+00:00,2026-08-27T02:00:00+00:00,4.607602999999999,4.418875581119999,-4.291904000000003,-4.291904000000003,STOP,1.0
ONT/USDT,2026-08-27T00:00:00+00:00,2026-08-27T03:00:00+00:00,0.06460453999999999,0.06195833804159999,-4.291903999999999,-4.291903999999999,STOP,3.0
PROM/USDT,2026-08-27T02:00:00+00:00,2026-08-27T06:00:00+00:00,4.2272229999999995,4.56083543916,7.68410800000001,7.68410800000001,TARGET,4.0
PROM/USDT,2026-08-27T03:00:00+00:00,2026-08-27T06:00:00+00:00,4.476472,4.829755170240001,7.684108000000022,7.684108000000023,TARGET,3.0
PROM/USDT,2026-08-27T06:00:00+00:00,2026-08-27T07:00:00+00:00,4.832828,4.63487536512,-4.291904,-4.291904,STOP,1.0
TAO/USDT,2026-08-27T01:00:00+00:00,2026-08-27T08:00:00+00:00,239.83959999999996,258.76774123199993,7.684107999999991,7.684107999999991,TARGET,7.0
TAO/USDT,2026-08-27T02:00:00+00:00,2026-08-27T08:00:00+00:00,240.74049999999997,259.73974025999996,7.684107999999999,7.684107999999999,TARGET,6.0
TUT/USDT,2026-08-27T06:00:00+00:00,2026-08-27T09:00:00+00:00,0.055555499999999994,0.05327994671999999,-4.291904000000003,-4.291904000000003,STOP,3.0
PROM/USDT,2026-08-27T07:00:00+00:00,2026-08-27T09:00:00+00:00,4.565561,4.378555621439999,-4.291904000000007,-4.291904000000007,STOP,2.0
ENA/USDT,2026-08-27T09:00:00+00:00,2026-08-27T10:00:00+00:00,0.1553552,0.148991851008,-4.291904000000001,-4.291904000000001,STOP,1.0
SOL/USDT,2026-08-27T00:00:00+00:00,2026-08-27T16:00:00+00:00,100.69058999999999,108.63709136279999,7.684108000000009,7.684108000000009,TARGET,16.0
SOL/USDT,2026-08-27T01:00:00+00:00,2026-08-27T19:00:00+00:00,101.55144999999999,109.56589043399998,7.684107999999996,7.684107999999995,TARGET,18.0
BMT/USDT,2026-08-27T09:00:00+00:00,2026-08-27T20:00:00+00:00,0.021521499999999995,0.023219976779999995,7.684108,7.684108,TARGET,11.0
BMT/USDT,2026-08-27T10:00:00+00:00,2026-08-27T20:00:00+00:00,0.021431409999999994,0.023122776877199998,7.684108000000018,7.684108000000017,TARGET,10.0
SOXLB/USDT,2026-08-27T00:00:00+00:00,2026-08-28T00:00:00+00:00,121.33120999999998,120.63924,-0.7697446106405628,-0.7697446106405628,TIME,24.0
WLD/USDT,2026-08-27T00:00:00+00:00,2026-08-28T00:00:00+00:00,0.40800759999999997,0.4123872,0.8723379662535795,0.8723379662535795,TIME,24.0
WLD/USDT,2026-08-27T01:00:00+00:00,2026-08-28T01:00:00+00:00,0.4086082,0.418581,2.238234768661031,2.238234768661031,TIME,24.0
UNI/USDT,2026-08-27T02:00:00+00:00,2026-08-28T01:00:00+00:00,4.409405,4.7573952425999995,7.684107999999999,7.684107999999999,TARGET,23.0
ONG/USDT,2026-08-28T00:00:00+00:00,2026-08-28T01:00:00+00:00,0.13377364,0.12829427170559998,-4.291904000000012,-4.291904000000012,STOP,1.0
TRUMP/USDT,2026-08-28T00:00:00+00:00,2026-08-28T01:00:00+00:00,2.6966939999999995,2.9095170904799996,7.684108000000007,7.684108000000007,TARGET,1.0
BMT/USDT,2026-08-27T22:00:00+00:00,2026-08-28T02:00:00+00:00,0.026266239999999996,0.025190374809599996,-4.291904000000001,-4.291904000000001,STOP,4.0
BMT/USDT,2026-08-27T23:00:00+00:00,2026-08-28T02:00:00+00:00,0.027067039999999997,0.025958374041599997,-4.291904,-4.291904,STOP,3.0
BMT/USDT,2026-08-28T00:00:00+00:00,2026-08-28T02:00:00+00:00,0.027026999999999995,0.025919974079999995,-4.291904000000003,-4.291904000000003,STOP,2.0
TRUMP/USDT,2026-08-28T01:00:00+00:00,2026-08-28T02:00:00+00:00,2.768766,2.6553573446399996,-4.291904000000008,-4.291904000000008,STOP,1.0
WLD/USDT,2026-08-28T01:00:00+00:00,2026-08-28T02:00:00+00:00,0.41941899999999993,0.40223959775999996,-4.291903999999994,-4.291903999999994,STOP,1.0
WLD/USDT,2026-08-27T16:00:00+00:00,2026-08-28T04:00:00+00:00,0.41831789999999996,0.4011835988159999,-4.291904000000014,-4.291904000000014,STOP,12.0
BNB/USDT,2026-08-27T08:00:00+00:00,2026-08-28T08:00:00+00:00,710.79008,704.66463,-1.0609186765802925,-1.0609186765802925,TIME,24.0
BTC/USDT,2026-08-27T08:00:00+00:00,2026-08-28T08:00:00+00:00,79835.74599,79437.26322,-0.6986291319678598,-0.6986291319678598,TIME,24.0
AAVE/USDT,2026-08-28T01:00:00+00:00,2026-08-28T10:00:00+00:00,129.20908,123.9166760832,-4.291903999999998,-4.291903999999998,STOP,9.0
PROM/USDT,2026-08-28T10:00:00+00:00,2026-08-28T11:00:00+00:00,5.361355999999999,5.141754858239999,-4.291904000000002,-4.291904000000002,STOP,1.0
CHIP/USDT,2026-08-28T10:00:00+00:00,2026-08-28T12:00:00+00:00,0.042522479999999994,0.0458783541216,7.684108000000007,7.684108000000007,TARGET,2.0
CHIP/USDT,2026-08-28T11:00:00+00:00,2026-08-28T12:00:00+00:00,0.04272268,0.0460943539056,7.684108000000009,7.684108000000009,TARGET,1.0
CHIP/USDT,2026-08-28T13:00:00+00:00,2026-08-28T15:00:00+00:00,0.04500496,0.04316155683839999,-4.29190400000001,-4.29190400000001,STOP,2.0
TRUMP/USDT,2026-08-28T14:00:00+00:00,2026-08-28T15:00:00+00:00,2.8378349999999997,2.7215972783999995,-4.291904000000004,-4.291904000000004,STOP,1.0
ETH/USDT,2026-08-28T13:00:00+00:00,2026-08-28T16:00:00+00:00,2511.67917,2408.8007911967998,-4.291904000000005,-4.291904000000005,STOP,3.0
LINK/USDT,2026-08-28T14:00:00+00:00,2026-08-28T16:00:00+00:00,11.850838999999999,11.365428634559999,-4.291904,-4.291904,STOP,2.0
HEMI/USDT,2026-08-28T15:00:00+00:00,2026-08-28T16:00:00+00:00,0.0128128,0.012287987711999999,-4.291904000000001,-4.291904000000001,STOP,1.0
ENA/USDT,2026-08-28T15:00:00+00:00,2026-08-28T16:00:00+00:00,0.16956939999999998,0.16262383737599997,-4.291904000000004,-4.291904000000004,STOP,1.0
HEMI/USDT,2026-08-28T16:00:00+00:00,2026-08-28T17:00:00+00:00,0.012612599999999998,0.012095987903999997,-4.291904000000008,-4.291904000000008,STOP,1.0
BNB/USDT,2026-08-28T01:00:00+00:00,2026-08-28T18:00:00+00:00,714.4937799999999,685.2281147711999,-4.291904000000001,-4.291904000000001,STOP,17.0
ENA/USDT,2026-08-28T16:00:00+00:00,2026-08-28T18:00:00+00:00,0.16586569999999998,0.15907184092799997,-4.2919040000000015,-4.2919040000000015,STOP,2.0
DEXE/USDT,2026-08-28T18:00:00+00:00,2026-08-28T19:00:00+00:00,2.320318,2.22527777472,-4.291904,-4.291904,STOP,1.0
ONG/USDT,2026-08-29T00:00:00+00:00,2026-08-29T02:00:00+00:00,0.11821809999999998,0.11337588662399997,-4.291904000000007,-4.291904000000007,STOP,2.0
CHIP/USDT,2026-08-29T01:00:00+00:00,2026-08-29T03:00:00+00:00,0.042552509999999995,0.04080955919039999,-4.291904000000012,-4.291904000000012,STOP,2.0
DEXE/USDT,2026-08-29T02:00:00+00:00,2026-08-29T04:00:00+00:00,2.529527,2.42591757408,-4.291903999999991,-4.291903999999991,STOP,2.0
PROM/USDT,2026-08-28T11:00:00+00:00,2026-08-29T05:00:00+00:00,5.0510459999999995,4.844155155839999,-4.291904000000002,-4.291904000000002,STOP,18.0
TRUMP/USDT,2026-08-29T03:00:00+00:00,2026-08-29T06:00:00+00:00,2.8428399999999994,2.7263972735999995,-4.291903999999995,-4.291903999999995,STOP,3.0
TRUMP/USDT,2026-08-29T04:00:00+00:00,2026-08-29T06:00:00+00:00,2.997995,2.8751971248,-4.291903999999995,-4.291903999999995,STOP,2.0
TRUMP/USDT,2026-08-29T05:00:00+00:00,2026-08-29T06:00:00+00:00,2.9449419999999997,2.8243171756799996,-4.291904000000003,-4.291904000000003,STOP,1.0
CHIP/USDT,2026-08-29T06:00:00+00:00,2026-08-29T07:00:00+00:00,0.04290286,0.0411455588544,-4.291904,-4.291904,STOP,1.0
ONG/USDT,2026-08-29T06:00:00+00:00,2026-08-29T08:00:00+00:00,0.11778766999999998,0.1270834729164,7.684108000000005,7.684108000000005,TARGET,2.0
ONG/USDT,2026-08-29T07:00:00+00:00,2026-08-29T10:00:00+00:00,0.12639626999999998,0.12121907878079997,-4.291904000000003,-4.291904000000003,STOP,3.0
ONG/USDT,2026-08-29T08:00:00+00:00,2026-08-29T10:00:00+00:00,0.12946934,0.12416627583359999,-4.291904000000001,-4.291904000000001,STOP,2.0
SPCXB/USDT,2026-08-28T13:00:00+00:00,2026-08-29T13:00:00+00:00,141.66152,140.4594,-1.0477375366295716,-1.0477375366295716,TIME,24.0
FDUSD/USDT,2026-08-28T13:00:00+00:00,2026-08-29T13:00:00+00:00,1.0002992999999998,0.9976014000000001,-0.4694395667376453,-0.4694395667376453,TIME,24.0
TRX/USDT,2026-08-28T13:00:00+00:00,2026-08-29T13:00:00+00:00,0.3417413999999999,0.3379617,-1.304905726961949,-1.304905726961949,TIME,24.0
SNDKB/USDT,2026-08-28T13:00:00+00:00,2026-08-29T13:00:00+00:00,1492.9414499999998,1487.48103,-0.5653833564604884,-0.5653833564604884,TIME,24.0
